record_kind,local_file,local_version,remote_versions,remote_names,classification,equivalence,local_sha256,remote_sha256,local_bytes,remote_bytes,evidence,note
local,20260109_fase1_seed_dados.sql,20260109,,,cli_ignora_timestamp_nao_canonico,nao_avaliada,8ad750aeb34dce42de92a1e9d87aa25cc529c9400073e1147bedc7debfa5216b,,5459,,nome fora do padrao <14-digitos>_nome.sql,
local,20260109_fase1_tabelas_mestras.sql,20260109,,,cli_ignora_timestamp_nao_canonico,nao_avaliada,a7e2dccd40c9ad0ad5c043b622808a47ede59096a7fd45cb82bf10f64b43dca1,,5506,,nome fora do padrao <14-digitos>_nome.sql,
local,20260109_fase2_tabela_alunos.sql,20260109,,,cli_ignora_timestamp_nao_canonico,nao_avaliada,2490de3b8daad923317f79032c5b7d1e5287848b71dae3a3275862dff4cd371b,,7058,,nome fora do padrao <14-digitos>_nome.sql,
local,20260120_create_simulacoes_metas.sql,20260120,,,cli_ignora_timestamp_nao_canonico,nao_avaliada,c8b2ef036920921ce1586029d1624a7326d9b40a27551991d01f87e1d3f10c69,,3151,,nome fora do padrao <14-digitos>_nome.sql,
local,20260123_add_duracao_minutos_turmas.sql,20260123,,,cli_ignora_timestamp_nao_canonico,nao_avaliada,fca5080d24ca353c06637671498feea4ead16e7a265f839634da6dd43bf3a26c,,686,,nome fora do padrao <14-digitos>_nome.sql,
local,20260123_add_horario_funcionamento_unidades.sql,20260123,,,cli_ignora_timestamp_nao_canonico,nao_avaliada,4183531286d6833b64752e3e8a32e317c62ebead421469a29cb696247851a467,,762,,nome fora do padrao <14-digitos>_nome.sql,
local,20260124_add_capacidade_maxima_cursos.sql,20260124,,,cli_ignora_timestamp_nao_canonico,nao_avaliada,e5c93741819510b154098346ddb8578e9ac43a8356c5b152226a81b3083d00be,,2225,,nome fora do padrao <14-digitos>_nome.sql,
local,20260124_professor_performance_tables.sql,20260124,,,cli_ignora_timestamp_nao_canonico,nao_avaliada,7c1d7c60d7615c2ba62bc97dbdec9d74ea6351642c55d9f4b98b4639569d203c,,11167,,nome fora do padrao <14-digitos>_nome.sql,
local,20260124_retencao_insights.sql,20260124,,,cli_ignora_timestamp_nao_canonico,nao_avaliada,e8ecaf8289ba58e3146469e44192a3a70b0f4777c695456a601bf739a75002d3,,8540,,nome fora do padrao <14-digitos>_nome.sql,
local,20260125_create_get_dados_comercial_ia.sql,20260125,,,cli_ignora_timestamp_nao_canonico,nao_avaliada,2848dfadd570a32e8306aad85ebadf3c58fdf5d79081b3bf81af71e093ddff37,,6449,,nome fora do padrao <14-digitos>_nome.sql,
local,20260126_add_farmers_e_matriculas_campos.sql,20260126,,,cli_ignora_timestamp_nao_canonico,nao_avaliada,932b05500be44acc950d5d43937e82032519bde2096a588f7b96ebff974eab1a,,2453,,nome fora do padrao <14-digitos>_nome.sql,
local,20260126_create_get_dados_relatorio_coordenacao.sql,20260126,,,cli_ignora_timestamp_nao_canonico,nao_avaliada,bd708e85e3da17db60f045ad172fbf97073ff7fe38be9302b730186c07625eca,,23382,,nome fora do padrao <14-digitos>_nome.sql,
local,20260126_update_get_dados_relatorio_gerencial_v2.sql,20260126,,,cli_ignora_timestamp_nao_canonico,nao_avaliada,a1623eae3c14371bf4aabc9c6aa4b74de591589ccd008124c222228ffd0cbc21,,13116,,nome fora do padrao <14-digitos>_nome.sql,
local,20260127_sync_movimentacoes_admin.sql,20260127,,,cli_ignora_timestamp_nao_canonico,nao_avaliada,8bba796d21a8ec77d13af224a5d5630e228988cd4bba2ee00519e7c6ee3a38ed,,5884,,nome fora do padrao <14-digitos>_nome.sql,
local,20260127_test_sync.sql,20260127,,,cli_ignora_timestamp_nao_canonico,nao_avaliada,b5dc8a53b49e35caf08368f1b3a53c9e5b411672468c027c6fdcea317e66d30f,,6220,,nome fora do padrao <14-digitos>_nome.sql,
local,20260128_create_projetos_tables.sql,20260128,,,cli_ignora_timestamp_nao_canonico,nao_avaliada,4a1de0fdcbdf76490222b78124cb25f357c215bd94284de001fb9b22fb11abec,,11806,,nome fora do padrao <14-digitos>_nome.sql,
local,20260129_add_telefone_usuarios.sql,20260129,,,cli_ignora_timestamp_nao_canonico,nao_avaliada,bcb74abac9dcde68c0d45b974c6e9025829fff4fa44d53a0304dd9cbafb5001f,,483,,nome fora do padrao <14-digitos>_nome.sql,
local,20260129_create_notificacao_tables.sql,20260129,,,cli_ignora_timestamp_nao_canonico,nao_avaliada,dd5072b19c5e070c792e2cefbcbc99f63c0730abd0c7a0b7a43bb676bac980d9,,3697,,nome fora do padrao <14-digitos>_nome.sql,
local,20260201_add_videos_renovacao_criterio.sql,20260201,,,cli_ignora_timestamp_nao_canonico,nao_avaliada,8a24850f961eea30d46f199b0f5862f624fc021b27b0e7bc8dc5e871b7486281,,1048,,nome fora do padrao <14-digitos>_nome.sql,
local,20260201223000_programa_matriculador_tabelas.sql,20260201223000,20260201225123,programa_matriculador_tabelas,versao_divergente_conteudo_divergente,nao_equivalente_textualmente,f9ed2e6527327646bf54cbd822fba84ae63393217eb5f7a7c0858b08d1ddb776,502a274d39de89ad5f250f8b0839f5c2ae8da01ed76a2e83160f9f0a77e3e963,15551,2778,match por nome logico; SHA-256 diferente,
local,20260201230000_programa_fideliza_tabelas.sql,20260201230000,,,sem_par_remoto,sem_evidencia,cde59fe23fef198191c3adc72c3f5bffc638b5aa2cd11c92006c7cfcd518d9c6,,20099,,"sem match por versao, SHA-256 ou nome logico",
local,20260202_add_limite_minutos_atraso.sql,20260202,,,cli_ignora_timestamp_nao_canonico,nao_avaliada,1c9f131a605f506a7ada7cc7ba99ae2a2b18f87bc9a62353bcf1887467d5f0d7,,654,,nome fora do padrao <14-digitos>_nome.sql,
local,20260202_lojinha_tabelas.sql,20260202,,,cli_ignora_timestamp_nao_canonico,nao_avaliada,bfe46bb4107b0dab94a879f8463aff94acb8cd25f72e96c4d0f5b06bfa653c89,,17841,,nome fora do padrao <14-digitos>_nome.sql,
local,20260202_ocorrencias_crud_logs.sql,20260202,,,cli_ignora_timestamp_nao_canonico,nao_avaliada,d8105cf68d660f8f360c68aba951d454395521c490da777d8c01780642f883be,,9950,,nome fora do padrao <14-digitos>_nome.sql,
local,20260207_unificar_leads.sql,20260207,,,cli_ignora_timestamp_nao_canonico,nao_avaliada,de7beb8d2ae2eda82a7357895f8c8457a5e4096c0256795d1cb148b57206b661,,36064,,nome fora do padrao <14-digitos>_nome.sql,
local,20260213_add_whatsapp_consultor.sql,20260213,,,cli_ignora_timestamp_nao_canonico,nao_avaliada,bf5ae2a1916fc155b59e3a766d09067b42793c181f59dd0d83a943d992978615,,387,,nome fora do padrao <14-digitos>_nome.sql,
local,20260213_crm_conversas_mensagens.sql,20260213,,,cli_ignora_timestamp_nao_canonico,nao_avaliada,fa44d6728a945157ccc93daf9e7c6bbc8922c1073550342534ef3f1ae7a1d2cd,,6081,,nome fora do padrao <14-digitos>_nome.sql,
local,20260213_crm_storage_midia.sql,20260213,,,cli_ignora_timestamp_nao_canonico,nao_avaliada,0c92e6911546c4ee7cd1e8d63a8c969cb023d48804ab60af3f2fb027f1d4d1f6,,1864,,nome fora do padrao <14-digitos>_nome.sql,
local,20260213_crm_triggers_e_rpcs.sql,20260213,,,cli_ignora_timestamp_nao_canonico,nao_avaliada,766c777c3b85b7a5a36e0cdac09b34187cc640e7eb0863d43f510436f6d12b55,,7040,,nome fora do padrao <14-digitos>_nome.sql,
local,20260213_mila_agente_seed_cg.sql,20260213,,,cli_ignora_timestamp_nao_canonico,nao_avaliada,4e4ac569e5c0b7e96b7691f9d0efb19e15108102f5051b8d34c5bd4a03a23acf,,23883,,nome fora do padrao <14-digitos>_nome.sql,
local,20260213_mila_agente_tabelas.sql,20260213,,,cli_ignora_timestamp_nao_canonico,nao_avaliada,39121f5800838d763307e303d89755b51e18117c57b34608870993e0ac19cc18,,3794,,nome fora do padrao <14-digitos>_nome.sql,
local,20260213_whatsapp_caixas.sql,20260213,,,cli_ignora_timestamp_nao_canonico,nao_avaliada,c39252904ec0987395a4297c1c831dd333775ff5463a11f575250828e0b848fa,,1189,,nome fora do padrao <14-digitos>_nome.sql,
local,20260214_sucesso_aluno_fase1_tabelas.sql,20260214,,,cli_ignora_timestamp_nao_canonico,nao_avaliada,430fbcb3871f25c221a513092c68ac6cfe379c06242a1981b9be79d7cba77b24,,22401,,nome fora do padrao <14-digitos>_nome.sql,
local,20260218_mila_agente_main.sql,20260218,,,cli_ignora_timestamp_nao_canonico,nao_avaliada,fa36bb1216d04014a9e0cfae75ef0f29a7a6f8a486a03a76c2b4839a8b511870,,8092,,nome fora do padrao <14-digitos>_nome.sql,
local,20260218_mila_agente_seed_cg.sql,20260218,,,cli_ignora_timestamp_nao_canonico,nao_avaliada,64e8b5d82d1ccf62740f501b5c04b240d072d6eb14b1e5db070ce2997d9cf21b,,21797,,nome fora do padrao <14-digitos>_nome.sql,
local,20260311_get_kpis_experimentais_professor.sql,20260311,,,cli_ignora_timestamp_nao_canonico,nao_avaliada,10972086e12fae3dcd70faccececc1a049af3b352b63bad67640d12f6e0131b7,,1637,,nome fora do padrao <14-digitos>_nome.sql,
local,20260325102500_sync_students_studio.sql,20260325102500,20260325132449,sync_students_studio,versao_divergente_conteudo_exato,exata,0a15b895be60717f71b7a8d6d1abf4cabd1caeadf3c7fd163e74203af497700f,0a15b895be60717f71b7a8d6d1abf4cabd1caeadf3c7fd163e74203af497700f,2082,2082,match por SHA-256 do SQL normalizado,
local,20260331_auto_detect_segundo_curso_banda.sql,20260331,,,cli_ignora_timestamp_nao_canonico,nao_avaliada,1485c53e071671a3c3948e5e86c2f5ea95a6b864c61463567d5050689c37a73d,,4477,,nome fora do padrao <14-digitos>_nome.sql,
local,20260331_fix_upsert_lead_race_condition.sql,20260331,,,cli_ignora_timestamp_nao_canonico,nao_avaliada,abf3c1a955fd5b8f2238f5297153fa78b38e80c1aa5ffd481a71bc2dae7d0e6a,,735,,nome fora do padrao <14-digitos>_nome.sql,
local,20260401_create_aluno_contatos.sql,20260401,,,cli_ignora_timestamp_nao_canonico,nao_avaliada,202e0297af98b962dd74685c530b2df09edd058fd7f787113e0d9e1719569cc6,,3719,,nome fora do padrao <14-digitos>_nome.sql,
local,20260507_get_tempo_permanencia_wrapper.sql,20260507,,,cli_ignora_timestamp_nao_canonico,nao_avaliada,784e27c6ec47fe9f4fbbe61670dd3cd4decc05645394c5806f35af98edf53bb7,,1501,,nome fora do padrao <14-digitos>_nome.sql,
local,20260507_historico_ltv_passagens.sql,20260507,,,cli_ignora_timestamp_nao_canonico,nao_avaliada,ee4cfe3ec1e8412431ad3afda1849a72dd6d352326140d96285b60e8613b1545,,2941,,nome fora do padrao <14-digitos>_nome.sql,
local,20260515_get_carteira_professores.sql,20260515,,,cli_ignora_timestamp_nao_canonico,nao_avaliada,e5b936fd5c962454870d59516c2c70d7a7c4f261d56e423e178d22a3a4108da9,,3583,,nome fora do padrao <14-digitos>_nome.sql,
local,20260520120000_saude_automacoes.sql,20260520120000,20260520210429,saude_automacoes,versao_divergente_conteudo_divergente,nao_equivalente_textualmente,82123c4e1b205be539418e6e78585ae836ada30cd022688d0866d455eb434885,4c2968295110b36f1abd4bc79b304f5470a499bb0e280d60ba59092ad4c18932,4036,3781,match por nome logico; SHA-256 diferente,
local,20260520120100_rpc_executar_query_auditoria.sql,20260520120100,20260520212152,rpc_executar_query_auditoria,versao_divergente_conteudo_exato,exata,2c7bf8796b0aba2edd1f5393357409f83693e36e8d48d24f1c9df842c3466f29,2c7bf8796b0aba2edd1f5393357409f83693e36e8d48d24f1c9df842c3466f29,1123,1123,match por SHA-256 do SQL normalizado,
local,20260520120150_fix_rpc_executar_query_auditoria.sql,20260520120150,20260520213440,fix_rpc_executar_query_auditoria,versao_divergente_conteudo_exato,exata,464ae24ed784e0c52d425af8986ae2bd6fce29e3e6a2b48f1cdd6146dad84a3f,464ae24ed784e0c52d425af8986ae2bd6fce29e3e6a2b48f1cdd6146dad84a3f,1279,1279,match por SHA-256 do SQL normalizado,
local,20260520120200_cron_auditor_divergencias.sql,20260520120200,20260520213524,cron_auditor_divergencias,versao_divergente_conteudo_exato,exata,62f287c8435f291d7c3e21aa80a7c076af79a84a49959f178fd6a55cf00990d8,62f287c8435f291d7c3e21aa80a7c076af79a84a49959f178fd6a55cf00990d8,1211,1211,match por SHA-256 do SQL normalizado,
local,20260531_fix_renovacoes_reajuste_views.sql,20260531,,,cli_ignora_timestamp_nao_canonico,nao_avaliada,ab1b6fa44616234ff07fe369ba3f522a8c7df3c5dcd9e42044a20bbcbcf301c1,,17247,,nome fora do padrao <14-digitos>_nome.sql,
local,20260531_recalcular_dados_mensais_v2.sql,20260531,,,cli_ignora_timestamp_nao_canonico,nao_avaliada,a627f0c1dca1b962368f6f5622f0b116bee3d5b29aa917959c7d4167cf1961a9,,7437,,nome fora do padrao <14-digitos>_nome.sql,
local,20260606_fix_ticket_medio_por_pessoa.sql,20260606,,,cli_ignora_timestamp_nao_canonico,nao_avaliada,f627de71084b57d6a370106a39809ebec9e0c90f527553cb6e0c9cae12e0c3c6,,12551,,nome fora do padrao <14-digitos>_nome.sql,
local,20260607_p00_fluxo_seguro_arquivar_vinculo_aluno.sql,20260607,,,cli_ignora_timestamp_nao_canonico,nao_avaliada,2dab7123b4e41e9996ec7f85e264600267f248d9859c491a64f89bf3de084d66,,3487,,nome fora do padrao <14-digitos>_nome.sql,
local,20260607_p00_governanca_competencia_mensal.sql,20260607,,,cli_ignora_timestamp_nao_canonico,nao_avaliada,423ad11e2c56fb6856f047092b617b5fffd090201e15fe40d0a80f3b74eb16c8,,30035,,nome fora do padrao <14-digitos>_nome.sql,
local,20260607_p00_governanca_competencia_mensal_fase2b_wrappers.sql,20260607,,,cli_ignora_timestamp_nao_canonico,nao_avaliada,d6e5f72f42b2b3c5e59c78a882ff294f991047b00d58590b49d833213ffb3d58,,25521,,nome fora do padrao <14-digitos>_nome.sql,
local,20260608_p01g_fonte_canonica_kpis_alunos_relatorios.sql,20260608,,,cli_ignora_timestamp_nao_canonico,nao_avaliada,24f7da5a79a5a0ed42bd783f094e3fa9a9de01bcb393d13c182ba96b8c48b5bf,,28972,,nome fora do padrao <14-digitos>_nome.sql,
local,20260609_grade_horaria_por_curso.sql,20260609,,,cli_ignora_timestamp_nao_canonico,nao_avaliada,ada237f7b35748e8ff5e8c7e7bdc11a15ee958e971772a85e85275805a64f039,,4825,,nome fora do padrao <14-digitos>_nome.sql,
local,20260609_p01q_financeiro_vivo_canonico_rpc.sql,20260609,,,cli_ignora_timestamp_nao_canonico,nao_avaliada,57a6b742bab29e8dc7e616ff9dad14bb04685708cebf5276925d44e2804a9504,,13150,,nome fora do padrao <14-digitos>_nome.sql,
local,20260609_p01r_reajuste_medio_canonico_rpc.sql,20260609,,,cli_ignora_timestamp_nao_canonico,nao_avaliada,b7069bd2fdfa32b0bdec632d16bd45d2ce550bfc8008b9667b57292e8ea10465,,7527,,nome fora do padrao <14-digitos>_nome.sql,
local,20260609_p01s_materializar_retencao_movimentacoes.sql,20260609,,,cli_ignora_timestamp_nao_canonico,nao_avaliada,3c6bcdc112592743a548d9e878b9f6fd980c30dec0de90d3fa661eaf5f3d4b78,,3305,,nome fora do padrao <14-digitos>_nome.sql,
local,20260609_p01t_breakdown_bolsistas_segundo_curso_rpc.sql,20260609,,,cli_ignora_timestamp_nao_canonico,nao_avaliada,49b0607e9ceed35b2723f576b4e82f6374acd3ab56e13e096466ebb74bc527b5,,12725,,nome fora do padrao <14-digitos>_nome.sql,
local,20260609_p01u_renovacoes_antecipadas_competencia.sql,20260609,,,cli_ignora_timestamp_nao_canonico,nao_avaliada,863201229bd4df7ee7ffef33a8424fc3dc69e06018775a339681d04c745987a0,,4101,,nome fora do padrao <14-digitos>_nome.sql,
local,20260610_caixa_categorias_persistentes.sql,20260610,,,cli_ignora_timestamp_nao_canonico,nao_avaliada,16d394539089bd5f90967c82b1063180a1de23f185eb217cf602d9a7e1210e3b,,4053,,nome fora do padrao <14-digitos>_nome.sql,
local,20260610_caixa_diario_cofre_admin.sql,20260610,,,cli_ignora_timestamp_nao_canonico,nao_avaliada,2f6bdc2f9b36dffa065890bde0c17b4aa473e447e5e4f2d9075bfb47a5103762,,9185,,nome fora do padrao <14-digitos>_nome.sql,
local,20260610_caixa_reabertura_auditada.sql,20260610,,,cli_ignora_timestamp_nao_canonico,nao_avaliada,0231ae44657fff0024133d77e94cdcf1e96510b76eb0bcae0d0700a0257a6185,,4954,,nome fora do padrao <14-digitos>_nome.sql,
local,20260615_boas_vindas_enviadas_idempotencia.sql,20260615,,,cli_ignora_timestamp_nao_canonico,nao_avaliada,a0aadd539ab0de72b484ed8bd8da91c37dc7e3d5a3c48cf1e984577f07774346,,726,,nome fora do padrao <14-digitos>_nome.sql,
local,20260615_fn_buscar_video_professor.sql,20260615,,,cli_ignora_timestamp_nao_canonico,nao_avaliada,53f010825e8f40a002b55662f4eab42aa07c5843e8506b291486f58203b0533f,,846,,nome fora do padrao <14-digitos>_nome.sql,
local,20260616_corrigir_fechamento_mensal_extras_retencao.sql,20260616,,,cli_ignora_timestamp_nao_canonico,nao_avaliada,160545349b047a3dca63fc5befc71e6916e76af064ff2f7a07e6ed1f88b4032e,,5561,,nome fora do padrao <14-digitos>_nome.sql,
local,20260616_corrigir_fideliza_extras_retencao.sql,20260616,,,cli_ignora_timestamp_nao_canonico,nao_avaliada,ef7e868d1263d4b5e45a94dbb09a34bd001b392d6b556701eb79f12d9ede18de,,10490,,nome fora do padrao <14-digitos>_nome.sql,
local,20260616_corrigir_rpc_kpis_alunos_extras_retencao.sql,20260616,,,cli_ignora_timestamp_nao_canonico,nao_avaliada,9846a4d275c6f27ace7b1efdc97e6e10e9f00e9692626be9fdf7368cfb88d289,,20456,,nome fora do padrao <14-digitos>_nome.sql,
local,20260616_excluir_atividades_extras_retencao.sql,20260616,,,cli_ignora_timestamp_nao_canonico,nao_avaliada,eb05e2e0339007e9215441d325e01205bac06396e2d104d2635bdb73fad6e37f,,6771,,nome fora do padrao <14-digitos>_nome.sql,
local,20260616_fechar_sobras_legadas_atividades_extras.sql,20260616,,,cli_ignora_timestamp_nao_canonico,nao_avaliada,e1e578d16a56818fc6bc44d68698b8fd199bfe7e29bd1b85522a041c42effbda,,10371,,nome fora do padrao <14-digitos>_nome.sql,
local,20260616_guard_trigger_retencao_atividades_extras.sql,20260616,,,cli_ignora_timestamp_nao_canonico,nao_avaliada,f88df452fb677435a619825f81e6c2747e602653b1e4b1f8507720f69aa30420,,2282,,nome fora do padrao <14-digitos>_nome.sql,
local,20260616_hardening_atividades_extras_metricas_legadas.sql,20260616,,,cli_ignora_timestamp_nao_canonico,nao_avaliada,d7b1495e02fecd71a4a33c4e271e8cb16bf3c075ea4c8afbafc0be891122e3ad,,116113,,nome fora do padrao <14-digitos>_nome.sql,
local,20260620_p02r_relatorio_gerencial_comercial_v2_wrapper.sql,20260620,,,cli_ignora_timestamp_nao_canonico,nao_avaliada,3969c2d1d4cb47af0a267a7613be9fa2c8e7255285468e9477f6dcf6fece401e,,5692,,nome fora do padrao <14-digitos>_nome.sql,
local,20260621_p02p_experimentais_denominador_canonico.sql,20260621,,,cli_ignora_timestamp_nao_canonico,nao_avaliada,0f4de3060f99655351b2f3612a9e111a4a6af8a3d2e3796ce2a54c9227803011,,11576,,nome fora do padrao <14-digitos>_nome.sql,
local,20260621193000_allow_conciliacao_experimentais_decisoes_v2.sql,20260621193000,20260621181330,allow_conciliacao_experimentais_decisoes_v2,versao_divergente_conteudo_exato,exata,b1f6e538d1aafdd5f2272e7acfe551d7d688d8a902a843509a5d393be5689d9c,b1f6e538d1aafdd5f2272e7acfe551d7d688d8a902a843509a5d393be5689d9c,973,973,match por SHA-256 do SQL normalizado,
local,20260622_p02v_relatorio_gerencial_exp_mat_conciliacao.sql,20260622,,,cli_ignora_timestamp_nao_canonico,nao_avaliada,8ab577f1b9c51a937aa8cabf16647283fc91b7169d1baf90cf0a11dd3d354865,,5346,,nome fora do padrao <14-digitos>_nome.sql,
local,20260622213000_emusys_experimentais_raw.sql,20260622213000,,,sem_par_remoto,sem_evidencia,027617649cc422fcb05f8ea28a787c8355e2a54b446f0177262490e0f08c6d37,,7009,,"sem match por versao, SHA-256 ou nome logico",
local,20260623_p02ab_reaplica_conciliacao_raw_emusys_denominador.sql,20260623,,,cli_ignora_timestamp_nao_canonico,nao_avaliada,f7a688be9d4cbad892368bca03d670e3c50e6eeb85eb297244319decc5da4735,,19113,,nome fora do padrao <14-digitos>_nome.sql,
local,20260623_p02w_conciliacao_experimentais_raw_emusys.sql,20260623,,,cli_ignora_timestamp_nao_canonico,nao_avaliada,84b58a43e97f9fa81833c2bb1ad767134c5cd5f79ea0e6b1a03375ba5b237724,,14742,,nome fora do padrao <14-digitos>_nome.sql,
local,20260623_p02x_conciliacao_reagendamento_emusys.sql,20260623,,,cli_ignora_timestamp_nao_canonico,nao_avaliada,084310707691a74aba94211cf85da3b8a92dc697e216e17feaaf25e4d4f44f2b,,15590,,nome fora do padrao <14-digitos>_nome.sql,
local,20260623_p02y_conciliacao_raw_emusys_denominador.sql,20260623,,,cli_ignora_timestamp_nao_canonico,nao_avaliada,9a0dadb14a7ea5855c70aa31a2406ae7505b59419577ded28256a62a8f4113ed,,18889,,nome fora do padrao <14-digitos>_nome.sql,
local,20260623_p02z_guard_valor_parcela_canonico_emusys.sql,20260623,,,cli_ignora_timestamp_nao_canonico,nao_avaliada,2b8d21e54a22f94d18f08504714f788c2dc7524b932ef78c89ec850fa043ddc3,,1852,,nome fora do padrao <14-digitos>_nome.sql,
local,20260623_p03a_lead_experimentais_emusys_aula_id_multi_instrumento.sql,20260623,,,cli_ignora_timestamp_nao_canonico,nao_avaliada,6c574a0c733d8a8488cbe0892d51cc14734eab8cf3b977aa3784e79eac38aa6a,,1095,,nome fora do padrao <14-digitos>_nome.sql,
local,20260623_p03b_registrar_experimental_curso_aula_id.sql,20260623,,,cli_ignora_timestamp_nao_canonico,nao_avaliada,a2d253a2b22eff36b27b3caa23ea9695fa5af2ae4d931b9daf544ed61a67910d,,7064,,nome fora do padrao <14-digitos>_nome.sql,
local,20260623_pesquisa_resposta_manual.sql,20260623,,,cli_ignora_timestamp_nao_canonico,nao_avaliada,a1b77f29f8f106d08159a54f85793414053dfefb57ad8e27b7aaa0dfeeb5974d,,1542,,nome fora do padrao <14-digitos>_nome.sql,
local,20260623_timeline_pesquisas_aluno.sql,20260623,,,cli_ignora_timestamp_nao_canonico,nao_avaliada,dcb00c7b287380763a2fadb0f86af89625b6813a7080005210e0ca9be234721d,,4125,,nome fora do padrao <14-digitos>_nome.sql,
local,20260623144500_p02ac_professores_experimentais_canonicos_v1.sql,20260623144500,20260623205428;20260623203908,p02ac_professores_experimentais_canonicos_v1_decisao_sem_aluno;p02ac_professores_experimentais_canonicos_v1,versao_divergente_conteudo_exato,exata,02a712af2a59c716f602121726fce6c39f8d507a931048c7af0983391753e802,02a712af2a59c716f602121726fce6c39f8d507a931048c7af0983391753e802;f5677c30aa6c63772f2b32d8407188a9887b2113ed72c99f0cdba25a5159c280,10655,10655;8315,match por SHA-256 do SQL normalizado,
local,20260624_aluno_transferencias_origem_destino.sql,20260624,,,cli_ignora_timestamp_nao_canonico,nao_avaliada,d9e75b22eb9639fb57c3ed78fd0ad34fcebc6119c1318ff0eea6116bd7394a10,,2313,,nome fora do padrao <14-digitos>_nome.sql,
local,20260624_p04a_conciliacao_colunas_fonte_analise.sql,20260624,,,cli_ignora_timestamp_nao_canonico,nao_avaliada,86bdbf4253e4a4eb21a3c686f3eddca688b664ae1e9f63b42b5bdfc237639f43,,716,,nome fora do padrao <14-digitos>_nome.sql,
local,20260624_p04b_aplicar_conciliacao_decisao.sql,20260624,,,cli_ignora_timestamp_nao_canonico,nao_avaliada,b233aa491391644fd26563ac8ff7c4f776db3117459585d9a497668560bb072b,,4540,,nome fora do padrao <14-digitos>_nome.sql,
local,20260624_p05a_sol_registrar_divergencia.sql,20260624,,,cli_ignora_timestamp_nao_canonico,nao_avaliada,c3abecbbf9387d81cf39f52b1e1507ff2f8e0afb2ae0678b5418d24bee935b13,,1836,,nome fora do padrao <14-digitos>_nome.sql,
local,20260624_tipo_matricula_transferencia.sql,20260624,,,cli_ignora_timestamp_nao_canonico,nao_avaliada,a6a5ad3997bfff70f53090959f247faee4daf3c2f1e204891cfe2dc1343c893f,,794,,nome fora do padrao <14-digitos>_nome.sql,
local,20260625_p06a_conciliacao_rpc_horario_tipo_guard.sql,20260625,,,cli_ignora_timestamp_nao_canonico,nao_avaliada,b8ded9efe7221f352ada3239fd80bb18ee5139ce87f0a3f4e3b2cc73cf17b917,,4864,,nome fora do padrao <14-digitos>_nome.sql,
local,20260625_p06b_conciliacao_oculta_valor_legado_sobrescrito.sql,20260625,,,cli_ignora_timestamp_nao_canonico,nao_avaliada,32cd2b6e4715f1fffa4d757613317367c71b60725151ba69d3d93084b368fcfa,,2785,,nome fora do padrao <14-digitos>_nome.sql,
local,20260625204510_p07a_professores_emusys_fabio.sql,20260625204510,20260625204510,p07a_professores_emusys_fabio,versao_alinhada_conteudo_exato,exata,b5ebad9a499c043020bf01c2d1868d4004f34dcec4555ec51e903046f1ded261,b5ebad9a499c043020bf01c2d1868d4004f34dcec4555ec51e903046f1ded261,13092,13092,match por versao e SHA-256 do SQL normalizado,
local,20260625204945_p07b_fabio_aulas_contexto_dupla_chave_professor.sql,20260625204945,20260625204945,p07b_fabio_aulas_contexto_dupla_chave_professor,versao_alinhada_conteudo_exato,exata,d8957bd54faf4e7b2ba853e4157fd2bad74910ac6b6875965cae9fba8257cfd5,d8957bd54faf4e7b2ba853e4157fd2bad74910ac6b6875965cae9fba8257cfd5,3530,3530,match por versao e SHA-256 do SQL normalizado,
local,20260625210419_p07c_professores_emusys_guardrails.sql,20260625210419,20260625210419,p07c_professores_emusys_guardrails,versao_alinhada_conteudo_exato,exata,f9a206a2a2c6665396b59015f1caaa5d7810e1f86aa0b70c6a23dde9311315c8,f9a206a2a2c6665396b59015f1caaa5d7810e1f86aa0b70c6a23dde9311315c8,4071,4071,match por versao e SHA-256 do SQL normalizado,
local,20260625213708_p07d_professores_vinculo_ignorado.sql,20260625213708,20260625213708,p07d_professores_vinculo_ignorado,versao_alinhada_conteudo_exato,exata,ed9b500a83ca144d6a9d0d22eb19ca1180ce1a9c7dfefa7fc24d96c886892aca,ed9b500a83ca144d6a9d0d22eb19ca1180ce1a9c7dfefa7fc24d96c886892aca,1102,1102,match por versao e SHA-256 do SQL normalizado,
local,20260625213859_p07e_decisoes_professores_pendentes.sql,20260625213859,20260625213859,p07e_decisoes_professores_pendentes,versao_alinhada_conteudo_exato,exata,f1e9293dc5cdcd15c7d5354e3001e017a5c3688aa96d1c5ff1bc1b324a339862,f1e9293dc5cdcd15c7d5354e3001e017a5c3688aa96d1c5ff1bc1b324a339862,3738,3738,match por versao e SHA-256 do SQL normalizado,
local,20260625235700_p08a_conciliacao_manter_fixados.sql,20260625235700,20260625235700,p08a_conciliacao_manter_fixados,versao_alinhada_conteudo_exato,exata,f796ebd0b57b6e019229ee4d15091ead9c648338cdd28b1a5461bc93db4631c5,f796ebd0b57b6e019229ee4d15091ead9c648338cdd28b1a5461bc93db4631c5,5296,5296,match por versao e SHA-256 do SQL normalizado,
local,20260626_admin_operacional_kpis_alunos.sql,20260626,,,cli_ignora_timestamp_nao_canonico,nao_avaliada,59c32be8fdf7ac799f063f7d93a200f7378204d19f007ad971b6a3b2ba8bfe8f,,9688,,nome fora do padrao <14-digitos>_nome.sql,
local,20260626015933_p08b_rpc_atributos_conciliacao_emusys.sql,20260626015933,20260626015933,p08b_rpc_atributos_conciliacao_emusys,versao_alinhada_conteudo_exato,exata,a3e89ddc34bbb2155d6767cdc299a54dd34489cecbf1a2ec0beb98f47dba2d98,a3e89ddc34bbb2155d6767cdc299a54dd34489cecbf1a2ec0beb98f47dba2d98,9384,9384,match por versao e SHA-256 do SQL normalizado,
local,20260626041505_p08c_atributos_rls_indices.sql,20260626041505,20260626041505,p08c_atributos_rls_indices,versao_alinhada_conteudo_exato,exata,ef91e966218aa1eaf572770a52d6a7ce246fb6884be1d6aaf6c65624946d64fb,ef91e966218aa1eaf572770a52d6a7ce246fb6884be1d6aaf6c65624946d64fb,1926,1926,match por versao e SHA-256 do SQL normalizado,
local,20260626134543_p08d_aguardando_renovacao_conciliacao.sql,20260626134543,20260626134543,p08d_aguardando_renovacao_conciliacao,versao_alinhada_conteudo_exato,exata,4f426657552ad270d472d85d76a6097e48d2e3133da160deafa59ebeaacfe2ff,4f426657552ad270d472d85d76a6097e48d2e3133da160deafa59ebeaacfe2ff,8614,8614,match por versao e SHA-256 do SQL normalizado,
local,20260626161000_p08e_matriculas_emusys_decisoes_canonicas.sql,20260626161000,20260626192046,p08e_matriculas_emusys_decisoes_canonicas,versao_divergente_conteudo_exato,exata,4687949a3ed6c8c948b5158038d52812f847824cf43a9ca81d8551205733e7fd,4687949a3ed6c8c948b5158038d52812f847824cf43a9ca81d8551205733e7fd,2456,2456,match por SHA-256 do SQL normalizado,
local,20260626162000_p08f_valor_parcela_sem_parcela_bolsista.sql,20260626162000,20260626192748,p08f_valor_parcela_sem_parcela_bolsista,versao_divergente_conteudo_exato,exata,f4157eee9aa154116ccf98da6b4e74d6e08a8d3636661ba1f113c755a8f05689,f4157eee9aa154116ccf98da6b4e74d6e08a8d3636661ba1f113c755a8f05689,2136,2136,match por SHA-256 do SQL normalizado,
local,20260626163500_p08g_valor_parcela_tipo_canonico.sql,20260626163500,20260626194051,p08g_valor_parcela_tipo_canonico,versao_divergente_conteudo_exato,exata,0b59a71e15d4b9642c6eb4da9e1cac6edaf1f0a69611810f2f4559ade01610ef,0b59a71e15d4b9642c6eb4da9e1cac6edaf1f0a69611810f2f4559ade01610ef,1407,1407,match por SHA-256 do SQL normalizado,
local,20260626164200_p08h_helper_campo_fixado.sql,20260626164200,20260626194620,p08h_helper_campo_fixado,versao_divergente_conteudo_exato,exata,2711b62d0e8452981acd6ca795abf8b593a8b994d15553a1ee4755857b23c64c,2711b62d0e8452981acd6ca795abf8b593a8b994d15553a1ee4755857b23c64c,474,474,match por SHA-256 do SQL normalizado,
local,20260626165000_p08i_normaliza_banda_bolsista_financeiro.sql,20260626165000,20260626195719,p08i_normaliza_banda_bolsista_financeiro,versao_divergente_conteudo_divergente,nao_equivalente_textualmente,58ba5a33f4e9f8f9351db4e7339e1ed090ce755b0f7d85adfe2374b2db718f86,079feefc6bd0d5c860b26e0b7fd874858906d8c63dd3eb3c7fdcbb82655a8450,3216,3017,match por nome logico; SHA-256 diferente,
local,20260626170500_p08j_bolsistas_integrais_cg_confirmadas.sql,20260626170500,20260626205330,p08j_bolsistas_integrais_cg_confirmadas,versao_divergente_conteudo_exato,exata,c46f368e4af3da03b53646f9242c32e98c795d6f0ff2a7c218e19b27b5f16b8e,c46f368e4af3da03b53646f9242c32e98c795d6f0ff2a7c218e19b27b5f16b8e,2925,2925,match por SHA-256 do SQL normalizado,
local,20260626173000_p08k_limpa_falso_status_financeiro_sem_parcela.sql,20260626173000,20260626212125,p08k_limpa_falso_status_financeiro_sem_parcela,versao_divergente_conteudo_exato,exata,73027cd5600557a9731e087104ead5db49f4f0863345f3b711c4e7b5928b71dc,73027cd5600557a9731e087104ead5db49f4f0863345f3b711c4e7b5928b71dc,739,739,match por SHA-256 do SQL normalizado,
local,20260626173100_p08k_limpa_status_financeiro_igual.sql,20260626173100,20260626173100;20260626212309,p08k_limpa_status_financeiro_igual;p08k_limpa_status_financeiro_igual,versao_alinhada_conteudo_corresponde_a_outro_registro,exata,f3f69932bc9d1af556bf010c450ddc22d7be90721303594161d3d4687a775cc3,6652f7a587554016c3ee7e410d44a756fee9efb7882a3509113baf04893c4f81;f3f69932bc9d1af556bf010c450ddc22d7be90721303594161d3d4687a775cc3,570,569;570,match por SHA-256 do SQL normalizado,
local,20260627_fila_relatorios_data_dia_default_brt.sql,20260627,,,cli_ignora_timestamp_nao_canonico,nao_avaliada,8eefa605e8332cd72772ec3101d39281442d9e791b02e7f8c6dd2134f6db9c03,,889,,nome fora do padrao <14-digitos>_nome.sql,
local,20260627_guard_conciliacao_banda_regular.sql,20260627,,,cli_ignora_timestamp_nao_canonico,nao_avaliada,6a050c34dcfa07b84da6f9a8bcbd401bca19877acc600748956353d79905ab14,,7932,,nome fora do padrao <14-digitos>_nome.sql,
local,20260627190635_admin_operacional_inclui_trancados.sql,20260627190635,20260627190635,admin_operacional_inclui_trancados,versao_alinhada_conteudo_exato,exata,778f05d731bb7a9153cc975f6580f565ba9b809971e555e0dce5ab3c9b193989,778f05d731bb7a9153cc975f6580f565ba9b809971e555e0dce5ab3c9b193989,9764,9764,match por versao e SHA-256 do SQL normalizado,
local,20260627193949_admin_operacional_banda_nao_tranca.sql,20260627193949,20260627193949,admin_operacional_banda_nao_tranca,versao_alinhada_conteudo_exato,exata,2a83f44f20232a7d0ad00ae64ce16f6d432e06869eb223ccc932aaf9ade038fa,2a83f44f20232a7d0ad00ae64ce16f6d432e06869eb223ccc932aaf9ade038fa,10552,10552,match por versao e SHA-256 do SQL normalizado,
local,20260627194328_admin_operacional_bolsista_por_tipo_canonico.sql,20260627194328,20260627194328,admin_operacional_bolsista_por_tipo_canonico,versao_alinhada_conteudo_exato,exata,b833e9604311c1f35963554e962f24fb8a7205e5fe039bca65a791e8a11f3f16,b833e9604311c1f35963554e962f24fb8a7205e5fe039bca65a791e8a11f3f16,10098,10098,match por versao e SHA-256 do SQL normalizado,
local,20260630120000_seguranca_grupo_a_enable_rls_backend_only.sql,20260630120000,20260630120000;20260630202226,seguranca_grupo_a_enable_rls_backend_only;seguranca_grupo_a_enable_rls_backend_only,versao_divergente_multiplos_remotos,nao_equivalente_textualmente,3d2e424195432fa9c23c490d9b4570f03023018c9f67c619099192ec4cac1119,974884b7a1a858db70e25088fcfbf0ee7b3acfb4cf17265355a0a7d717c7c103;bc7a76fe8097f07d2cfdb92774d6dfba65c4f092d30069ca37b3668c9ca176e4,1803,1788;1215,match por nome logico; SHA-256 diferente,
local,20260630121000_seguranca_revoke_funcoes_sql_arbitrario.sql,20260630121000,20260630121000;20260630203458,seguranca_revoke_funcoes_sql_arbitrario;seguranca_revoke_funcoes_sql_arbitrario,versao_divergente_multiplos_remotos,nao_equivalente_textualmente,61fa3aa8e88cbd81aaf371868f57d94f829ca9f6733de35a9c3a90fc00e5e71e,945eb7799fec4b0c94e434770ae21d23474e94bbf8d5927e394a4380ca125282;f43b24115a0576b61cd45dbd95fbff599e633c00a3f38d798eadccc4a1455520,1284,1278;510,match por nome logico; SHA-256 diferente,
local,20260630122000_seguranca_c2_tokens_whatsapp_mila.sql,20260630122000,20260630122000;20260630204217,seguranca_c2_tokens_whatsapp_mila;seguranca_c2_tokens_whatsapp_mila,versao_divergente_multiplos_remotos,nao_equivalente_textualmente,7d68b01d8b61d1a23be6643358829086d86bc0e551b2d8158790225e65aabe73,27a10317539bb8de61276aae797f2b21d1f0acbcafdc1e7c0579066b1927caba;179fdfe262cecc8a6a1fbea9118136ca37ea7fd3a310740d5212cecab1a71af9,2485,2468;1371,match por nome logico; SHA-256 diferente,
local,20260630130000_seguranca_c1_sprint1_revoke_trigger_functions.sql,20260630130000,20260630130000;20260630230558,seguranca_c1_sprint1_revoke_trigger_functions;seguranca_c1_sprint1_revoke_trigger_functions,versao_divergente_multiplos_remotos,nao_equivalente_textualmente,cf237b77aa7bc5d57c2d68b57ede4160afe5edd03d46c9b45a33ff7e357a9e14,e3e8be43689e282f76164b1cf1488986ca86725c9692601fadf44d784010cda4;9a07e68ef9d959f771ed91827a71035e7bc7a2fd376a0ea6bec10cb7fed29082,1444,1435;1074,match por nome logico; SHA-256 diferente,
local,20260630131000_seguranca_c1_sprint2_revoke_financeiro_estoque.sql,20260630131000,20260630131000;20260630233708,seguranca_c1_sprint2_revoke_financeiro_estoque;seguranca_c1_sprint2_revoke_financeiro_estoque,versao_divergente_multiplos_remotos,nao_equivalente_textualmente,4b01c17525431da7354effff2c5d2dd809dc796d3663b8062c403943abc6417b,546201d3593777f7ea98df121bc57d7bdbf57fe7742e04889e89d17d4de3e075;c3b40792ddad21576a3bbe4f945509b8afcee0059ce9a3b6f4b6fcc6af118179,1564,1563;838,match por nome logico; SHA-256 diferente,
local,20260630132000_seguranca_c1_sprint3_revoke_operacional.sql,20260630132000,20260630132000;20260630234204,seguranca_c1_sprint3_revoke_operacional;seguranca_c1_sprint3_revoke_operacional,versao_divergente_multiplos_remotos,nao_equivalente_textualmente,6f0035090e9c359bfa339e6b81c3cbefe01049d0cbab3b53dc55bbd2296c40d8,1fea9a8f5ff2e2db2cdb49c5f40c445e9aec390ac2d8794d467776c78e0989c3;0a0cdc275898502f1b47b054b2317d1749fdd82a536d618e4dd98dbbf2b28d61,1719,1718;1059,match por nome logico; SHA-256 diferente,
local,20260630133000_seguranca_c1_sprint3b_revoke_criar_conversa_lead.sql,20260630133000,20260630133000;20260630234327,seguranca_c1_sprint3b_revoke_criar_conversa_lead;seguranca_c1_sprint3b_revoke_criar_conversa_lead,versao_alinhada_conteudo_corresponde_a_outro_registro,exata,6a29a6d5df243cf955364d8a2b61b2f9cec48bf48a48e5a70368b81dfcef2fa5,152df6d6898a9bf9ff0b079fda5f0561cb75becdf792ec3a3b9a6fac995c62e1;6a29a6d5df243cf955364d8a2b61b2f9cec48bf48a48e5a70368b81dfcef2fa5,380,379;380,match por SHA-256 do SQL normalizado,
local,20260630134000_seguranca_c1_sprint4_revoke_identidade.sql,20260630134000,20260630134000;20260630235316,seguranca_c1_sprint4_revoke_identidade;seguranca_c1_sprint4_revoke_identidade,versao_divergente_multiplos_remotos,nao_equivalente_textualmente,7fcf24912cf0e45068f8093eb62333ea301dc59860f0b47812e44d356a260498,a8b52895045338be679574d9d69c28212a569ae41da4bf74c9d2e4cfa7997519;4fa0f07b52c9f5b290b4fc151823aa1a0123685ad240dc972be16fcf3c92c27e,1016,1015;937,match por nome logico; SHA-256 diferente,
local,20260630135000_seguranca_c1_sprint5_revoke_leitura_kpis.sql,20260630135000,20260630135000;20260630235641,seguranca_c1_sprint5_revoke_leitura_kpis;seguranca_c1_sprint5_revoke_leitura_kpis,versao_divergente_multiplos_remotos,nao_equivalente_textualmente,689db02653bf754366eec9a2ad57c42b5ba4de72c5fe21f36d555547b870292d,bdc476aca1748ed42dec11ae9e9e0c40ec8515d8575bee029afb55975817a378;b628051c471013be92506b8d88480cb4849e3613d8791db60574e9b3a9e99c83,1390,1389;1115,match por nome logico; SHA-256 diferente,
local,20260630136000_seguranca_c1_sprint6_revoke_agentes_helpers.sql,20260630136000,20260630136000;20260630235907,seguranca_c1_sprint6_revoke_agentes_helpers;seguranca_c1_sprint6_revoke_agentes_helpers,versao_divergente_multiplos_remotos,nao_equivalente_textualmente,c50ee2fe21828e7767a94fe0edcb00192653da32286d59da6de5bbc37b9b9a4d,dff7b6e347e24de712cb33a702dd9ea062725572c13fd4602066ab1ab5fc504b;0066878b8ad23b01f88fcbff974da95ebbb431354ae689f903d9b25bef8534c4,1255,1254;794,match por nome logico; SHA-256 diferente,
local,20260630140000_seguranca_rls_grupo_c_backups.sql,20260630140000,20260630140000;20260701000431,seguranca_rls_grupo_c_backups;seguranca_rls_grupo_c_backups,versao_divergente_multiplos_remotos,nao_equivalente_textualmente,f6ab41ec555969e3b0fdb391fd69e4b774e6b32265eb05b2203ce10cc3d6c966,9a64426484dc50be17187a47fe2b841d0f339a5c4b3e8ef189527ee3a2a32246;53a91b5c6305a956231251cf22f030c168828475e2d7acc30902a6746df7a61b,668,663;373,match por nome logico; SHA-256 diferente,
local,20260630141000_seguranca_rls_grupo_b_enable_policies.sql,20260630141000,20260630141000;20260701000701,seguranca_rls_grupo_b_enable_policies;seguranca_rls_grupo_b_enable_policies,versao_divergente_multiplos_remotos,nao_equivalente_textualmente,25cf158207f449902992dcbfe4f66fbda7bdaa971a17fe314fc418c62605e339,ee44ec0161c4e9fbbc58b48bdb5e0cc65d9133a33f215190439dee494fbc8ae3;6fb9981eed931f21c1b4eda0f08c10ba707551e6ff19e4173e037d8c08f920f5,1128,1127;597,match por nome logico; SHA-256 diferente,
local,20260630150000_seguranca_a3_views_security_invoker.sql,20260630150000,20260630150000;20260701005355,seguranca_a3_views_security_invoker;seguranca_a3_views_security_invoker,versao_divergente_multiplos_remotos,nao_equivalente_textualmente,ac7b0f03659bfd0e327f0c61e4b23bd20df77bd43347163e50fe6c47fc808059,e560c38df7d6eddd20088d63e9e2aa15d23eb5fdb341ae38bb3a41119b908035;438706e6c7ae8346f844cc08a008e49433e5dc9682c79e94f365df3ec6121eef,2167,2166;1282,match por nome logico; SHA-256 diferente,
local,20260630173000_p01u_alinha_kpis_canonicos_admin_tempo.sql,20260630173000,20260630173000;20260630142403,p01u_alinha_kpis_canonicos_admin_tempo;p01u_alinha_kpis_canonicos_admin_tempo,versao_divergente_multiplos_remotos,nao_equivalente_textualmente,9c655e2a2410ed071ccfea9397a8f57d18f9a9a8951a1ddaf33c4be855d66260,8bd3341b4d1c993cf6179199fff4031688d24b3cf448c038e04b2b7d6ad1aa54;c237087723c7d696ed9209515444f10ab20a61de6d585b36a235c5f6f37876e4,13628,13621;13574,match por nome logico; SHA-256 diferente,
local,20260630174500_p01v_corrige_tempo_permanencia_por_unidade.sql,20260630174500,20260630174500;20260630142748,p01v_corrige_tempo_permanencia_por_unidade;p01v_corrige_tempo_permanencia_por_unidade,versao_divergente_multiplos_remotos,nao_equivalente_textualmente,c769f369e1df9a194e178b16204e9ea6412aae7a242c24a68db9bc4166829e38,018d9d9a06b72b49279c38350637f81bcb8621541e0800ba76bc74eb90851d29;9ef87e1b02d2219a5eca9668c953e0a41b4f50cafaebc5fdd9a295bff7a9e100,13434,13427;13255,match por nome logico; SHA-256 diferente,
local,20260630180500_p09a_preview_fechamento_mensal.sql,20260630180500,20260630180500;20260630144051,p09a_preview_fechamento_mensal;p09a_preview_fechamento_mensal,versao_divergente_multiplos_remotos,nao_equivalente_textualmente,fbb63bcc3609ae4574be00da1c7bd80441182dd3584ea2e1743cecd3ee9e9695,be045dc0e26d601614ac1cc641b596b7c1299ff1651af3a08400f8cf09532f14;e0966b3531b043e17d331084d2e38fd0c8b3ea309014c8b135fddcfe4bcd69ef,11112,11106;10922,match por nome logico; SHA-256 diferente,
local,20260630182000_p09b_preview_fechamento_comercial_shape.sql,20260630182000,20260630182000;20260630144626,p09b_preview_fechamento_comercial_shape;p09b_preview_fechamento_comercial_shape,versao_divergente_multiplos_remotos,nao_equivalente_textualmente,4e4f29f80e3c7960fdb113229380560cb908d718cbe34a2d6ea0b20726c4f10f,c9abeebfa89a68d781d6e6f5a22872946a319c8115e95734505c5ef8586edfee;ec7c92d67ff6b7eb72fa74d44708877448c2ec55abc54db6b4fbd70c3ae36108,11210,11204;11210,match por nome logico; SHA-256 diferente,
local,20260630183500_p09c_fechamento_snapshots_tabelas.sql,20260630183500,20260630183500;20260630145814,p09c_fechamento_snapshots_tabelas;p09c_fechamento_snapshots_tabelas,versao_divergente_multiplos_remotos,nao_equivalente_textualmente,9887d9b2d0e80e94ec5b11fc576c2eb25a6c07001023983ea9ba1ad1bde6e8b7,e7ec9965234e4e0a15efa5b89a3945b9077a6275422821e6eefa93915dafdf70;ce0aaba7d0e06393c8011b96b36c2dc399ba745594c1a1bcb984a1e7367624e4,5911,5870;5881,match por nome logico; SHA-256 diferente,
local,20260630184500_p09d_fechamento_snapshots_permissoes.sql,20260630184500,20260630184500;20260630150002,p09d_fechamento_snapshots_permissoes;p09d_fechamento_snapshots_permissoes,versao_alinhada_conteudo_corresponde_a_outro_registro,exata,138f56aba35892d8144c34dbe5da5fb48a9fdfd6ca467db55d8c0914018db4e4,02a920cfa4c79e492116b8b70bcd227d702c672ece6a710a65a5f1212253b626;138f56aba35892d8144c34dbe5da5fb48a9fdfd6ca467db55d8c0914018db4e4,1030,1022;1030,match por SHA-256 do SQL normalizado,
local,20260630190000_p09e_gravar_snapshot_fechamento_mensal.sql,20260630190000,20260630190000;20260630151145,p09e_gravar_snapshot_fechamento_mensal;p09e_gravar_snapshot_fechamento_mensal,versao_alinhada_conteudo_corresponde_a_outro_registro,exata,5d6adb46180819a3940c7caded9ac27719c598e8d27d90f1d9ad40db3e728ecc,faa697a887823c6619bf26ca0bf69722c68cbdac4ce5fb4cbc2a5b08f8df1c4b;5d6adb46180819a3940c7caded9ac27719c598e8d27d90f1d9ad40db3e728ecc,9557,9551;9557,match por SHA-256 do SQL normalizado,
local,20260630191500_p09f_atualizar_dados_mensais_por_snapshot.sql,20260630191500,20260630191500;20260630151954,p09f_atualizar_dados_mensais_por_snapshot;p09f_atualizar_dados_mensais_por_snapshot,versao_alinhada_conteudo_corresponde_a_outro_registro,exata,a7eec498ee6651b94afa73b798e43b4b06d315e768ace1ec696c74220516ba4c,8ff6ac42ee38184e963fb8aa31b16435094b77bca296a183054869415aa44ddc;a7eec498ee6651b94afa73b798e43b4b06d315e768ace1ec696c74220516ba4c,10716,10710;10716,match por SHA-256 do SQL normalizado,
local,20260630193000_p09g_bloquear_writers_mensais_legados.sql,20260630193000,20260630193000;20260630152323,p09g_bloquear_writers_mensais_legados;p09g_bloquear_writers_mensais_legados,versao_alinhada_conteudo_corresponde_a_outro_registro,exata,c528e8b7fb43588b3619eb974a52d4fe7703880e1541056a05b845c802bdbb6e,59ca0ade1ea83571d357791a721f542de0dd6d4a91008cc863ca4e0f9156a6f3;c528e8b7fb43588b3619eb974a52d4fe7703880e1541056a05b845c802bdbb6e,1506,1503;1506,match por SHA-256 do SQL normalizado,
local,20260630214500_p09h_relatorio_gerencial_mrr_perdido_canonico.sql,20260630214500,20260630214500;20260630233744,p09h_relatorio_gerencial_mrr_perdido_canonico;p09h_relatorio_gerencial_mrr_perdido_canonico,versao_alinhada_conteudo_corresponde_a_outro_registro,exata,72bd9673e7869c6b679328f35fc9e847236430b299ff6af7d16008856a50c277,2f5062817d8569f93bfc5262625447664069f57e6da3ebe95ae3c8a4be2388c4;72bd9673e7869c6b679328f35fc9e847236430b299ff6af7d16008856a50c277,8164,8157;8164,match por SHA-256 do SQL normalizado,
local,20260630223000_p09i_recreio_bandas_fechamento_junho.sql,20260630223000,20260630223000;20260701003937,p09i_recreio_bandas_fechamento_junho;p09i_recreio_bandas_fechamento_junho,versao_alinhada_conteudo_corresponde_a_outro_registro,exata,eb9cb5ccfe96d859dfe4456e930c983a1a86709cf1bb1bef2944ccdb1e35fd46,78f76f53550a4b092b37402ac62623603670cd83e660ee198e9a40f6f928d7be;eb9cb5ccfe96d859dfe4456e930c983a1a86709cf1bb1bef2944ccdb1e35fd46,4638,4637;4638,match por SHA-256 do SQL normalizado,
local,20260630235500_p09j_dados_mensais_snapshot_retencao_reajuste.sql,20260630235500,20260630235500;20260701021741,p09j_dados_mensais_snapshot_retencao_reajuste;p09j_dados_mensais_snapshot_retencao_reajuste,versao_divergente_multiplos_remotos,nao_equivalente_textualmente,b15fb8e70265715753b02053f8b838df256f414b93088da722dbb2e20e0b6896,2d9684c072aae172ccebba0e52035070abbbe4f76290d3dd022e9f0822752191;f0504543e9cd221649067daa3ea8b59ae509cb659bf953967f43ce01b3019960,13726,13720;13057,match por nome logico; SHA-256 diferente,
local,20260630235800_p09k_dados_mensais_respeitar_colunas_geradas.sql,20260630235800,20260630235800;20260701022135,p09k_dados_mensais_respeitar_colunas_geradas;p09k_dados_mensais_respeitar_colunas_geradas,versao_divergente_multiplos_remotos,nao_equivalente_textualmente,38af5bd507f48d05f25074073f3a4812e62dd0e8e257a9304863745f8252f9d6,090599c52170a216fa85c27f8f265e2aad2d5a23719523fe0eb3c8e520098565;02158da1b0f08e2f3ab00656f23efa7faef3b3a19e616ff27789e08261b68e41,13262,13256;12313,match por nome logico; SHA-256 diferente,
local,20260630235900_p09l_rls_decisoes_humanas_experimentais.sql,20260630235900,20260630235900;20260701024508,p09l_rls_decisoes_humanas_experimentais;p09l_rls_decisoes_humanas_experimentais,versao_alinhada_conteudo_corresponde_a_outro_registro,exata,cbc5ae3e8c86d4ae37993f04c3361bf58e390835befc868cfc0367a0b867e031,763e1236aa65f2a7704c8dbc350252ea21c89989ff748c640b474b664694def9;cbc5ae3e8c86d4ae37993f04c3361bf58e390835befc868cfc0367a0b867e031,1786,1773;1786,match por SHA-256 do SQL normalizado,
local,20260701120000_drop_views_renovacoes_mortas.sql,20260701120000,20260701120000;20260702020758,drop_views_renovacoes_mortas;drop_views_renovacoes_mortas,versao_divergente_multiplos_remotos,nao_equivalente_textualmente,5b7879b3caab63cba73162e1c9cbe65748254b3f84ae03a63849fe5ce8f89c03,b3b360a15b9ca68cb8d965b7ab7c41c70303b8726b34d302f085472a77a77f10;82813ea4dff0b529d94970d89f190ecafd99952b5d1886ee314a5481f62ec690,2166,2164;2170,match por nome logico; SHA-256 diferente,
local,20260701120100_fideliza_renovacoes_trim_movimentacoes_admin.sql,20260701120100,20260701120100;20260702024506,fideliza_renovacoes_trim_movimentacoes_admin;fideliza_renovacoes_trim_movimentacoes_admin,versao_divergente_multiplos_remotos,nao_equivalente_textualmente,b9f954541d0b1398be5a7a17568e1d61e511fc87d1d4692ed5f809c4bcd6faf9,aa055d8a8b91635030793e561cf26c78405fe2a0d13712874b76b3cd542129bb;23e168affa171ff81e5482c6541c7db553230489cde16ef37110d871edd3ae08,1671,1670;1608,match por nome logico; SHA-256 diferente,
local,20260701120200_alertas_contrato_vencendo_movimentacoes_admin.sql,20260701120200,20260701120200;20260702024751,alertas_contrato_vencendo_movimentacoes_admin;alertas_contrato_vencendo_movimentacoes_admin,versao_alinhada_conteudo_corresponde_a_outro_registro,exata,4f89936553f2e3eada5a8f9897b66e10ac48dbc9f88a488eb3c8a051186b1e86,0108da9f53252a3bb9d040b3be69d3f78d99e75cbebf49506f70f10e5b1a77a1;4f89936553f2e3eada5a8f9897b66e10ac48dbc9f88a488eb3c8a051186b1e86,1209,1208;1209,match por SHA-256 do SQL normalizado,
local,20260701120300_arquiva_renovacoes_legado.sql,20260701120300,20260701120300;20260702025729,arquiva_renovacoes_legado;arquiva_renovacoes_legado,versao_divergente_multiplos_remotos,nao_equivalente_textualmente,0067cb01946408ffc98bef839c1239ddd7df890f4c3def1c2ac1582bd5988412,ee8eabc77679f1a1966ab5d8d879ba56c78a64d90f4730c0c6f5d3b3f98bf6ae;cd87ee40e439225681821b243be3542b8fb2011727fdc9c98635dc074704c347,677,675;676,match por nome logico; SHA-256 diferente,
local,20260701223000_relatorio_comercial_cron.sql,20260701223000,20260701223000;20260702014631,relatorio_comercial_cron;relatorio_comercial_cron,versao_divergente_multiplos_remotos,nao_equivalente_textualmente,1a829ad42390f45f205a3cb2ad2be64114937cc0a1cc39744ca6593c139b7523,ab7e386bc385c55e0d5c0cef54afcd9e037304c252b0fe864ff1a3fd3919adb4;23cfc5aef78b33fba76ad3124587c9a3d9e72c265a578206e9cad59d164e2578,1729,1720;1352,match por nome logico; SHA-256 diferente,
local,20260702202609_p09l_retificar_recreio_junho_bolsistas_segundo_curso.sql,20260702202609,20260702202609,p09l_retificar_recreio_junho_bolsistas_segundo_curso,versao_alinhada_conteudo_exato,exata,09e716492f5646f1ab2a156be80e64e2a51bf86e609a75bf171f0de27d9353d0,09e716492f5646f1ab2a156be80e64e2a51bf86e609a75bf171f0de27d9353d0,24766,24766,match por versao e SHA-256 do SQL normalizado,
local,20260703120000_historico_pedagogico_aluno.sql,20260703120000,20260703120000;20260703111059,historico_pedagogico_aluno;historico_pedagogico_aluno,versao_divergente_multiplos_remotos,nao_equivalente_textualmente,1b087818e67fe5326b1f40a06badccbed10e07385a820a318492b2f50d3086ef,6d2a91388a7ab6563859f0e617a42ecf492cdae1dc33e336fc471b76d704fa48;b4652b4d5a3da4142cba1ce99412145e6c20b3e0742175d92baeb7e92d45a082,2716,2711;1865,match por nome logico; SHA-256 diferente,
local,20260703130000_fix_join_vw_fabio_aulas_contexto.sql,20260703130000,20260703130000;20260703112202,fix_join_vw_fabio_aulas_contexto;fix_join_vw_fabio_aulas_contexto,versao_divergente_multiplos_remotos,nao_equivalente_textualmente,5a7a655572b8a335bd54f3e7878a815d186d2ca5cd01e47c0815543669892e47,8ab119edd318b0cb55ac61724e61afa0c868b80b16b2ee1c487816e0eb404de3;05662d9aa4c7e635b82fffc4608f5a78aa53fd5c24ee7bebc17e3f1479beb2eb,3221,3218;2431,match por nome logico; SHA-256 diferente,
local,20260703140000_get_relatorio_pedagogico_aluno.sql,20260703140000,20260703140000;20260703112256,get_relatorio_pedagogico_aluno;get_relatorio_pedagogico_aluno,versao_divergente_multiplos_remotos,nao_equivalente_textualmente,e0364a77f0a955d67f32c436167289f724894e764364ff717925360b6f54ae4e,f57acbde616f4634d2024100ced64c8288d1b5bedb7dc29866af926001130ad7;e89bb3e888215600a24809d9f3745ffeeffa6592935e421807077f1d360f8342,3667,3662;3012,match por nome logico; SHA-256 diferente,
local,20260703150000_ajustar_coordenacao_relatorio_pedagogico.sql,20260703150000,20260703150000;20260703113753,ajustar_coordenacao_relatorio_pedagogico;,versao_alinhada_conteudo_corresponde_a_outro_registro,exata,4c7a64b2a225bde200f56b88c66895560d742569b8453e537403939a5f9d1464,7221c347ae40de1b4a5f073ca6eee05da3c53a534e9554ceb64352adb9fc5984;4c7a64b2a225bde200f56b88c66895560d742569b8453e537403939a5f9d1464,3948,3943;3948,match por SHA-256 do SQL normalizado,
local,20260703160000_get_relatorio_pedagogico_periodo.sql,20260703160000,20260703122414,get_relatorio_pedagogico_periodo,versao_divergente_conteudo_divergente,nao_equivalente_textualmente,2d575dae6548cb69f85c1979d1ee6554e3d40fe76b1c7737046ad8e094e6c460,8709e773fd32bd7199760611cc54456a5188e8531e195fb40aab8caa6b479142,4316,3692,match por nome logico; SHA-256 diferente,
local,20260703165000_p10_conciliacao_forma_pagamento_manual.sql,20260703165000,20260703182004,p10_conciliacao_forma_pagamento_manual,versao_divergente_conteudo_exato,exata,735c40a05e760837497f847f8bd1222089f525ba359a792a659efb5271530d6d,735c40a05e760837497f847f8bd1222089f525ba359a792a659efb5271530d6d,3390,3390,match por SHA-256 do SQL normalizado,
local,20260703170000_criar_relatorios_pedagogicos.sql,20260703170000,20260703122503,criar_relatorios_pedagogicos,versao_divergente_conteudo_divergente,nao_equivalente_textualmente,d4e147bb85e0b19f25cbd52df913b5cef9d3bf1d3e33d7fcba945d0da3abc5bd,718803d7f8a6744ee146e8005551f99f31d1bd2d9b85a833867ce309d8385c48,2454,1909,match por nome logico; SHA-256 diferente,
local,20260703190000_p10b_conciliacao_experimentais_internas_emusys.sql,20260703190000,20260703191807,p10b_conciliacao_experimentais_internas_emusys,versao_divergente_conteudo_exato,exata,db825f97295bf1075c9893b4a6713739ae7267304a2f77bb174b361d7efd420b,db825f97295bf1075c9893b4a6713739ae7267304a2f77bb174b361d7efd420b,23830,23830,match por SHA-256 do SQL normalizado,
local,20260703203000_p11_conciliacao_leads_qualidade.sql,20260703203000,20260703195248,p11_conciliacao_leads_qualidade,versao_divergente_conteudo_exato,exata,0b3abd74e6cbcd1501cc142b5dc519e9f680bb02b136545202e99222d2a28d01,0b3abd74e6cbcd1501cc142b5dc519e9f680bb02b136545202e99222d2a28d01,9526,9526,match por SHA-256 do SQL normalizado,
local,20260703214500_p12_instagram_nao_possui_conciliacao.sql,20260703214500,20260703204422,p12_instagram_nao_possui_conciliacao,versao_divergente_conteudo_exato,exata,7f496c8061a1ce82b14429ea8da87be5617d24cb28b7416c904d81934072a60f,7f496c8061a1ce82b14429ea8da87be5617d24cb28b7416c904d81934072a60f,7111,7111,match por SHA-256 do SQL normalizado,
local,20260703223000_p13_conciliacao_leads_revisar_origem.sql,20260703223000,,,sem_par_remoto,sem_evidencia,a58254d310ebd09a4a9e3c7173773f2c15070195e396d69e3955594ace7b6436,,5297,,"sem match por versao, SHA-256 ou nome logico",
local,20260704140000_p10c_experimental_interna_exceto_convertidos.sql,20260704140000,20260704181832,p10c_experimental_interna_exceto_convertidos,versao_divergente_conteudo_divergente,nao_equivalente_textualmente,d05f946d6360d5cb4c603d0d338647651c1665d856a2982e044effdd4b594453,1f32885d81901937579d4a1987fd6f1acb15a7b3e13cd4e88366e10ecefbe543,25952,24488,match por nome logico; SHA-256 diferente,
local,20260704212922_criar_view_absenteismo_aluno.sql,20260704212922,20260704212922,criar_view_absenteismo_aluno,versao_alinhada_conteudo_exato,exata,45482b15b2c5fef627ad95c4c28b08a3a863bbaff43009a8ce9ef45349a36729,45482b15b2c5fef627ad95c4c28b08a3a863bbaff43009a8ce9ef45349a36729,1410,1410,match por versao e SHA-256 do SQL normalizado,
local,20260704214005_corrige_percentual_presenca_vw_aluno_sucesso_lista.sql,20260704214005,20260704214005,corrige_percentual_presenca_vw_aluno_sucesso_lista,versao_alinhada_conteudo_exato,exata,896a39f48afde576557eb593f0c015df679b153c5f5ba8d26a04d9d37a470fa9,896a39f48afde576557eb593f0c015df679b153c5f5ba8d26a04d9d37a470fa9,2933,2933,match por versao e SHA-256 do SQL normalizado,
local,20260704214032_corrige_calcular_health_score_aluno_presenca_ao_vivo.sql,20260704214032,20260704214032,corrige_calcular_health_score_aluno_presenca_ao_vivo,versao_divergente_conteudo_divergente,nao_equivalente_textualmente,f841b81949d3f18fd57b08d54fcb919bbf7b248bd7f087c5fa7bb1dc8bda1fef,bfea7baa9a70b90e3f8e3bd81ab018c28e5fa56d228d67fe0b0d396469b96303,5242,5272,match por nome logico; SHA-256 diferente,
local,20260704214350_cron_recalcular_health_score_aluno_diario.sql,20260704214350,20260704214350,cron_recalcular_health_score_aluno_diario,versao_alinhada_conteudo_exato,exata,0b1cfb6f8f4a99b9d56572eda20b205a306e449fdda3e7f5b9a2a576a8737cb9,0b1cfb6f8f4a99b9d56572eda20b205a306e449fdda3e7f5b9a2a576a8737cb9,230,230,match por versao e SHA-256 do SQL normalizado,
local,20260704215859_adiciona_dias_sem_presenca_vw_aluno_sucesso_lista_v2.sql,20260704215859,20260704215859,adiciona_dias_sem_presenca_vw_aluno_sucesso_lista_v2,versao_alinhada_conteudo_exato,exata,1b2ae4900f5e8d07579f7059f3de86133f8b27849b57c6c4a00a12a3e2ae0bfa,1b2ae4900f5e8d07579f7059f3de86133f8b27849b57c6c4a00a12a3e2ae0bfa,2840,2840,match por versao e SHA-256 do SQL normalizado,
local,20260705050407_adiciona_meta_ad_source_id_leads.sql,20260705050407,20260705050407,adiciona_meta_ad_source_id_leads,versao_alinhada_conteudo_exato,exata,96225d89f97fa9234ec12f84b85c4ceeca8dd0f864e431ed2912048e65994eae,96225d89f97fa9234ec12f84b85c4ceeca8dd0f864e431ed2912048e65994eae,547,547,match por versao e SHA-256 do SQL normalizado,
local,20260705054754_alerta_conversao_baixa_calculo_vivo.sql,20260705054754,20260705054754,alerta_conversao_baixa_calculo_vivo,versao_alinhada_conteudo_exato,exata,03f940a469251f2b6420693935086fb30f5193cbfa3a6ea381aa26d6a22a4f5a,03f940a469251f2b6420693935086fb30f5193cbfa3a6ea381aa26d6a22a4f5a,9778,9778,match por versao e SHA-256 do SQL normalizado,
local,20260705054819_drop_triggers_inflacao_dados_comerciais_origem_leads.sql,20260705054819,20260705054819,drop_triggers_inflacao_dados_comerciais_origem_leads,versao_alinhada_conteudo_exato,exata,567a9d03905ce0b7fddbf9381f86e296fa6d772aaadebce80803d5ff0244914a,567a9d03905ce0b7fddbf9381f86e296fa6d772aaadebce80803d5ff0244914a,830,830,match por versao e SHA-256 do SQL normalizado,
local,20260705054925_aposenta_dados_comerciais_origem_leads_legado.sql,20260705054925,20260705054925,aposenta_dados_comerciais_origem_leads_legado,versao_alinhada_conteudo_exato,exata,be01d4ef366726ac68f5d0f1ebc98f0bdb143c7acb6cf556d12218954f75ec0a,be01d4ef366726ac68f5d0f1ebc98f0bdb143c7acb6cf556d12218954f75ec0a,975,975,match por versao e SHA-256 do SQL normalizado,
local,20260705061500_criar_meta_ads_cache.sql,20260705061500,20260705060711,criar_meta_ads_cache,versao_divergente_conteudo_exato,exata,f9810816dc80ef52e86cb56ca1290910858b2be912a26130e7a41715eed5a785,f9810816dc80ef52e86cb56ca1290910858b2be912a26130e7a41715eed5a785,1152,1152,match por SHA-256 do SQL normalizado,
local,20260705061600_rpc_listar_meta_source_ids_pendentes_e_cron_enriquecer.sql,20260705061600,20260705060820,rpc_listar_meta_source_ids_pendentes_e_cron_enriquecer,versao_divergente_conteudo_exato,exata,fe436dd71b6c037e9c182e14969e4769abf87a0806ca36f4e4f91f771d8f7cd8,fe436dd71b6c037e9c182e14969e4769abf87a0806ca36f4e4f91f771d8f7cd8,1126,1126,match por SHA-256 do SQL normalizado,
local,20260706120000_cron_notificar_primeira_aula_fabi.sql,20260706120000,20260706163911,cron_notificar_primeira_aula_fabi,versao_divergente_conteudo_divergente,nao_equivalente_textualmente,08f4d7f7e47396c90dbb1897fddf2d966851dcd1367ddbff981d10a38f3e8c9a,74d7e4abcafda94a780051c62bc79c3be1b4673913acda9a291fdd1d56227ea8,1338,905,match por nome logico; SHA-256 diferente,
local,20260706121900_normalizar_whatsapp_message_id_dedup_eco.sql,20260706121900,20260706141436,normalizar_whatsapp_message_id_dedup_eco,versao_divergente_conteudo_divergente,nao_equivalente_textualmente,e72d1edba52ac821542e2529898ef7c1c2b2b4b7d341cbb7f1f5f92c3a6823c1,0f4e494c86560c890daa5033e688d9bd68f73621b7dc1ad4d23023f36be4d57e,1283,1283,match por nome logico; SHA-256 diferente,
local,20260706150000_p11_taxa_exp_mat_criterio_comercial_canonico.sql,20260706150000,20260706232451,p11_taxa_exp_mat_criterio_comercial_canonico,versao_divergente_conteudo_exato,exata,e4ed80a28158952e659ec64e9c5a2cb5932f1b12bae49d36b8720d07f3652885,e4ed80a28158952e659ec64e9c5a2cb5932f1b12bae49d36b8720d07f3652885,28824,28824,match por SHA-256 do SQL normalizado,
local,20260706160000_templates_texto_pesquisa_1a_aula.sql,20260706160000,20260706175003,templates_texto_pesquisa_1a_aula,versao_divergente_conteudo_divergente,nao_equivalente_textualmente,951484ddedd3dee487e0d15a717c3fd764ea7bae857f0f40e49df8af916efe5b,882a114bd5224fd9e6481d9c31ce9530f0d5681b47e69e469b1c308f5023c29d,1690,1209,match por nome logico; SHA-256 diferente,
local,20260706170000_admin_mensagens_tipo_carrossel.sql,20260706170000,20260706184649,admin_mensagens_tipo_carrossel,versao_divergente_conteudo_divergente,nao_equivalente_textualmente,754e234dc653ec7ca118c8b159cd6cc8adc751fcd283656932ea7d48f3301aaa,2311e16a5a5557dd7a7915276c83725b091da0d7e447150dabc75303cc1ff45b,433,339,match por nome logico; SHA-256 diferente,
local,20260706180000_rpc_candidatos_apenas_ontem.sql,20260706180000,20260706192742,rpc_candidatos_apenas_ontem,versao_divergente_conteudo_exato,exata,cd41e4802f28089321326ac212127694eb16ec27dc1db5d914b09c1621995616,cd41e4802f28089321326ac212127694eb16ec27dc1db5d914b09c1621995616,3457,3457,match por SHA-256 do SQL normalizado,
local,20260706181000_automacoes_config.sql,20260706181000,20260706193156,automacoes_config,versao_divergente_conteudo_exato,exata,36229de8bb72a617f406a4f3e56b5dc0a46308071793bb13c1c388236db361fb,36229de8bb72a617f406a4f3e56b5dc0a46308071793bb13c1c388236db361fb,1049,1049,match por SHA-256 do SQL normalizado,
local,20260706182000_cron_disparar_pesquisa_1a_aula.sql,20260706182000,20260706193834,cron_disparar_pesquisa_1a_aula,versao_divergente_conteudo_exato,exata,e9909a03d9ad1dd03e931014c23eea646ba5b9e1bf3e9bd5087029523beb00d9,e9909a03d9ad1dd03e931014c23eea646ba5b9e1bf3e9bd5087029523beb00d9,876,876,match por SHA-256 do SQL normalizado,
local,20260706223000_p14_retificar_barra_junho_relatorio_gerencial.sql,20260706223000,20260706235822,p14_retificar_barra_junho_relatorio_gerencial,versao_divergente_conteudo_divergente,nao_equivalente_textualmente,a26080065a6a2d6586300b357ff9b8155d06aa384ad777430e89fa98ceeeddd9,4037f145e8d6ae490e1ac017fe7ae68cc2433f3ca0270edb69fa859877ea0665,15548,14589,match por nome logico; SHA-256 diferente,
local,20260706234500_p15_relatorio_gerencial_retencao_canonica.sql,20260706234500,20260707004545,p15_relatorio_gerencial_retencao_canonica,versao_divergente_conteudo_exato,exata,95e8f35e60151e43e32a8c847289544f628a87749f2cdc0ed498018f2ad58bdd,95e8f35e60151e43e32a8c847289544f628a87749f2cdc0ed498018f2ad58bdd,15214,15214,match por SHA-256 do SQL normalizado,
local,20260706235500_p16_relatorio_gerencial_evasoes_sem_nao_renovacao.sql,20260706235500,20260707005045,p16_relatorio_gerencial_evasoes_sem_nao_renovacao,versao_divergente_conteudo_exato,exata,87c195d8fe133691e39b2606bc407b7ab8c9c5bdfc1fef31aef3579754842c0a,87c195d8fe133691e39b2606bc407b7ab8c9c5bdfc1fef31aef3579754842c0a,10595,10595,match por SHA-256 do SQL normalizado,
local,20260707000500_p17_relatorio_gerencial_sem_bloco_legado_divergente.sql,20260707000500,20260707010105,p17_relatorio_gerencial_sem_bloco_legado_divergente,versao_divergente_conteudo_exato,exata,174e4e63b7d807c954229cbff4c343ff9b141a0f648e9bd7bcbe29df5d2c2bc0,174e4e63b7d807c954229cbff4c343ff9b141a0f648e9bd7bcbe29df5d2c2bc0,8851,8851,match por SHA-256 do SQL normalizado,
local,20260707163511_p18_relatorio_gerencial_reajuste_canonico.sql,20260707163511,20260707163511,p18_relatorio_gerencial_reajuste_canonico,versao_divergente_conteudo_divergente,nao_equivalente_textualmente,a845c382e08785d8bb4b6702e231c832b29bc8a8318d745cdac9e062389fc720,a7981dbed6290fe49b4a7c76de3832c1c0f1dc2b789115668ec78f301773cbf9,7205,6487,match por nome logico; SHA-256 diferente,
local,20260707171029_p19_relatorio_gerencial_inadimplencia_renovacao_admin.sql,20260707171029,20260707171029,p19_relatorio_gerencial_inadimplencia_renovacao_admin,versao_alinhada_conteudo_exato,exata,1fb5769220fa9f91a910c9bbfd586b88bbf2b6b9da694cb4f763224082c51325,1fb5769220fa9f91a910c9bbfd586b88bbf2b6b9da694cb4f763224082c51325,11852,11852,match por versao e SHA-256 do SQL normalizado,
local,20260707171302_p20_relatorio_gerencial_renovacao_null_status.sql,20260707171302,20260707171302,p20_relatorio_gerencial_renovacao_null_status,versao_alinhada_conteudo_exato,exata,1c90f77014932e0a6c09bbf06cc9f8040012a47d43dccc1147fd11c1dfcfc471,1c90f77014932e0a6c09bbf06cc9f8040012a47d43dccc1147fd11c1dfcfc471,6889,6889,match por versao e SHA-256 do SQL normalizado,
local,20260707183219_p21_relatorio_gerencial_comercial_mes_canonico.sql,20260707183219,20260707183219,p21_relatorio_gerencial_comercial_mes_canonico,versao_alinhada_conteudo_exato,exata,1675e2b305cfad692ebb7ead8d65afb086c41adb815123a4b2a239f4177d9d4b,1675e2b305cfad692ebb7ead8d65afb086c41adb815123a4b2a239f4177d9d4b,11507,11507,match por versao e SHA-256 do SQL normalizado,
local,20260707193000_p22_relatorio_gerencial_paridade_final.sql,20260707193000,20260707194807,p22_relatorio_gerencial_paridade_final,versao_divergente_conteudo_divergente,nao_equivalente_textualmente,9fd1cdf1185f1c36ff915c8a1ce519e1a899b09941852d04e4a9d233199cec6f,fda1afb4711fe1fba805c5521d73bb3aedad13c7a4ce7c6a4c8b66f14642a6b7,14379,14048,match por nome logico; SHA-256 diferente,
local,20260707210000_p23_financeiro_faturas_emusys_relatorios.sql,20260707210000,20260707211517,p23_financeiro_faturas_emusys_relatorios,versao_divergente_conteudo_divergente,nao_equivalente_textualmente,224a7ff215801041876d5a83f6092e2713cd4939d637debedee985321e49219f,5c1748c4a9e7a0ee410d81bedd7d143f0b6945b7f17ddb28e4cd075f934cf294,14754,14743,match por nome logico; SHA-256 diferente,
local,20260707211500_p24_financeiro_faturas_regex_parcela.sql,20260707211500,20260707212340,p24_financeiro_faturas_regex_parcela,versao_divergente_conteudo_exato,exata,62d8cfa4ce2d702feb7c6a4f6d19e37e504953353b001e931b5d7848848d4754,62d8cfa4ce2d702feb7c6a4f6d19e37e504953353b001e931b5d7848848d4754,8239,8239,match por SHA-256 do SQL normalizado,
local,20260707213500_p25_financeiro_faturas_ticket_aluno_unico.sql,20260707213500,20260707212951,p25_financeiro_faturas_ticket_aluno_unico,versao_divergente_conteudo_exato,exata,fff9180a069b5aeb621eb38536a69cb6d9b535c966fdd6028b86fa7f642a969d,fff9180a069b5aeb621eb38536a69cb6d9b535c966fdd6028b86fa7f642a969d,9228,9228,match por SHA-256 do SQL normalizado,
local,20260708120000_p26_pesquisas_1a_aula_status_acompanhamento.sql,20260708120000,20260708141757,p26_pesquisas_1a_aula_status_acompanhamento,versao_divergente_conteudo_exato,exata,739407bbeccfd63b55e4eee668f551721130e0de3ac0546e6681844fabd73ea9,739407bbeccfd63b55e4eee668f551721130e0de3ac0546e6681844fabd73ea9,6074,6074,match por SHA-256 do SQL normalizado,
local,20260708190000_jornada_canonica_matricula_disciplina.sql,20260708190000,20260708145817,jornada_canonica_matricula_disciplina,versao_divergente_conteudo_divergente,nao_equivalente_textualmente,4aa102c2b6e2d27bf562735a8a94596fdb45182355b81cdfd2bdb7efc18b9904,fc0cf62b26e96a3c72a7aef7a490d53cd7d954e015bb66d4d92228d72fea997d,8996,8515,match por nome logico; SHA-256 diferente,
local,20260708193000_jornada_canonica_security_invoker.sql,20260708193000,20260708162657,jornada_canonica_security_invoker,versao_divergente_conteudo_exato,exata,381ac1da70e9cee4b50fe1335104f52f3e496d5ab5f955ce368a10ca5b4406bf,381ac1da70e9cee4b50fe1335104f52f3e496d5ab5f955ce368a10ca5b4406bf,932,932,match por SHA-256 do SQL normalizado,
local,20260708210000_saude_crons_evidencia_real_fila_relatorios.sql,20260708210000,,,sem_par_remoto,sem_evidencia,b0ccf2eaf540318ffcec816aa1588a149eb7eea42a33b1a51366f5b0728816a1,,4396,,"sem match por versao, SHA-256 ou nome logico",
local,20260708220000_saude_crons_alertas_meta_ads_evidencia_real.sql,20260708220000,,,sem_par_remoto,sem_evidencia,4e4276d3b4f0891475439f7d0329f28ab0605855d603ba044660bfd6cb0e2281,,6879,,"sem match por versao, SHA-256 ou nome logico",
local,20260708220500_get_cron_health_is_http_post.sql,20260708220500,,,sem_par_remoto,sem_evidencia,6af33efbcf286c904bf64c469c79e9f83a37b0a7668ce0bb514d57a0013e00c4,,1431,,"sem match por versao, SHA-256 ou nome logico",
local,20260709120000_passagem_bastao_professores.sql,20260709120000,20260709123320,passagem_bastao_professores,versao_divergente_conteudo_exato,exata,14b13f01bcf41f1bc1efd40ec4aa538c2d1a40cc1d1b479fc6d23a60a3855f25,14b13f01bcf41f1bc1efd40ec4aa538c2d1a40cc1d1b479fc6d23a60a3855f25,13312,13312,match por SHA-256 do SQL normalizado,
local,20260709213803_la_teacher_009_carteira_fonte_unica.sql,20260709213803,20260709213803,la_teacher_009_carteira_fonte_unica,versao_divergente_conteudo_divergente,nao_equivalente_textualmente,1dbeb00a9948312fe77a869490c1cff0e67339c62b660d69accab93401a9437b,7500d895472686ef368b17b36e9efcd4771f5c84e11ffc2dc6eea85f69277e96,1806,1843,match por nome logico; SHA-256 diferente,
local,20260710120000_la_teacher_presenca_ponto.sql,20260710120000,,,sem_par_remoto,sem_evidencia,a5f55371cc2acfbf592c43997f9b5fff62026787427de34fa6397e1c030c1c23,,20376,,"sem match por versao, SHA-256 ou nome logico",
local,20260710121000_cron_sync_agenda_professor_emusys.sql,20260710121000,20260710185730,cron_sync_agenda_professor_emusys_20260710,versao_divergente_conteudo_exato,exata,fdc3c6340765b319d7e208b526301b9dfe4078b3fd8384ae77bca2a985bbed08,fdc3c6340765b319d7e208b526301b9dfe4078b3fd8384ae77bca2a985bbed08,1475,1475,match por SHA-256 do SQL normalizado,
local,20260710130000_disponibilidade_professor_espelho.sql,20260710130000,,,sem_par_remoto,sem_evidencia,041267c910104b92596b6ff96bf2aad86876107ebe948542e757d66d7d55c88e,,11735,,"sem match por versao, SHA-256 ou nome logico",
local,20260710140000_hardening_la_teacher_rls_indices.sql,20260710140000,20260710190622,hardening_la_teacher_rls_indices_20260710,versao_divergente_conteudo_exato,exata,a7c44043ce47ee567bacfbf967baa2274bb1b6dcc96030e09cb7eb1193c7c124,a7c44043ce47ee567bacfbf967baa2274bb1b6dcc96030e09cb7eb1193c7c124,2710,2710,match por SHA-256 do SQL normalizado,
local,20260710141000_corrige_contratos_la_teacher.sql,20260710141000,,,sem_par_remoto,sem_evidencia,578babf88867ca1f685fb65314879c92a2d2132c627fe18fb9237e9b1db2be40,,8286,,"sem match por versao, SHA-256 ou nome logico",
local,20260710142000_corrige_encoding_dias_disponibilidade.sql,20260710142000,20260710191724,corrige_encoding_dias_disponibilidade_20260710,versao_divergente_conteudo_exato,exata,8f9bc2dc93adf44f0aad6851e2743494d858be183aa37d4c5dccbb610ec41fc5,8f9bc2dc93adf44f0aad6851e2743494d858be183aa37d4c5dccbb610ec41fc5,1642,1642,match por SHA-256 do SQL normalizado,
local,20260710143000_la_teacher_validacao_claude_code.sql,20260710143000,20260710210138,la_teacher_validacao_claude_code,versao_divergente_conteudo_exato,exata,2145b4e8e02e47f11f62159fa60e88120ab869ac8162743f2dc479ec0c8f7142,2145b4e8e02e47f11f62159fa60e88120ab869ac8162743f2dc479ec0c8f7142,13944,13944,match por SHA-256 do SQL normalizado,
local,20260710144000_roster_d0_timeout_bootstrap.sql,20260710144000,20260710210450,roster_d0_timeout_bootstrap,versao_divergente_conteudo_exato,exata,902a0b4567393fa85b1f561ac011ee88a9f56ba0ab85c3167ae7eba5a6b21810,902a0b4567393fa85b1f561ac011ee88a9f56ba0ab85c3167ae7eba5a6b21810,2019,2019,match por SHA-256 do SQL normalizado,
local,20260710145000_roster_d0_timeout_robusto.sql,20260710145000,20260710210702,roster_d0_timeout_robusto,versao_divergente_conteudo_exato,exata,fe4d6f0753dcb332cbb9d27b5bdcbcac30712cbe36bf15ecc45d1f75bd8134f2,fe4d6f0753dcb332cbb9d27b5bdcbcac30712cbe36bf15ecc45d1f75bd8134f2,1453,1453,match por SHA-256 do SQL normalizado,
local,20260710150000_roster_conciliacao_emusys_id.sql,20260710150000,20260710211423,roster_conciliacao_emusys_id,versao_divergente_conteudo_exato,exata,d36edb4d7802b95b2a5cdd2a4e76fa7b776d79c9662ad2ad352f626555b3e31c,d36edb4d7802b95b2a5cdd2a4e76fa7b776d79c9662ad2ad352f626555b3e31c,678,678,match por SHA-256 do SQL normalizado,
local,20260711120000_features_churn_alunos_ativos.sql,20260711120000,20260711042300,features_churn_alunos_ativos,versao_divergente_conteudo_divergente,nao_equivalente_textualmente,d31bcbe64d86c6a1942b85a4ced345085cb63bbc864e9b57b17faeab9fc6f3e9,d40a51679e05e0ec517bb3260474f7bf46c35b54ef910b408a98549fc6fd6945,5236,3689,match por nome logico; SHA-256 diferente,
local,20260711120100_cron_calcular_risco_evasao.sql,20260711120100,20260711043528,cron_calcular_risco_evasao,versao_divergente_conteudo_divergente,nao_equivalente_textualmente,4df8defacf7960277c8fa21963a777579dd0146ab60c57391516251acf72c191,9fa2193112e287bd2bdda001b3f5da111f4b00465c4ea9aea5786e3f9233837b,1520,744,match por nome logico; SHA-256 diferente,
local,20260711120200_rls_risco_evasao_select.sql,20260711120200,20260711043937,rls_risco_evasao_select,versao_divergente_conteudo_divergente,nao_equivalente_textualmente,7ed5e88d957d1059194245d37b404e1fb476ec12086fde9fe82d97232943dd66,5de535ec037d4d72c74d1310e295a59106d408b64b0d63c2ba7fb928c7725df7,456,138,match por nome logico; SHA-256 diferente,
local,20260711120300_vw_risco_evasao_atual.sql,20260711120300,20260711044032,vw_risco_evasao_atual,versao_divergente_conteudo_divergente,nao_equivalente_textualmente,5779df27f685f4247a6965aed06bae5b66d87106a85197ca77f4fcde86779246,59d07224753bd3529ee76611cd9bd59af296c33668bd8d66b0ed3f7a32ef3d05,723,408,match por nome logico; SHA-256 diferente,
local,20260711143000_nao_renovacao_emusys_canonica.sql,20260711143000,20260711141950,nao_renovacao_emusys_canonica,versao_divergente_conteudo_exato,exata,031a0470ee9235dcff97a7319bf1292ae6aade8484fddebc4dac443e1ae1983e,031a0470ee9235dcff97a7319bf1292ae6aade8484fddebc4dac443e1ae1983e,6322,6322,match por SHA-256 do SQL normalizado,
local,20260711150000_nao_renovacao_emusys_idempotencia.sql,20260711150000,20260711143007,nao_renovacao_emusys_idempotencia,versao_divergente_conteudo_exato,exata,7ba16dad26b91bebd94789509daa4d4ad48bb9120413956ce22d7ca5d8cf3b3b,7ba16dad26b91bebd94789509daa4d4ad48bb9120413956ce22d7ca5d8cf3b3b,8325,8325,match por SHA-256 do SQL normalizado,
local,20260711151000_saneia_nao_renovacao_duplicada.sql,20260711151000,20260711143057,saneia_nao_renovacao_duplicada,versao_divergente_conteudo_exato,exata,261567cd44d8e5c893aa4ae7d615138f429e3355483cdd726e6d360e1385e690,261567cd44d8e5c893aa4ae7d615138f429e3355483cdd726e6d360e1385e690,1508,1508,match por SHA-256 do SQL normalizado,
local,20260711194341_kpis_professores_canonicos.sql,20260711194341,20260711194341,kpis_professores_canonicos,versao_alinhada_conteudo_exato,exata,9c9c8b18ab6fa6a0f59f6c1d24cc5a343dc212d4f9a837229eaeed374dbbd407,9c9c8b18ab6fa6a0f59f6c1d24cc5a343dc212d4f9a837229eaeed374dbbd407,19293,19293,match por versao e SHA-256 do SQL normalizado,
local,20260711195600_kpis_professores_conversao_canonica.sql,20260711195600,20260711195600,kpis_professores_conversao_canonica,versao_alinhada_conteudo_exato,exata,571ce98c1bf1d4920cfb82c674ae4d75a08b261329e14c1db2a5a216d3ab58f0,571ce98c1bf1d4920cfb82c674ae4d75a08b261329e14c1db2a5a216d3ab58f0,4702,4702,match por versao e SHA-256 do SQL normalizado,
local,20260711213000_totais_professores_canonicos.sql,20260711213000,20260711212920,totais_professores_canonicos,versao_divergente_conteudo_divergente,nao_equivalente_textualmente,f4fe1bc94731f8e42dec558f2553c99198b88bafe8c5544e8528f0a1353ed756,a70fa035e98e7713a097b88ab5ce239ab277eede6b59749e340e72410ef11f33,3853,3397,match por nome logico; SHA-256 diferente,
local,20260712120000_seguranca_aluno_p0_p1.sql,20260712120000,20260712110022,seguranca_aluno_p0_p1,versao_divergente_conteudo_divergente,nao_equivalente_textualmente,c024f01a4fdca3e4bb83ffbe2447c0170ccea7d39f68320e55d603e5dae4cc17,9fb90f9546378f16a4422880b69f5748cde77c7228039838da88c9f0861f2315,9144,9148,match por nome logico; SHA-256 diferente,
local,20260712121000_crm_midia_privado_p0.sql,20260712121000,20260712110548,crm_midia_privado_p0,versao_divergente_conteudo_exato,exata,1f355d4cf0fffe5407be79fef5ee628cb9de3e07fc1ff9383d34f884241778b2,1f355d4cf0fffe5407be79fef5ee628cb9de3e07fc1ff9383d34f884241778b2,978,978,match por SHA-256 do SQL normalizado,
local,20260712125644_isolar_anotacoes_fabio_emusys.sql,20260712125644,20260712125644,isolar_anotacoes_fabio_emusys,versao_alinhada_conteudo_exato,exata,cb8753a32c83d0bc7e0d92e2a0cdf83397452e5dd8e56cbec63008429fddc645,cb8753a32c83d0bc7e0d92e2a0cdf83397452e5dd8e56cbec63008429fddc645,5441,5441,match por versao e SHA-256 do SQL normalizado,
local,20260713214650_cron_sync_metadados_aulas_15min.sql,20260713214650,20260713214650,cron_sync_metadados_aulas_15min,versao_alinhada_conteudo_exato,exata,3b98cdf5322a7130f07f54e3df3204b0fa5bc60b25ff2d33c70a4f1df706ca80,3b98cdf5322a7130f07f54e3df3204b0fa5bc60b25ff2d33c70a4f1df706ca80,1584,1584,match por versao e SHA-256 do SQL normalizado,
local,20260713232404_kpis_professores_carteira_historica_canonica.sql,20260713232404,20260713232404,kpis_professores_carteira_historica_canonica,versao_alinhada_conteudo_exato,exata,aa3046ba068fb2e76eea29fa7201c20de2d2f72d22f5ffbe4ae77ec8bc7cc16c,aa3046ba068fb2e76eea29fa7201c20de2d2f72d22f5ffbe4ae77ec8bc7cc16c,14621,14621,match por versao e SHA-256 do SQL normalizado,
local,20260713233627_kpis_professores_carteira_rpc_segura.sql,20260713233627,20260713233627,kpis_professores_carteira_rpc_segura,versao_alinhada_conteudo_exato,exata,e98f65349af0b224ab21fc5d078adb5dd6065d45c87e5eb8bd40eb41375f76c6,e98f65349af0b224ab21fc5d078adb5dd6065d45c87e5eb8bd40eb41375f76c6,1487,1487,match por versao e SHA-256 do SQL normalizado,
local,20260714152202_normalizar_caixa_cofre_nao_dinheiro.sql,20260714152202,20260714152202,normalizar_caixa_cofre_nao_dinheiro,versao_alinhada_conteudo_exato,exata,b49ea2b3fbe827ee105fbad7b9b36b1adb9cd127c9fcd00f634542b33bcaeedb,b49ea2b3fbe827ee105fbad7b9b36b1adb9cd127c9fcd00f634542b33bcaeedb,873,873,match por versao e SHA-256 do SQL normalizado,
local,20260714190000_professores_identidade_emusys_canonica.sql,20260714190000,20260714184754,professores_identidade_emusys_canonica,versao_divergente_conteudo_divergente,nao_equivalente_textualmente,90c2eb2e1ff95f5aee05fa501a8a2c5ee50c5ce8942a68d60f4a27edcd6c906b,80b8507556c95d0050b4ff42a9322e90adab3eff66eb02a5d48957ae3651fb54,21966,21972,match por nome logico; SHA-256 diferente,
local,20260714193000_professores_identidades_historicas_reparo.sql,20260714193000,20260714185847,professores_identidades_historicas_reparo,versao_divergente_conteudo_exato,exata,c56de5c5f16981a34dd45197a20183eef886f21520449075b43a89f7abc1cd17,c56de5c5f16981a34dd45197a20183eef886f21520449075b43a89f7abc1cd17,6729,6729,match por SHA-256 do SQL normalizado,
local,20260714204845_registrar_experimental_dedup_chave_negocio.sql,20260714204845,20260714233947,registrar_experimental_dedup_chave_negocio,versao_divergente_conteudo_divergente,nao_equivalente_textualmente,02ca4d22b893c654aa7f52efd6cb1c342b21817e9a28edbac69a3de8acf484a5,73ac8defdf9b57bae5d3960604473f37242fdcd626b50741a3e9b21617370763,6766,5953,match por nome logico; SHA-256 diferente,
local,20260714233000_professores_performance_junho_canonica.sql,20260714233000,20260714221010,professores_performance_junho_canonica,versao_divergente_conteudo_exato,exata,630418546c5089b28e54571de6866e2439dcdc273613ea6947f54f8f96d3066c,630418546c5089b28e54571de6866e2439dcdc273613ea6947f54f8f96d3066c,21588,21588,match por SHA-256 do SQL normalizado,
local,20260714234500_professores_conversao_vinculo_direto.sql,20260714234500,20260714221422,professores_conversao_vinculo_direto,versao_divergente_conteudo_exato,exata,c749c25d4501ec77b3493f255910ba2c10e0eff2c958cb8f62cfb1d014262634,c749c25d4501ec77b3493f255910ba2c10e0eff2c958cb8f62cfb1d014262634,4953,4953,match por SHA-256 do SQL normalizado,
local,20260714235500_professores_snapshot_fechamento_automatico.sql,20260714235500,20260714223600,professores_snapshot_fechamento_automatico,versao_divergente_conteudo_exato,exata,9934ec741405fb62e0beefbcf13ed02fae5f8f467a90bfad3a20faf0cfa79d05,9934ec741405fb62e0beefbcf13ed02fae5f8f467a90bfad3a20faf0cfa79d05,5000,5000,match por SHA-256 do SQL normalizado,
local,20260715120000_contrato_pedagogico_contencao_p0.sql,20260715120000,20260715113038,contrato_pedagogico_contencao_p0,versao_divergente_equivalencia_semantica,semantica_comprovada,f14bc1fdd6b802dcae56b5e24ace7a2b861e332923e3eaafd8ce35803ed9b674,3bb45891a92f652736f2ac46d61057e1b812ef5f554fa537308a17f2df6dc765,1709,1269,diff manual local versus SQL fetched da producao,Diff manual contra 20260715113038: apenas comentarios e terminador SQL redundante; DDL semanticamente equivalente. | colisao local 20260715120000: 20260715120000_contrato_pedagogico_contencao_p0.sql;20260715120000_criar_inadimplencia_emusys_cache.sql
local,20260715120000_criar_inadimplencia_emusys_cache.sql,20260715120000,20260715210438,criar_inadimplencia_emusys_cache,versao_divergente_conteudo_exato,exata,f39505bee10cb1c571e57f57449f14bb1a862b674c5e621926f464775d11716e,f39505bee10cb1c571e57f57449f14bb1a862b674c5e621926f464775d11716e,1381,1381,match por SHA-256 do SQL normalizado,colisao local 20260715120000: 20260715120000_contrato_pedagogico_contencao_p0.sql;20260715120000_criar_inadimplencia_emusys_cache.sql
local,20260715120500_cron_sync_inadimplencia_emusys.sql,20260715120500,20260715212639,cron_sync_inadimplencia_emusys,versao_divergente_conteudo_exato,exata,f07f7dd098fc98da54dd5a30578e819d89f11613ab1c300f5e9c79819f63bc11,f07f7dd098fc98da54dd5a30578e819d89f11613ab1c300f5e9c79819f63bc11,4300,4300,match por SHA-256 do SQL normalizado,
local,20260715130000_identidade_carteira_pedagogica_sombra.sql,20260715130000,20260715113704,identidade_carteira_pedagogica_sombra,versao_divergente_conteudo_exato,exata,52a5ea263e0e7ec4c32594616ac414f77621bcc96798d164612124bc03675945,52a5ea263e0e7ec4c32594616ac414f77621bcc96798d164612124bc03675945,5736,5736,match por SHA-256 do SQL normalizado,
local,20260715131500_carteira_sombra_resolver_identidade_local.sql,20260715131500,20260715113944,carteira_sombra_resolver_identidade_local,versao_divergente_conteudo_exato,exata,1f8b4c242b3f4a42fe47c71579725713f9544d45936eea99410b985d60c03528,1f8b4c242b3f4a42fe47c71579725713f9544d45936eea99410b985d60c03528,4090,4090,match por SHA-256 do SQL normalizado,
local,20260715140000_presenca_semantica_canonica_sombra.sql,20260715140000,20260715114544,presenca_semantica_canonica_sombra,versao_divergente_conteudo_exato,exata,896a04c9230390d744244ea962c4eb3e638c53c3f4898c658012f02c4801c550,896a04c9230390d744244ea962c4eb3e638c53c3f4898c658012f02c4801c550,3738,3738,match por SHA-256 do SQL normalizado,
local,20260715150000_professores_media_turma_pessoa_turma.sql,20260715150000,20260715115307,professores_media_turma_pessoa_turma,versao_divergente_conteudo_exato,exata,3fe9480385d650124f6df4cac32a93abc037c67738bd37a3a8de1328226b32ba,3fe9480385d650124f6df4cac32a93abc037c67738bd37a3a8de1328226b32ba,11074,11074,match por SHA-256 do SQL normalizado,
local,20260715151000_professores_media_turma_pessoas_unicas.sql,20260715151000,20260715115900,professores_media_turma_pessoas_unicas,versao_divergente_conteudo_exato,exata,6e07ccc88fa08da5bd555fdd00d57a83113053a8cbbfed2ed3a6802b57c029e8,6e07ccc88fa08da5bd555fdd00d57a83113053a8cbbfed2ed3a6802b57c029e8,1895,1895,match por SHA-256 do SQL normalizado,
local,20260715160000_frequencia_churn_canonico_sombra.sql,20260715160000,20260715120915,frequencia_churn_canonico_sombra,versao_divergente_conteudo_exato,exata,ea8b33db120bc6f89c5d6217a23e4e0aed5537f06e7f3f3855930da63ee0075c,ea8b33db120bc6f89c5d6217a23e4e0aed5537f06e7f3f3855930da63ee0075c,11592,11592,match por SHA-256 do SQL normalizado,
local,20260715161000_frequencia_churn_sombra_performance.sql,20260715161000,20260715121834,frequencia_churn_sombra_performance,versao_divergente_conteudo_exato,exata,2a6c85364944a1b21e018f6bd94d3f6ec48326491d985d386eb51496aeeece60,2a6c85364944a1b21e018f6bd94d3f6ec48326491d985d386eb51496aeeece60,7901,7901,match por SHA-256 do SQL normalizado,
local,20260715162000_sync_presenca_emusys_evidencia_bruta.sql,20260715162000,20260715122653,sync_presenca_emusys_evidencia_bruta,versao_divergente_conteudo_exato,exata,d8b71e09665e696ec991d7b24e78b772033143e707218a8b194729f58aec9857,d8b71e09665e696ec991d7b24e78b772033143e707218a8b194729f58aec9857,3989,3989,match por SHA-256 do SQL normalizado,
local,20260715163000_presenca_semantica_evidencia_bruta.sql,20260715163000,20260715124547,presenca_semantica_evidencia_bruta,versao_divergente_conteudo_exato,exata,b1b487af55a9213818d216d7520aab64c4a1205a638b41174c8e414487abb331,b1b487af55a9213818d216d7520aab64c4a1205a638b41174c8e414487abb331,4446,4446,match por SHA-256 do SQL normalizado,
local,20260715164000_pausar_modelo_churn_legado.sql,20260715164000,20260715124745,pausar_modelo_churn_legado,versao_divergente_conteudo_exato,exata,04455c557af5b565f960fb520580a89629e6a8feeeec23980814cd63eeca412f,04455c557af5b565f960fb520580a89629e6a8feeeec23980814cd63eeca412f,487,487,match por SHA-256 do SQL normalizado,
local,20260715165000_health_score_aluno_canonico_sombra.sql,20260715165000,20260715125129,health_score_aluno_canonico_sombra,versao_divergente_conteudo_exato,exata,69791aede0544c72a2bc7c1b9cb8617d0b7f8f873f5be444512f9b4ce707d4f4,69791aede0544c72a2bc7c1b9cb8617d0b7f8f873f5be444512f9b4ce707d4f4,5088,5088,match por SHA-256 do SQL normalizado,
local,20260715170000_frequencia_aluno_canonica_rpc.sql,20260715170000,20260715125604,frequencia_aluno_canonica_rpc,versao_divergente_conteudo_exato,exata,5e4d4ba91c41dc60294fd70d31583fd8e20503291e113535e4a5ad8f7962b4ec,5e4d4ba91c41dc60294fd70d31583fd8e20503291e113535e4a5ad8f7962b4ec,11431,11431,match por SHA-256 do SQL normalizado,
local,20260715171000_frequencia_professor_canonica_sombra.sql,20260715171000,20260715131054,frequencia_professor_canonica_sombra,versao_divergente_conteudo_exato,exata,75fa624f6ed128a7884fb21ba29acd8ee63bd73ba31f2bd7251ca4c1395bd07d,75fa624f6ed128a7884fb21ba29acd8ee63bd73ba31f2bd7251ca4c1395bd07d,6880,6880,match por SHA-256 do SQL normalizado,
local,20260715172000_frequencia_professor_publicavel.sql,20260715172000,20260715131537,frequencia_professor_publicavel,versao_divergente_conteudo_exato,exata,91af0412b7fe87ad7ecb07df3d6f97ab3e06d929e9d022cd6fd7e026e7f77d8e,91af0412b7fe87ad7ecb07df3d6f97ab3e06d929e9d022cd6fd7e026e7f77d8e,2059,2059,match por SHA-256 do SQL normalizado,
local,20260715173000_kpis_professor_presenca_publicavel_v2.sql,20260715173000,20260715132415,kpis_professor_presenca_publicavel_v2,versao_divergente_conteudo_exato,exata,187f7d312a81e7225d3bf244b0a1a8dfc30deae1d6640501cfc32915f46dc16d,187f7d312a81e7225d3bf244b0a1a8dfc30deae1d6640501cfc32915f46dc16d,4591,4591,match por SHA-256 do SQL normalizado,
local,20260715173500_kpis_professor_unidade_compat.sql,20260715173500,20260715132814,kpis_professor_unidade_compat,versao_divergente_conteudo_exato,exata,ab4c7e24818d8560a66edff346defa255dab21b2523b669b0f7f6da73b78297b,ab4c7e24818d8560a66edff346defa255dab21b2523b669b0f7f6da73b78297b,4610,4610,match por SHA-256 do SQL normalizado,
local,20260715180000_fabio_consumidores_pedagogicos_canonicos.sql,20260715180000,,,sem_par_remoto,sem_evidencia,ab1c714eeb9cd04ebaabcc240e05bcacfb79e03f977579f4fc0402473c768cf6,,18846,,"sem match por versao, SHA-256 ou nome logico",
local,20260715181000_kpis_professor_legado_wrapper_seguro.sql,20260715181000,20260715155511,kpis_professor_legado_wrapper_seguro,versao_divergente_conteudo_divergente,nao_equivalente_textualmente,a3ff4d10c2cc78e193bbe4d39064539216cc7b0d62b0071f300f0eeb1da9abe1,813b6d950bda458c32e879a3d6bb84e865d8f4250352b2d4e09b370197d18868,2571,2452,match por nome logico; SHA-256 diferente,
local,20260715202505_presenca_politica_unidades_conciliacao.sql,20260715202505,20260715202505,presenca_politica_unidades_conciliacao,versao_alinhada_conteudo_exato,exata,31e60483bc8df2da55e438a6b56a83fd3b319ca0269b86eb9ffbd9db92759bf7,31e60483bc8df2da55e438a6b56a83fd3b319ca0269b86eb9ffbd9db92759bf7,24682,24682,match por versao e SHA-256 do SQL normalizado,
local,20260715202845_presenca_politica_conciliacao_privilegios.sql,20260715202845,20260715202845,presenca_politica_conciliacao_privilegios,versao_alinhada_conteudo_exato,exata,d3bd68f34018c9dff093bc0773aa724b4a19d39ab79c8660b4fe1b0de473f65e,d3bd68f34018c9dff093bc0773aa724b4a19d39ab79c8660b4fe1b0de473f65e,1609,1609,match por versao e SHA-256 do SQL normalizado,
local,20260715203155_presenca_conciliacao_apenas_emusys.sql,20260715203155,20260715203155,presenca_conciliacao_apenas_emusys,versao_alinhada_conteudo_exato,exata,2be10bb90df52b1e63a9c8f2df9e18e74a756093e99d1380369e0b8a2df9d7f7,2be10bb90df52b1e63a9c8f2df9e18e74a756093e99d1380369e0b8a2df9d7f7,6924,6924,match por versao e SHA-256 do SQL normalizado,
local,20260715203500_presenca_revisoes_indices.sql,20260715203500,20260715203500,presenca_revisoes_indices,versao_alinhada_conteudo_exato,exata,f376d0eb3fd46268628c19f7457ec5d7e14e82048d87095f7a7bd07c7790680b,f376d0eb3fd46268628c19f7457ec5d7e14e82048d87095f7a7bd07c7790680b,343,343,match por versao e SHA-256 do SQL normalizado,
local,20260715224149_professores_saidas_fator_demanda_canonicos.sql,20260715224149,20260715224149,professores_saidas_fator_demanda_canonicos,versao_alinhada_conteudo_exato,exata,6c06a39964aaa7bf78778612409747b026aaaf1a368b40589d8083b9d8ec7f33,6c06a39964aaa7bf78778612409747b026aaaf1a368b40589d8083b9d8ec7f33,22416,22416,match por versao e SHA-256 do SQL normalizado,
local,20260715224525_reparo_erick_osmy_vinculo_operacional.sql,20260715224525,20260715224525,reparo_erick_osmy_vinculo_operacional,versao_alinhada_conteudo_exato,exata,f09d44fd3cff666ffa77dd7ec48415a5155ee068ac2804f5551f1fff337eb097,f09d44fd3cff666ffa77dd7ec48415a5155ee068ac2804f5551f1fff337eb097,3286,3286,match por versao e SHA-256 do SQL normalizado,
local,20260715232057_otimiza_kpis_professor_canonico_v3.sql,20260715232057,20260715232057,otimiza_kpis_professor_canonico_v3,versao_alinhada_conteudo_exato,exata,e66496228431962f7009ecd3cc8879b3476aeb5eec298443d4a2351f77180954,e66496228431962f7009ecd3cc8879b3476aeb5eec298443d4a2351f77180954,8442,8442,match por versao e SHA-256 do SQL normalizado,
local,20260715233500_otimiza_conciliacao_experimentais_segura.sql,20260715233500,20260716005058,otimiza_conciliacao_experimentais_segura,versao_divergente_conteudo_exato,exata,d36122c5e72c6eeee1bd3aa64ccea1c4c81890973a3ee89ff16f910a8ef11b06,d36122c5e72c6eeee1bd3aa64ccea1c4c81890973a3ee89ff16f910a8ef11b06,5942,5942,match por SHA-256 do SQL normalizado,
local,20260716155305_health_score_v3_staging_historico.sql,20260716155305,20260716155305,health_score_v3_staging_historico,versao_alinhada_conteudo_exato,exata,619a71ac9a2a834e3d8f9723b92a56b50665d0490b05d9c56553753892e087e5,619a71ac9a2a834e3d8f9723b92a56b50665d0490b05d9c56553753892e087e5,18438,18438,match por versao e SHA-256 do SQL normalizado,
local,20260716155615_health_score_v3_staging_isolamento_roles.sql,20260716155615,20260716155615,health_score_v3_staging_isolamento_roles,versao_alinhada_conteudo_exato,exata,db161e4076203faad708c2f9fe5d3af2616fb62b38b7ee8efff0510b8055d71b,db161e4076203faad708c2f9fe5d3af2616fb62b38b7ee8efff0510b8055d71b,2593,2593,match por versao e SHA-256 do SQL normalizado,
local,20260716162325_health_score_v3_periodos_professor.sql,20260716162325,20260716162325,health_score_v3_periodos_professor,versao_divergente_conteudo_divergente,nao_equivalente_textualmente,4f82dc7852084235b80b7a76a27614e11051b9121a789f603f7199ce6b7db3a8,510a2bcfe1f162d1fd9c541c1d33fb816bbe58a0c1fdff8f19887ccba23621e9,19809,19661,match por nome logico; SHA-256 diferente,
local,20260716162504_health_score_v3_periodos_isolamento_roles.sql,20260716162504,20260716162504,health_score_v3_periodos_isolamento_roles,versao_alinhada_conteudo_exato,exata,a58dedbc64182a5d2c8458e90e1783b56a227190390d54ad2b0b38f3415c66cd,a58dedbc64182a5d2c8458e90e1783b56a227190390d54ad2b0b38f3415c66cd,855,855,match por versao e SHA-256 do SQL normalizado,
local,20260716165705_health_score_v3_periodos_chave_fallback.sql,20260716165705,20260716165705,health_score_v3_periodos_chave_fallback,versao_divergente_conteudo_divergente,nao_equivalente_textualmente,328d19b2e41b91decf823342712fa960e85eecd6957f655ad936d02f9ed9d968,351e04f6238c006f37fd2625cc202b4f8381d5ad0efcb5c0374aef85a7ad1331,1655,1461,match por nome logico; SHA-256 diferente,
local,20260716183023_health_score_v3_periodos_service_role_minimo.sql,20260716183023,20260716183023,health_score_v3_periodos_service_role_minimo,versao_alinhada_conteudo_exato,exata,252c00b72cb0b3e84d2527e9a46a2431a0421bf4c34d1b1e90a88c2b617fd325,252c00b72cb0b3e84d2527e9a46a2431a0421bf4c34d1b1e90a88c2b617fd325,799,799,match por versao e SHA-256 do SQL normalizado,
local,20260716184500_health_score_v3_reconstrucao_particionada.sql,20260716184500,20260716210232,health_score_v3_reconstrucao_particionada,versao_divergente_conteudo_exato,exata,66c02af84bf9b1f6396b7002462600ba9f7cba4cf5a9d3af62ad652744148035,66c02af84bf9b1f6396b7002462600ba9f7cba4cf5a9d3af62ad652744148035,18787,18787,match por SHA-256 do SQL normalizado,
local,20260716185500_otimiza_eventos_reconstrucao_particionada.sql,20260716185500,20260716210632,otimiza_eventos_reconstrucao_particionada,versao_divergente_conteudo_exato,exata,065639533d90f2a9079732f562b144893a70b80490db92f0784c04b188d5eefe,065639533d90f2a9079732f562b144893a70b80490db92f0784c04b188d5eefe,4369,4369,match por SHA-256 do SQL normalizado,
local,20260716190500_manifesto_reconstrucao_particionada.sql,20260716190500,20260716211304,manifesto_reconstrucao_particionada,versao_divergente_conteudo_exato,exata,3a45648f7cf4170135cb3f8e9de188459c0832472b85fca418dd167aacfb7cc5,3a45648f7cf4170135cb3f8e9de188459c0832472b85fca418dd167aacfb7cc5,10033,10033,match por SHA-256 do SQL normalizado,
local,20260717095000_health_score_v3_transicoes_atribuicao.sql,20260717095000,20260717125819,health_score_v3_transicoes_atribuicao,versao_divergente_conteudo_exato,exata,971a4d98a9257d0f7d2aef41324dc0c1b1a0b472f62ed8d4fd32d50047beb672,971a4d98a9257d0f7d2aef41324dc0c1b1a0b472f62ed8d4fd32d50047beb672,8627,8627,match por SHA-256 do SQL normalizado,
local,20260717101500_health_score_v3_transicoes_indices_rls.sql,20260717101500,20260717130530,health_score_v3_transicoes_indices_rls,versao_divergente_conteudo_exato,exata,3da8d5fd0ecde85f99e85b7ef2a1cf63c0a9ee426e5a1a70739c561b3107da32,3da8d5fd0ecde85f99e85b7ef2a1cf63c0a9ee426e5a1a70739c561b3107da32,1561,1561,match por SHA-256 do SQL normalizado,
local,20260717113000_health_score_v3_metricas_sombra.sql,20260717113000,20260717153132,health_score_v3_metricas_sombra,versao_divergente_conteudo_exato,exata,805d920962b714482b9c1730a6e9734ad0654ac752baca1bcfca4037b10215a9,805d920962b714482b9c1730a6e9734ad0654ac752baca1bcfca4037b10215a9,51065,51065,match por SHA-256 do SQL normalizado,
local,20260717114500_health_score_v3_media_turma_performance.sql,20260717114500,20260717154308,health_score_v3_media_turma_performance,versao_divergente_conteudo_exato,exata,7f9fd56641a832eda2e15caf4a8457cee85c40fdde4815b2a78f7798e6c7cb3e,7f9fd56641a832eda2e15caf4a8457cee85c40fdde4815b2a78f7798e6c7cb3e,9143,9143,match por SHA-256 do SQL normalizado,
local,20260717170000_health_score_v3_config_snapshots.sql,20260717170000,20260717170911,health_score_v3_config_snapshots,versao_divergente_conteudo_exato,exata,b299f6b1d7bfa488ae0eb37f357551360d424b786df9b7136f5a0f5f4935ab6e,b299f6b1d7bfa488ae0eb37f357551360d424b786df9b7136f5a0f5f4935ab6e,38202,38202,match por SHA-256 do SQL normalizado,
local,20260717173000_health_score_v3_service_role_readonly.sql,20260717173000,20260717171028,health_score_v3_service_role_readonly,versao_divergente_conteudo_exato,exata,40d097e3ac323b6bde523bf28e0900c1902661e0c5bda113b55ec32e86d5541c,40d097e3ac323b6bde523bf28e0900c1902661e0c5bda113b55ec32e86d5541c,1073,1073,match por SHA-256 do SQL normalizado,
local,20260717174500_health_score_v3_fk_indexes.sql,20260717174500,20260717172556,health_score_v3_fk_indexes,versao_divergente_conteudo_divergente,nao_equivalente_textualmente,21d437c40fe0e2e390302656762ecd7fa96f9c8cd27f2edd9b03602428c824c7,912a24f862e159b9f910dd3e1cabf24227e6bc22bed9f2d9ed17c57c0f20d750,999,859,match por nome logico; SHA-256 diferente,
local,20260717180000_health_score_v3_normalizacao_meta.sql,20260717180000,20260717181528,health_score_v3_normalizacao_meta,versao_divergente_conteudo_exato,exata,7b5fe2e24913ecb4ae7b3ad89d08c9d11ab1d1ba3158445e15049054481832a0,7b5fe2e24913ecb4ae7b3ad89d08c9d11ab1d1ba3158445e15049054481832a0,7162,7162,match por SHA-256 do SQL normalizado,
local,20260717190000_health_score_v3_permanencia_historica.sql,20260717190000,20260717201526,health_score_v3_permanencia_historica,versao_divergente_conteudo_exato,exata,3224017b8a94d32c4f6ab473bb7b80395d36dae38718cbebb566939210eab4f2,3224017b8a94d32c4f6ab473bb7b80395d36dae38718cbebb566939210eab4f2,6990,6990,match por SHA-256 do SQL normalizado,
local,20260717200000_health_score_v3_retencao_transicao.sql,20260717200000,20260717202428,health_score_v3_retencao_transicao,versao_divergente_conteudo_divergente,nao_equivalente_textualmente,8f7df4ce77e0023e9d1c92345d0b738fe2175505624290f1541079cdf3b8a69a,ea1a5c13c9f121ffd2031b21f42e1de54642c20422d3fd8506a34c3899edd782,7714,7219,match por nome logico; SHA-256 diferente,
local,20260717210000_health_score_v3_permanencia_bloqueio_valor_parcial.sql,20260717210000,20260717213010,health_score_v3_permanencia_bloqueio_valor_parcial,versao_divergente_conteudo_exato,exata,4fc9eae293e564ca2b76e98fc376dd545b974777bd2e0a2e934e76759f6c036d,4fc9eae293e564ca2b76e98fc376dd545b974777bd2e0a2e934e76759f6c036d,7202,7202,match por SHA-256 do SQL normalizado,
local,20260717213000_health_score_v3_permanencia_config_historico_incompleto.sql,20260717213000,20260717214743,health_score_v3_permanencia_config_historico_incompleto,versao_divergente_conteudo_exato,exata,ac663d069936b90d5e137fe6dcc11bbcd78faecd34354aaf229621343cc554c8,ac663d069936b90d5e137fe6dcc11bbcd78faecd34354aaf229621343cc554c8,810,810,match por SHA-256 do SQL normalizado,
local,20260717223000_health_score_v3_carteira_ativa_contexto.sql,20260717223000,20260717234702,health_score_v3_carteira_ativa_contexto,versao_divergente_conteudo_exato,exata,54422909717bcf5c3e06737a2c832827a7258d4cc3b87e04d3ba2f96d6bedae2,54422909717bcf5c3e06737a2c832827a7258d4cc3b87e04d3ba2f96d6bedae2,3302,3302,match por SHA-256 do SQL normalizado,
local,20260717223500_health_score_v3_permanencia_bloqueio_revisao_parcial.sql,20260717223500,20260717235409,health_score_v3_permanencia_bloqueio_revisao_parcial,versao_divergente_conteudo_exato,exata,c3c00908fc04e2a7b4d17035c89e01a3e0d400a81cc656b4d9c63a30d6d2817a,c3c00908fc04e2a7b4d17035c89e01a3e0d400a81cc656b4d9c63a30d6d2817a,7621,7621,match por SHA-256 do SQL normalizado,
local,20260717224500_health_score_v3_revisoes_periodos_efetivos.sql,20260717224500,20260718005310,health_score_v3_revisoes_periodos_efetivos,versao_divergente_conteudo_divergente,nao_equivalente_textualmente,bc0cd7807dabc215b52bb91b1adf45542e0ab0fb1c0f2e44e71e236b1f12efd5,f44216d03f69c35811d33b4c0627b626c1bc64b03ea432f73a5383b5b00db53e,14188,13461,match por nome logico; SHA-256 diferente,
local,20260717225000_health_score_v3_revisoes_roles_isolamento.sql,20260717225000,20260718005459,health_score_v3_revisoes_roles_isolamento,versao_divergente_conteudo_exato,exata,a6efb0365eec0e456b1a8157bb44836424616fe8586adbae23269f9cd7ca85a4,a6efb0365eec0e456b1a8157bb44836424616fe8586adbae23269f9cd7ca85a4,952,952,match por SHA-256 do SQL normalizado,
local,20260717225500_health_score_v3_manifesto_fonte_auditoria.sql,20260717225500,20260718011311,health_score_v3_manifesto_fonte_auditoria,versao_divergente_conteudo_exato,exata,21a44166cb4b7bf030b304d1a3debde2b75b03dd22a00b289d63cba822ded004,21a44166cb4b7bf030b304d1a3debde2b75b03dd22a00b289d63cba822ded004,7184,7184,match por SHA-256 do SQL normalizado,
local,20260717230000_health_score_v3_permanencia_aviso_condicional.sql,20260717230000,20260718012936,health_score_v3_permanencia_aviso_condicional,versao_divergente_conteudo_exato,exata,8eccbd777bbe6297a4f317c0d3cea22dd234d76d209d722c0a67c0feee23ba7b,8eccbd777bbe6297a4f317c0d3cea22dd234d76d209d722c0a67c0feee23ba7b,7768,7768,match por SHA-256 do SQL normalizado,
local,20260718160000_health_score_v3_meta_permanencia_12_meses.sql,20260718160000,20260718145447,health_score_v3_meta_permanencia_12_meses,versao_divergente_conteudo_exato,exata,7f257cb7ee3c9a30dfb662961ef1ba9d083d0ca6b517f872188e704d3824662a,7f257cb7ee3c9a30dfb662961ef1ba9d083d0ca6b517f872188e704d3824662a,1973,1973,match por SHA-256 do SQL normalizado,
local,20260718183000_health_score_v3_meta_conversao_70_ativa.sql,20260718183000,20260718162950,health_score_v3_meta_conversao_70_ativa,versao_divergente_conteudo_exato,exata,1a8a6c77841e141880af46658ed830806cfd358a760b6b7ebee1825c1933ddf8,1a8a6c77841e141880af46658ed830806cfd358a760b6b7ebee1825c1933ddf8,2251,2251,match por SHA-256 do SQL normalizado,
local,20260718190000_health_score_v3_comparacao_sombra.sql,20260718190000,20260718163018,health_score_v3_comparacao_sombra,versao_divergente_conteudo_exato,exata,8e16fce49692bea6c462b77ee8a2f66c91c17e19538bc87ed74c158d2fda614f,8e16fce49692bea6c462b77ee8a2f66c91c17e19538bc87ed74c158d2fda614f,6117,6117,match por SHA-256 do SQL normalizado,
local,20260718191500_health_score_v3_gate6_isolamento_roles.sql,20260718191500,20260718163337,health_score_v3_gate6_isolamento_roles,versao_divergente_conteudo_exato,exata,d5fecf99fbb57f7f395601a1e880ca5838e7eff25641fcf986d01ad68aa79019,d5fecf99fbb57f7f395601a1e880ca5838e7eff25641fcf986d01ad68aa79019,953,953,match por SHA-256 do SQL normalizado,
local,20260718210000_health_score_v3_config_ui_gate7.sql,20260718210000,20260718165948,health_score_v3_config_ui_gate7,versao_divergente_conteudo_exato,exata,bf39d29c039fea743d634a6c16a8ffb4bc22c7d978abe748b3b9721ddeb01441,bf39d29c039fea743d634a6c16a8ffb4bc22c7d978abe748b3b9721ddeb01441,21443,21443,match por SHA-256 do SQL normalizado,
local,20260718211500_health_score_v3_config_simulation_guard_gate7.sql,20260718211500,20260718170844,health_score_v3_config_simulation_guard_gate7,versao_divergente_conteudo_exato,exata,47049d9c4b3cf73ab6285c552995ea05ded2443e752c7d5dba6018bb7483c95a,47049d9c4b3cf73ab6285c552995ea05ded2443e752c7d5dba6018bb7483c95a,8341,8341,match por SHA-256 do SQL normalizado,
local,20260718223000_health_score_v3_modal_gate8.sql,20260718223000,20260718172218,health_score_v3_modal_gate8,versao_divergente_conteudo_exato,exata,361b59e229a01cb476f96bff9353f43789acafbf2ed454fc8cba79e1e0ecaff8,361b59e229a01cb476f96bff9353f43789acafbf2ed454fc8cba79e1e0ecaff8,3223,3223,match por SHA-256 do SQL normalizado,
local,20260718230000_fatia3b_reconciliacao_frescor_faturas.sql,20260718230000,20260718174223;20260718174455,20260718190000_fatia3b_reconciliacao_frescor_faturas;20260718190000_fatia3b_reconciliacao_frescor_faturas,versao_divergente_multiplos_remotos,nao_equivalente_textualmente,964cf854498dee840b3eceb6632c89f968ae5d198c591e83b47d725c3d92e336,84c361c21ebb50c0ab80f74e302c5dee1ab77dc4c5e2b78a70c7266e33fa54c2;2366e4072f7e7eea77bee6529385fd9924f4b409a64b811de184a96dd505484d,33555,106;32150,match por nome logico; SHA-256 diferente,
local,20260718233000_health_score_v3_gate8_observacoes.sql,20260718233000,20260718180040,health_score_v3_gate8_observacoes,versao_divergente_conteudo_exato,exata,1cbce604b4b4f28226979f4d03d0fd5fb8b84bc676f0cd90893f7b21e9fef01a,1cbce604b4b4f28226979f4d03d0fd5fb8b84bc676f0cd90893f7b21e9fef01a,12245,12245,match por SHA-256 do SQL normalizado,
local,20260718234000_health_score_v3_gate8_observacoes_performance.sql,20260718234000,20260718180946,health_score_v3_gate8_observacoes_performance,versao_divergente_conteudo_exato,exata,21c6921ad2008a595ac98b2d6718546ca88d9c55b2c6853fe3bedd5527159bd5,21c6921ad2008a595ac98b2d6718546ca88d9c55b2c6853fe3bedd5527159bd5,12228,12228,match por SHA-256 do SQL normalizado,
local,20260718235000_health_score_v3_gate8_presenca_auditoria.sql,20260718235000,20260718184911,health_score_v3_gate8_presenca_auditoria,versao_divergente_conteudo_exato,exata,0aa3a2980a0793060303907f4c155208c77e903b93afe53985710efdcdb13fc3,0aa3a2980a0793060303907f4c155208c77e903b93afe53985710efdcdb13fc3,13154,13154,match por SHA-256 do SQL normalizado,
local,20260719001000_health_score_v3_performance_gate8.sql,20260719001000,20260718192338,health_score_v3_performance_gate8,versao_divergente_conteudo_exato,exata,1d692a643a6b214b78feabc506665d55258cfeab4005b1b2e509a4c86515db73,1d692a643a6b214b78feabc506665d55258cfeab4005b1b2e509a4c86515db73,3365,3365,match por SHA-256 do SQL normalizado,
local,20260719120000_health_score_v3_ciclos_publicacao_parcial.sql,20260719120000,20260719115959,health_score_v3_ciclos_publicacao_parcial,versao_divergente_conteudo_exato,exata,8b2cdad10e5c31028f279a4d6c8f70f748982afeeb5af3d7811460e6edcdec84,8b2cdad10e5c31028f279a4d6c8f70f748982afeeb5af3d7811460e6edcdec84,12606,12606,match por SHA-256 do SQL normalizado,
local,20260719121000_health_score_v3_metricas_periodicas.sql,20260719121000,20260719120228,health_score_v3_metricas_periodicas,versao_divergente_conteudo_divergente,nao_equivalente_textualmente,6d5aebc3af951db6b090fd873a854e93de6e99d5d06f900612a2b41b433e8324,aadf296606f9590577093a00247a4d3a8b97bed95818f6181d5839198c4b98dc,50353,50327,match por nome logico; SHA-256 diferente,
local,20260719121500_health_score_v3_metricas_periodicas_cast_fix.sql,20260719121500,20260719120408,health_score_v3_metricas_periodicas_cast_fix,versao_divergente_conteudo_divergente,nao_equivalente_textualmente,8b1241f48d37ae1475762b76b2991ab0b9d29bf2a8926896b42bc8407ace2f4f,95ec9ed2c70e1dbd51fe86f016fe3be2f37d1737532237541432816ef6284c7d,50517,50527,match por nome logico; SHA-256 diferente,
local,20260719121700_health_score_v3_materializador_guard.sql,20260719121700,20260719120623,health_score_v3_materializador_guard,versao_divergente_conteudo_exato,exata,bbf0b71ed40fc3988e75bd33f9e1a960b4cc826bc6c7200ef4e39bae3a74ef81,bbf0b71ed40fc3988e75bd33f9e1a960b4cc826bc6c7200ef4e39bae3a74ef81,1770,1770,match por SHA-256 do SQL normalizado,
local,20260719122000_health_score_v3_readmodels_cutover.sql,20260719122000,20260719120433,health_score_v3_readmodels_cutover,versao_divergente_conteudo_exato,exata,acfa6dc402ff1d70520b9462e96d7d8de23907b11b33d2d102863b9bc2166d1f,acfa6dc402ff1d70520b9462e96d7d8de23907b11b33d2d102863b9bc2166d1f,13857,13857,match por SHA-256 do SQL normalizado,
local,20260719123000_health_score_v3_carteira_canonica_periodo.sql,20260719123000,20260719121425,health_score_v3_carteira_canonica_periodo,versao_divergente_conteudo_exato,exata,58541e83ff32e84b3a07ff1aab5593c960b347162cadd03390bd9aa574c19098,58541e83ff32e84b3a07ff1aab5593c960b347162cadd03390bd9aa574c19098,10538,10538,match por SHA-256 do SQL normalizado,
local,20260719123500_health_score_v3_metricas_periodo_otimizada.sql,20260719123500,20260719121813,health_score_v3_metricas_periodo_otimizada,versao_divergente_conteudo_divergente,nao_equivalente_textualmente,cee0951d185f6aff8427f993f79565089f7c395f66f1753ede34d4e3c2f139c7,dbeae1dd24f1903183c1549c626696b5ce583808112161ef2078e3c9fe5f79d9,28712,28733,match por nome logico; SHA-256 diferente,
local,20260719143000_health_score_v3_parcial_observado_readmodels.sql,20260719143000,20260719142242,health_score_v3_parcial_observado_readmodels,versao_divergente_conteudo_exato,exata,ad73992373f8a0e6c99db0e58046815228aabd296296d0e402edc9932c98df27,ad73992373f8a0e6c99db0e58046815228aabd296296d0e402edc9932c98df27,13230,13230,match por SHA-256 do SQL normalizado,
local,20260719150000_health_score_v3_presenca_parcial_canonica.sql,20260719150000,20260719150016,health_score_v3_presenca_parcial_canonica,versao_divergente_conteudo_exato,exata,ede86ba9145cf36da3ee5a60350d35190c13624ab3e0b63082d623e2f6cd4898,ede86ba9145cf36da3ee5a60350d35190c13624ab3e0b63082d623e2f6cd4898,16085,16085,match por SHA-256 do SQL normalizado,
local,20260719151500_health_score_v3_presenca_parcial_set_based.sql,20260719151500,20260719150534,health_score_v3_presenca_parcial_set_based,versao_divergente_conteudo_exato,exata,4b6cb9c6db5596cb7b23ad03067a88df7dd845a5cc92308a7183e8368fbad870,4b6cb9c6db5596cb7b23ad03067a88df7dd845a5cc92308a7183e8368fbad870,9741,9741,match por SHA-256 do SQL normalizado,
local,20260719153000_presenca_publicavel_respeita_politica_unidade.sql,20260719153000,20260719162816,presenca_publicavel_respeita_politica_unidade,versao_divergente_conteudo_divergente,nao_equivalente_textualmente,fd37367ae36e812b4464769c3a02b47d90aacd077aba7efa08f253aea7520ce0,6b4478f114e92aaa04a7b8d33efaa0147f0779e4785804203163a0f7c06a9de3,3171,2890,match por nome logico; SHA-256 diferente,
local,20260719160000_professores_media_turma_ocupacao_estavel.sql,20260719160000,20260719201414,professores_media_turma_ocupacao_estavel,versao_divergente_conteudo_exato,exata,654f582ce4399de8b4aeca49b555ea1984040ea09238a5722ae872d71e77d8dc,654f582ce4399de8b4aeca49b555ea1984040ea09238a5722ae872d71e77d8dc,2376,2376,match por SHA-256 do SQL normalizado,
local,20260719161000_relatorio_gerencial_rankings_professores_canonicos.sql,20260719161000,20260719201448,relatorio_gerencial_rankings_professores_canonicos,versao_divergente_conteudo_exato,exata,6310654c1dc72b6e88d7aca94dfbc96b32b042250a593e4f0f047aa3feba2253,6310654c1dc72b6e88d7aca94dfbc96b32b042250a593e4f0f047aa3feba2253,7410,7410,match por SHA-256 do SQL normalizado,
local,20260719162000_health_score_v3_meta_status_repair.sql,20260719162000,20260719201457,health_score_v3_meta_status_repair,versao_divergente_conteudo_exato,exata,4a7bad8992fb21790d16e417865c968ef2b365af855561af8a7114dfda302b8a,4a7bad8992fb21790d16e417865c968ef2b365af855561af8a7114dfda302b8a,3308,3308,match por SHA-256 do SQL normalizado,
local,20260719163000_relatorio_gerencial_legacy_rankings_privado.sql,20260719163000,20260719204619,relatorio_gerencial_legacy_rankings_privado,versao_divergente_conteudo_exato,exata,366b03caca663c754ab4c8c4e81c4783ea41d93fcb800d413b255c4bd26c656f,366b03caca663c754ab4c8c4e81c4783ea41d93fcb800d413b255c4bd26c656f,680,680,match por SHA-256 do SQL normalizado,
local,20260719200000_health_score_v3_metas_segmentadas_schema.sql,20260719200000,20260720014254,health_score_v3_metas_segmentadas_schema,versao_divergente_conteudo_divergente,nao_equivalente_textualmente,184fbeb1ed375451a86b72af8acdeafa8d9c94102af0f542b2a978172ecf396d,98d7f858f1de143f7d2b5120e7aa18966bcefe7838c3431de1c624afa2f9b704,11809,10749,match por nome logico; SHA-256 diferente,
local,20260719200500_health_score_v3_metas_segmentadas_grants_fix.sql,20260719200500,20260720014449,health_score_v3_metas_segmentadas_grants_fix,versao_divergente_conteudo_exato,exata,db2fe472a28f5b91f1af6feca3b5272bf74dc7aed3ce623e57f55046ba3e4e85,db2fe472a28f5b91f1af6feca3b5272bf74dc7aed3ce623e57f55046ba3e4e85,843,843,match por SHA-256 do SQL normalizado,
local,20260719200600_health_score_v3_segmentos_fk_index.sql,20260719200600,20260720015155,health_score_v3_segmentos_fk_index,versao_divergente_conteudo_exato,exata,7433682d6b1a2999897ce1c4f284924df772ec34a2100558eec81d6f698d9875,7433682d6b1a2999897ce1c4f284924df772ec34a2100558eec81d6f698d9875,365,365,match por SHA-256 do SQL normalizado,
local,20260719201000_professor_unidade_curso_modalidade.sql,20260719201000,20260720091813,professor_unidade_curso_modalidade,versao_divergente_conteudo_divergente,nao_equivalente_textualmente,ac7704c1ebe485bb55e723e3787e1e15996b343aac58a0ad05781f8325cb0c71,9e4ee433cf9de074f94363f771ccd5daf6a751f3ce72602230cbcc83109527aa,47901,47731,match por nome logico; SHA-256 diferente,
local,20260719201100_professor_unidade_curso_modalidade_revisado_por_idx.sql,20260719201100,20260720092314,professor_unidade_curso_modalidade_revisado_por_idx,versao_divergente_conteudo_divergente,nao_equivalente_textualmente,d26337f0466e0ea97a3ee808dd598499be397fcd073a0db8ba1d3d6bb2f50fa1,ee9192ceef3c74180e4833b3de832cbffc17208f67048578bccc3f7179c73505,246,168,match por nome logico; SHA-256 diferente,
local,20260719202000_professores_carteira_segmentos_canonicos.sql,20260719202000,20260720105301,professores_carteira_segmentos_canonicos,versao_divergente_conteudo_exato,exata,69edf68d56b7b4f852c87dcd892821bdc93ead8be4be3dc149659e74edd8194f,69edf68d56b7b4f852c87dcd892821bdc93ead8be4be3dc149659e74edd8194f,17678,17678,match por SHA-256 do SQL normalizado,
local,20260719203000_health_score_v3_metricas_segmentadas.sql,20260719203000,20260720133621,health_score_v3_metricas_segmentadas,versao_divergente_conteudo_exato,exata,8d283a86071ac4c638f5f79f86cae32feac6ae571bec97d8314f111b8597ac6b,8d283a86071ac4c638f5f79f86cae32feac6ae571bec97d8314f111b8597ac6b,103740,103740,match por SHA-256 do SQL normalizado,
local,20260719203100_health_score_v3_metricas_segmentadas_hardening.sql,20260719203100,20260720133632,health_score_v3_metricas_segmentadas_hardening,versao_divergente_conteudo_exato,exata,a76726ccfe0dad4551e1280f0b4f07263514dd7b15eb212dadf60037c6d9d528,a76726ccfe0dad4551e1280f0b4f07263514dd7b15eb212dadf60037c6d9d528,105024,105024,match por SHA-256 do SQL normalizado,
local,20260719204000_health_score_v3_config_segmentada_rpc.sql,20260719204000,20260720145319,health_score_v3_config_segmentada_rpc,versao_divergente_conteudo_exato,exata,ec0b8758599eaae358d2d4df7a0297782c578bba749c8df36086bfee7cc5e4ab,ec0b8758599eaae358d2d4df7a0297782c578bba749c8df36086bfee7cc5e4ab,49893,49893,match por SHA-256 do SQL normalizado,
local,20260719205000_professor_curso_modalidade_reconciliacao_scope.sql,20260719205000,20260720191331,professor_curso_modalidade_reconciliacao_scope,versao_divergente_conteudo_exato,exata,5e6946347c9c39a8be28c87c4eff225240858848339277ea69afbd41d141dc5b,5e6946347c9c39a8be28c87c4eff225240858848339277ea69afbd41d141dc5b,6877,6877,match por SHA-256 do SQL normalizado,
local,20260719206000_health_score_v3_segmentos_preservar_total_canonico.sql,20260719206000,20260720194329,health_score_v3_segmentos_preservar_total_canonico,versao_divergente_conteudo_exato,exata,e7570b2332a9f227323bef5380d278ea5a6b9916260ceb30611c3d888de2db81,e7570b2332a9f227323bef5380d278ea5a6b9916260ceb30611c3d888de2db81,16576,16576,match por SHA-256 do SQL normalizado,
local,20260720120000_emusys_catalogo_professor_disciplinas.sql,20260720120000,20260721104347,emusys_catalogo_professor_disciplinas,versao_divergente_conteudo_divergente,nao_equivalente_textualmente,a0cbfac3d83ae2154bbf9981723f2749a1af64b4141ddaad75851382d8a85d2a,5431b375aba14f41cc9f65a89a0313954e6ee27547475b96de46037fdb03d111,8924,8907,match por nome logico; SHA-256 diferente,
local,20260720121000_professor_curso_modalidade_catalogo_v2.sql,20260720121000,20260721110933,professor_curso_modalidade_catalogo_v2,versao_divergente_conteudo_exato,exata,5639465bdb61e45e9a86cd023272be0cf1f44d91fa3a8fec60733893c9b0a648,5639465bdb61e45e9a86cd023272be0cf1f44d91fa3a8fec60733893c9b0a648,38282,38282,match por SHA-256 do SQL normalizado,
local,20260720122000_health_score_v3_catalogo_segmentos_config.sql,20260720122000,20260721112146,health_score_v3_catalogo_segmentos_config,versao_divergente_conteudo_exato,exata,0d310a80bdff09f4769f4c1da5357c1cd5f42383e62868324615c0c65022d2db,0d310a80bdff09f4769f4c1da5357c1cd5f42383e62868324615c0c65022d2db,18551,18551,match por SHA-256 do SQL normalizado,
local,20260720123000_cron_sync_professor_disciplinas_emusys.sql,20260720123000,20260721112923,cron_sync_professor_disciplinas_emusys,versao_divergente_conteudo_exato,exata,e59dd7f6651b4528e7252228f219fdecc58c3f6aa88b56dc05d1268cbc898c0e,e59dd7f6651b4528e7252228f219fdecc58c3f6aa88b56dc05d1268cbc898c0e,3452,3452,match por SHA-256 do SQL normalizado,
local,20260720151500_add_numero_telefone_numeros_meta.sql,20260720151500,20260720181623,add_numero_telefone_numeros_meta,versao_divergente_conteudo_divergente,nao_equivalente_textualmente,be395b65f28e24150974c40dadbc60d95f7db346ba624e551a3304f6409f24d3,5dcd755e95463d8aa668df6e6b266eadfe6a2a76933cc63765b4d9435155a1a3,449,275,match por nome logico; SHA-256 diferente,
local,20260721110000_emusys_catalogo_finalizador_auth_role.sql,20260721110000,20260721105009,emusys_catalogo_finalizador_auth_role,versao_divergente_conteudo_exato,exata,8097ce944d6e10bf779ed2c6e721e11202371d496afdd7cf021a064b069357a0,8097ce944d6e10bf779ed2c6e721e11202371d496afdd7cf021a064b069357a0,3407,3407,match por SHA-256 do SQL normalizado,
local,20260721123000_professor_curso_modalidade_excecoes_reais.sql,20260721123000,20260721144953,professor_curso_modalidade_excecoes_reais,versao_divergente_conteudo_exato,exata,e3ca44302da4dfb29d9138345b891e97b565e90fbdec5bb476bb58adc184993f,e3ca44302da4dfb29d9138345b891e97b565e90fbdec5bb476bb58adc184993f,7210,7210,match por SHA-256 do SQL normalizado,
local,20260721150000_jornada_curso_grade_canonica.sql,20260721150000,20260721170807,jornada_curso_grade_canonica,versao_divergente_conteudo_exato,exata,816b7e0312038618af72844666d013d4d1aa120ffd2377fc6e8b9a7c22ae6d74,816b7e0312038618af72844666d013d4d1aa120ffd2377fc6e8b9a7c22ae6d74,11519,11519,match por SHA-256 do SQL normalizado,
local,20260721152000_health_score_v3_oferta_formal_guard.sql,20260721152000,20260721172751,health_score_v3_oferta_formal_guard,versao_divergente_conteudo_exato,exata,605f9ffadcce8fb99c99f1df060fad7169a8a4cbb8e9fa32d3b0550c115886d9,605f9ffadcce8fb99c99f1df060fad7169a8a4cbb8e9fa32d3b0550c115886d9,2248,2248,match por SHA-256 do SQL normalizado,
local,20260721153000_health_score_v3_simulacao_timeout.sql,20260721153000,20260721174910,health_score_v3_simulacao_timeout,versao_divergente_conteudo_divergente,nao_equivalente_textualmente,0fa020920dd8d76383fc6ca4f0de105d901b1aac5b8453973a1ccdd100e7de5a,2e4ef686fc59d8cb2b149aa6a36badd8fea9ff6b88243488c416c4445a28b189,932,637,match por nome logico; SHA-256 diferente,
local,20260721154000_health_score_v3_ativacao_guard_canonico.sql,20260721154000,20260721175835,health_score_v3_ativacao_guard_canonico,versao_divergente_conteudo_exato,exata,d2613907257f2e1fef0d49d745c98cf813f93a0ef27db94e22ed69a196dddce7,d2613907257f2e1fef0d49d745c98cf813f93a0ef27db94e22ed69a196dddce7,3461,3461,match por SHA-256 do SQL normalizado,
local,20260721155000_health_score_v3_config_ui_timeout.sql,20260721155000,20260721181915,health_score_v3_config_ui_timeout,versao_divergente_conteudo_exato,exata,09aa0b2501a043fe6b7feb16a39bd9716b71484131f80fe9dc08f0165bf2b7fd,09aa0b2501a043fe6b7feb16a39bd9716b71484131f80fe9dc08f0165bf2b7fd,398,398,match por SHA-256 do SQL normalizado,
local,20260722100000_jornada_curso_grade_ignora_reagendada.sql,20260722100000,20260722111414,jornada_curso_grade_ignora_reagendada,versao_divergente_conteudo_exato,exata,396f008cf99bad520b5ff290545a7eac03b19d7c712782d5e9c09c1b2757dca8,396f008cf99bad520b5ff290545a7eac03b19d7c712782d5e9c09c1b2757dca8,2378,2378,match por SHA-256 do SQL normalizado,
local,20260722101000_jornada_curso_origem_depara.sql,20260722101000,20260722111729,jornada_curso_origem_depara,versao_divergente_conteudo_exato,exata,943633cafa68c66555a395a4f256444f689e7983c60f0aa930846ebc99ca6bad,943633cafa68c66555a395a4f256444f689e7983c60f0aa930846ebc99ca6bad,5424,5424,match por SHA-256 do SQL normalizado,
local,20260722131713_health_score_v3_diagnosticos_estado_base.sql,20260722131713,20260722131713,health_score_v3_diagnosticos_estado_base,versao_divergente_conteudo_divergente,nao_equivalente_textualmente,11f3e63822933bbab5102075f649543bb7658773b56d6d56ad884dd28a8f5d0b,d8d92c3dc6e2bbac206d82ec1f93179848724625024877ebd6e995d61fa036d0,1119,991,match por nome logico; SHA-256 diferente,
local,20260722153000_presenca_fontes_humanas_ficha_semantica.sql,20260722153000,20260722154354,presenca_fontes_humanas_ficha_semantica,versao_divergente_conteudo_exato,exata,40af480a605ae429a138fd9dd0c4a6fa6ab6a70fd737578c8dc83b538de69b0c,40af480a605ae429a138fd9dd0c4a6fa6ab6a70fd737578c8dc83b538de69b0c,13488,13488,match por SHA-256 do SQL normalizado,
local,20260722180000_pesquisa_1a_aula_ignora_experimental.sql,20260722180000,20260723004426,pesquisa_1a_aula_ignora_experimental,versao_divergente_conteudo_divergente,nao_equivalente_textualmente,13ff3c9e57b194d224cdc22f0850afdb392423311724b611de97c6b08d7db930,a7bcab0fdadce79a4334b3ec567f3e1928babc567a2de2d9f444f05bfb33845b,4710,4545,match por nome logico; SHA-256 diferente,
local,20260727_disable_comercial_auto_until_hermes_cron.sql,20260727,,,cli_ignora_timestamp_nao_canonico,nao_avaliada,4b2d1c0a431f34d3b9e268a02509f4938605898578f389e97c58a75a580820bd,,838,,nome fora do padrao <14-digitos>_nome.sql,
local,20260727_enable_comercial_hermes_auto_queue.sql,20260727,,,cli_ignora_timestamp_nao_canonico,nao_avaliada,5725980481f5e7d4079117573c4329893c9283f348dffe5370ad804bf31ea30c,,5395,,nome fora do padrao <14-digitos>_nome.sql,
local,20260727_sol_hermes_caixa_enqueue.sql,20260727,,,cli_ignora_timestamp_nao_canonico,nao_avaliada,e6109c788a934d71c35407cc389a5cf6f5f3e7df319f6de7f6887c5c807efaa1,,7376,,nome fora do padrao <14-digitos>_nome.sql,
local,20260727_sol_hermes_report_enqueue_rpc.sql,20260727,,,cli_ignora_timestamp_nao_canonico,nao_avaliada,f663240edb03f71edae978d11ecdb2f0f860430259523744c2a669d6b9417b20,,3548,,nome fora do padrao <14-digitos>_nome.sql,
local,20260727120000_health_score_v3_retencao_universo_governado.sql,20260727120000,20260727192447,health_score_v3_retencao_universo_governado,versao_divergente_conteudo_exato,exata,5af6dd8149bae369f8b4ed1a1c5a415cd002d7f8159122324ab6e0a415a036af,5af6dd8149bae369f8b4ed1a1c5a415cd002d7f8159122324ab6e0a415a036af,31162,31162,match por SHA-256 do SQL normalizado,
local,20260727121000_health_score_v3_promocao_periodos_ativos_exatos.sql,20260727121000,20260727192706,health_score_v3_promocao_periodos_ativos_exatos,versao_divergente_conteudo_exato,exata,08cfa3066090c60cb401fb38d7ce3b180c58512b23dc799e7b66334eadd42a82,08cfa3066090c60cb401fb38d7ce3b180c58512b23dc799e7b66334eadd42a82,13660,13660,match por SHA-256 do SQL normalizado,
local,20260727122000_health_score_v3_percentuais_valor_real.sql,20260727122000,20260727192820,health_score_v3_percentuais_valor_real,versao_divergente_conteudo_exato,exata,f941156e3bd400dff326603a840c2b20b0101becfd9cd76c1323e953780925c3,f941156e3bd400dff326603a840c2b20b0101becfd9cd76c1323e953780925c3,39120,39120,match por SHA-256 do SQL normalizado,
local,20260727122500_health_score_v3_cursos_pedagogicos.sql,20260727122500,20260727192942,health_score_v3_cursos_pedagogicos,versao_divergente_conteudo_exato,exata,d7a37810cc25e8897ad8a0dad05368612d5decf4080bc870d4dff081e18bbee6,d7a37810cc25e8897ad8a0dad05368612d5decf4080bc870d4dff081e18bbee6,11701,11701,match por SHA-256 do SQL normalizado,
local,20260727123000_health_score_v3_config_ciclo_aberto.sql,20260727123000,20260727193148,health_score_v3_config_ciclo_aberto,versao_divergente_conteudo_exato,exata,aa020e43871b29d86a19b6d36b93245a578ec04151c04eb00e41d580529a45b8,aa020e43871b29d86a19b6d36b93245a578ec04151c04eb00e41d580529a45b8,32470,32470,match por SHA-256 do SQL normalizado,
local,20260727124000_health_score_v3_origem_segmentada_ciclo_aberto.sql,20260727124000,20260727193657,health_score_v3_origem_segmentada_ciclo_aberto,versao_divergente_conteudo_divergente,nao_equivalente_textualmente,684d8d8df2e111065cadf5f49d49fcfbc6751d24cd99a630d07d01e68affa274,6b931d0addeb3c846498edb00d4539b19814f423aacf2eb569beab4230c39251,8788,8790,match por nome logico; SHA-256 diferente,
local,20260727125000_health_score_v3_ativacao_segmentos_pontuaveis.sql,20260727125000,20260727194729,health_score_v3_ativacao_segmentos_pontuaveis,versao_divergente_conteudo_exato,exata,01b80bd4a94d431bc6c926508a66d062baf15d598a6e785d084057004246e803,01b80bd4a94d431bc6c926508a66d062baf15d598a6e785d084057004246e803,15264,15264,match por SHA-256 do SQL normalizado,
local,20260727126000_health_score_v3_snapshot_revisao_encadeada.sql,20260727126000,20260727195200,health_score_v3_snapshot_revisao_encadeada,versao_divergente_conteudo_exato,exata,addc0869578c483280486ac72b024686054065cf752ab682f43b89234c91d427,addc0869578c483280486ac72b024686054065cf752ab682f43b89234c91d427,27801,27801,match por SHA-256 do SQL normalizado,
local,20260727127000_health_score_v3_estados_nao_pontuaveis.sql,20260727127000,20260727200018,health_score_v3_estados_nao_pontuaveis,versao_divergente_conteudo_exato,exata,f198ea85943421daae470e7db1df3d6dee8e9caf1f41bbae9246be2c6b6c276f,f198ea85943421daae470e7db1df3d6dee8e9caf1f41bbae9246be2c6b6c276f,28381,28381,match por SHA-256 do SQL normalizado,
local,20260728120000_health_score_v3_carteira_disponibilidade.sql,20260728120000,20260728103253,health_score_v3_carteira_disponibilidade,versao_divergente_conteudo_exato,exata,c958eddc7a84d6d49897c73a31ddbb9b5db9e1238525dd1b57c7e749d67ee5ec,c958eddc7a84d6d49897c73a31ddbb9b5db9e1238525dd1b57c7e749d67ee5ec,24816,24816,match por SHA-256 do SQL normalizado,
local,20260728123000_health_score_v3_carteira_disponibilidade_append_only.sql,20260728123000,20260728103811,health_score_v3_carteira_disponibilidade_append_only,versao_divergente_conteudo_exato,exata,32a06b72a8e112d544af7552550ae3305df8769e939e12d7707bcefaf3c8c13e,32a06b72a8e112d544af7552550ae3305df8769e939e12d7707bcefaf3c8c13e,17894,17894,match por SHA-256 do SQL normalizado,
local,20260728124000_health_score_v3_carteira_disponibilidade_null_safety.sql,20260728124000,20260728104052,health_score_v3_carteira_disponibilidade_null_safety,versao_divergente_conteudo_exato,exata,c1af972520f4c7b4f55addb69910f9b38a150e903547a225727ab87b25b9b1da,c1af972520f4c7b4f55addb69910f9b38a150e903547a225727ab87b25b9b1da,1416,1416,match por SHA-256 do SQL normalizado,
local,20260728125000_health_score_v3_segmento_diagnostico_nao_pontuavel.sql,20260728125000,20260728104152,health_score_v3_segmento_diagnostico_nao_pontuavel,versao_divergente_conteudo_exato,exata,38e0d823ef70990952e39dd586244f72085f225c3e6c20259b6f90c559f8ec6c,38e0d823ef70990952e39dd586244f72085f225c3e6c20259b6f90c559f8ec6c,1155,1155,match por SHA-256 do SQL normalizado,
local,20260728126000_health_score_v3_snapshot_revisao_inicial.sql,20260728126000,20260728104407,health_score_v3_snapshot_revisao_inicial,versao_divergente_conteudo_exato,exata,ed34a2f551eb7ff7fac5761ad0a63b07277257f1ad8dd6225f44df684190d5f9,ed34a2f551eb7ff7fac5761ad0a63b07277257f1ad8dd6225f44df684190d5f9,1594,1594,match por SHA-256 do SQL normalizado,
local,20260728127000_health_score_v3_disponibilidade_bloqueia_publicacao.sql,20260728127000,20260728112226,health_score_v3_disponibilidade_bloqueia_publicacao,versao_divergente_conteudo_exato,exata,281113a5d8f7d5597753b71208e5440e9c2650ffacfcb91aa6c7b57569b29d44,281113a5d8f7d5597753b71208e5440e9c2650ffacfcb91aa6c7b57569b29d44,2766,2766,match por SHA-256 do SQL normalizado,
local,20260728128000_professores_disponibilidade_canonica.sql,20260728128000,20260728150745,professores_disponibilidade_canonica,versao_divergente_conteudo_exato,exata,9415ae47879684c0a94c1591c79c50ef9cfb5dc02f45af09e30d03dfa3d721f7,9415ae47879684c0a94c1591c79c50ef9cfb5dc02f45af09e30d03dfa3d721f7,2443,2443,match por SHA-256 do SQL normalizado,
local,20260728129000_fix_grant_disponibilidade_canonica_authenticated.sql,20260728129000,20260728193553,fix_grant_disponibilidade_canonica_authenticated,versao_divergente_conteudo_divergente,nao_equivalente_textualmente,cb35338230abe2858455e4905c593e6ab91c3ec85501d696399842d5133e885c,4f2642bb4d91f42650931c9ab4fe18d5e203c1a35d059f460d9721b1dc2e7588,1717,102,match por nome logico; SHA-256 diferente,
local,20260728180000_jornada_campos_contrato_fatura.sql,20260728180000,20260728185446,jornada_campos_contrato_fatura,versao_divergente_conteudo_exato,exata,309a1cbdaae6060dfa3438d29e1cba56ff795caa43e7b9e89cb8ea8924ee4f94,309a1cbdaae6060dfa3438d29e1cba56ff795caa43e7b9e89cb8ea8924ee4f94,1424,1424,match por SHA-256 do SQL normalizado,
local,20260728190000_vw_contratos_vencendo.sql,20260728190000,20260728194258,vw_contratos_vencendo,versao_divergente_conteudo_exato,exata,a1a6845fdfd51104a44bcfa3e6d1a2b3553c07664e5d5426eda3724a467b0dd9,a1a6845fdfd51104a44bcfa3e6d1a2b3553c07664e5d5426eda3724a467b0dd9,2924,2924,match por SHA-256 do SQL normalizado,
local,20260728200000_fix_vw_contratos_vencendo_order_by.sql,20260728200000,20260728200012,fix_vw_contratos_vencendo_order_by_determinismo,versao_divergente_conteudo_exato,exata,f7e19f12f54ff18500dcad92db8ffbe4e475d6224104267147fc4fc076302ad1,f7e19f12f54ff18500dcad92db8ffbe4e475d6224104267147fc4fc076302ad1,3597,3597,match por SHA-256 do SQL normalizado,
local,20260728210000_fix_vw_contratos_vencendo_join_alunos.sql,20260728210000,20260728203818;20260728202228,fix_vw_contratos_vencendo_join_alunos;fix_vw_contratos_vencendo_join_alunos,versao_divergente_conteudo_exato,exata,0d2964886b818dc9c3cb4b5f333a440c9d1940ab457b9680ff00bab5447d7881,0d2964886b818dc9c3cb4b5f333a440c9d1940ab457b9680ff00bab5447d7881;bae4c71880c2ac4572ea7cff0eebd3f0d6cd82b5c39a8ac34152b8ccdab00f99,3972,3972;1858,match por SHA-256 do SQL normalizado,
local,20260728220000_health_score_v3_conversao_ciclo_provisorio.sql,20260728220000,20260728214317,health_score_v3_conversao_ciclo_provisorio,versao_divergente_conteudo_exato,exata,c03501b89e154c1587bfc1e529cca713cc1a9d8402834df4ee4e2a62ba74335a,c03501b89e154c1587bfc1e529cca713cc1a9d8402834df4ee4e2a62ba74335a,21192,21192,match por SHA-256 do SQL normalizado,
local,20260728220100_health_score_v3_conciliacao_lead_index.sql,20260728220100,20260728215501,health_score_v3_conciliacao_lead_index,versao_divergente_conteudo_exato,exata,c57f12f344c80c2c81f7fafec2d579d934396678afaa7afb9fb0fc02266286e3,c57f12f344c80c2c81f7fafec2d579d934396678afaa7afb9fb0fc02266286e3,283,283,match por SHA-256 do SQL normalizado,
local,20260728221547_aposentar_inadimplencia_emusys_cache.sql,20260728221547,20260728221547,aposentar_inadimplencia_emusys_cache,versao_divergente_conteudo_divergente,nao_equivalente_textualmente,80be43f4dcbcdbc4a8cc08bce2788968d048d91ded248a68b8321a638f7e242d,a17605f9acc74a035790c331181713f53707cff324519ee0cb59d5014dfbe534,1903,1880,match por nome logico; SHA-256 diferente,
local,20260728223000_health_score_v3_cutover_rede_presenca90.sql,20260728223000,20260728221041,health_score_v3_cutover_rede_presenca90,versao_divergente_conteudo_exato,exata,fad1a89f7e8693bc8bcdc79307f5174cea728fd56b6a48913cd912235817fb20,fad1a89f7e8693bc8bcdc79307f5174cea728fd56b6a48913cd912235817fb20,6608,6608,match por SHA-256 do SQL normalizado,
local,20260728224000_health_score_v3_cache_disponibilidade_materializacao.sql,20260728224000,20260728223354,health_score_v3_cache_disponibilidade_materializacao,versao_divergente_conteudo_exato,exata,aa9452a6f073de8a49c924079dd25d72b6b1469821079e7f3603c2df9e18cac7,aa9452a6f073de8a49c924079dd25d72b6b1469821079e7f3603c2df9e18cac7,5853,5853,match por SHA-256 do SQL normalizado,
local,20260728225000_health_score_v3_consumidores_snapshot_governado.sql,20260728225000,20260728224705,health_score_v3_consumidores_snapshot_governado,versao_divergente_conteudo_divergente,nao_equivalente_textualmente,6b0f2c2f185d34f3df085f6efcbd57aa6bc3a5e44bc8e2fc6b177f7addab10c4,14abee0d899db15733ad593ee53216473c259abe69d205fb87435219e648f02f,7872,7871,match por nome logico; SHA-256 diferente,
local,20260728226000_health_score_v3_config_competencia_jeyson.sql,20260728226000,20260729000912,health_score_v3_config_competencia_jeyson,versao_divergente_conteudo_exato,exata,bdfa768f8572a0236be545dbf2f16c7e60c7a56c03b53f6d86218d0531cf5360,bdfa768f8572a0236be545dbf2f16c7e60c7a56c03b53f6d86218d0531cf5360,16697,16697,match por SHA-256 do SQL normalizado,
local,20260728227000_health_score_v3_rascunho_vigencia_colisao.sql,20260728227000,20260729021008,health_score_v3_rascunho_vigencia_colisao,versao_divergente_conteudo_exato,exata,b24de50786f5c08ec5f2f52ab47a5bfcc5cb162e01d2fb57ed9179b2e74cccd8,b24de50786f5c08ec5f2f52ab47a5bfcc5cb162e01d2fb57ed9179b2e74cccd8,1444,1444,match por SHA-256 do SQL normalizado,
local,20260729102000_sync_professor_disciplinas_concorrencia.sql,20260729102000,20260729101247,sync_professor_disciplinas_concorrencia,versao_divergente_conteudo_divergente,nao_equivalente_textualmente,f585b740071b7c1ab850fd41b8fb450a314d70c0ea575844826449c08868923e,43f98ccbee2f88eab4058d0b63652f33cb97e208187cb74d2a719e44f2e2143b,3060,3043,match por nome logico; SHA-256 diferente,
local,20260729120000_emusys_matriculas_estado_atual.sql,20260729120000,20260730124637,emusys_matriculas_estado_atual,versao_divergente_conteudo_divergente,nao_equivalente_textualmente,8b8a5e8e609c906aae61492b900e7ff2665b87363f5c8e145695dfbdc14533ac,67037342f856f74c4cf2b9c68169abb25c0f5a11e88f1c59783340a1d30157cb,12055,12057,match por nome logico; SHA-256 diferente,
local,20260729121000_jornada_status_emusys_v131.sql,20260729121000,20260730124645,jornada_status_emusys_v131,versao_divergente_conteudo_exato,exata,0229eb6806e6a052169c03d3db8af56aae3ed7c6580d0fb3417396e49a53eb0d,0229eb6806e6a052169c03d3db8af56aae3ed7c6580d0fb3417396e49a53eb0d,2146,2146,match por SHA-256 do SQL normalizado,
local,20260729122000_estado_operacional_consumidores_vivos.sql,20260729122000,20260730124749,estado_operacional_consumidores_vivos,versao_divergente_conteudo_divergente,nao_equivalente_textualmente,59a7e8be5c0e1e2eab3bd2f340ddf02c9b9c732490906cb56539aeca778f7f63,72c7c874527bb9ff198ef1d011d415c71e111e0e572cd4aa777086b825a3e439,49874,49878,match por nome logico; SHA-256 diferente,
local,20260729180000_health_score_v3_guard_leitura_por_unidade.sql,20260729180000,20260729174743,health_score_v3_guard_leitura_por_unidade,versao_divergente_conteudo_divergente,nao_equivalente_textualmente,3782365442f41bb629509da7acc1d3e9ad9704e51693e7b545fa2455b233cead,4a83e34036a7217fb186909627669118235fcf7c8b15a8f511fbd0df0ff388f4,5207,2603,match por nome logico; SHA-256 diferente,
local,20260729233000_sol_hermes_watchdog_retry_health.sql,20260729233000,20260729232735,sol_hermes_watchdog_retry_health,versao_divergente_conteudo_exato,exata,527c66f9c058c4075da9119dc92d237fd9844b07ef38fd245509a7b66ae63aaa,527c66f9c058c4075da9119dc92d237fd9844b07ef38fd245509a7b66ae63aaa,11045,11045,match por SHA-256 do SQL normalizado,
local,20260730131000_otimiza_estado_operacional_v131.sql,20260730131000,20260730130202,otimiza_estado_operacional_v131,versao_divergente_conteudo_exato,exata,069021161602cecb5a0f44ec57b5d9f151959f86823084a9047d6b2c67654894,069021161602cecb5a0f44ec57b5d9f151959f86823084a9047d6b2c67654894,4657,4657,match por SHA-256 do SQL normalizado,
local,20260730132000_carteira_professores_estado_operacional_v131.sql,20260730132000,20260730131747,carteira_professores_estado_operacional_v131,versao_divergente_conteudo_divergente,nao_equivalente_textualmente,a3825104aac5e2e8a6e645a3387ec1e50c8cc86def1ac535b9e83a6d6bcb7506,2e85f8dcd59a950aa9dd8a8aef7b5efc67c8f8aa4388d170bafceda3d876b75d,3812,3658,match por nome logico; SHA-256 diferente,
local,20260730133000_hardening_carteira_professores_v131.sql,20260730133000,20260730132222,hardening_carteira_professores_v131,versao_divergente_conteudo_divergente,nao_equivalente_textualmente,fd131095b0401c164a2f5ee834b3795c24b5e375526059707228c107808a8c7c,8300e1f42bf9670af343e070ab3a0d3ef0ffc2ed9045e80d4c26360fa656fe31,149,78,match por nome logico; SHA-256 diferente,
local,20260730161312_pesquisa_evasao_movimentacao_canonica.sql,20260730161312,20260730161312,pesquisa_evasao_movimentacao_canonica,versao_alinhada_conteudo_exato,exata,f1bc2455339fa9c8e3b7f24d1a048459c5038917cdc6bec7dbedc7458738d382,f1bc2455339fa9c8e3b7f24d1a048459c5038917cdc6bec7dbedc7458738d382,664,664,match por versao e SHA-256 do SQL normalizado,
local,20260730170000_pesquisa_evasao_fundacao_segura.sql,20260730170000,20260801003710,20260730170000_pesquisa_evasao_fundacao_segura,versao_divergente_conteudo_exato,exata,b7566e2ebdd5490de818db81dad14808d84fab317173e490edd26cff948473f6,b7566e2ebdd5490de818db81dad14808d84fab317173e490edd26cff948473f6,48247,48247,match por SHA-256 do SQL normalizado,
local,20260730173000_pesquisa_evasao_claim_seguro.sql,20260730173000,20260801003807,20260730173000_pesquisa_evasao_claim_seguro,versao_divergente_conteudo_exato,exata,9d4e90f5aa763ca5d9314850f848825f12b69077e5382e89dd9e02553e5433c2,9d4e90f5aa763ca5d9314850f848825f12b69077e5382e89dd9e02553e5433c2,29118,29118,match por SHA-256 do SQL normalizado,
local,20260730180100_whatsapp_caixas_credenciais_privadas.sql,20260730180100,20260801003851,20260730180100_whatsapp_caixas_credenciais_privadas,versao_divergente_conteudo_exato,exata,bf4eabbafe6fdd84efb856ad78cc799909a0af42e4f59857b6ce6b0fe11ff081,bf4eabbafe6fdd84efb856ad78cc799909a0af42e4f59857b6ce6b0fe11ff081,13212,13212,match por SHA-256 do SQL normalizado,
local,20260730204500_snapshot_experimentais_emusys.sql,20260730204500,20260731140917,snapshot_experimentais_emusys,versao_divergente_conteudo_exato,exata,25c7bbfa3c59e9e1407facfa06242d1d87023bebcc566923bf953b3e2b50994f,25c7bbfa3c59e9e1407facfa06242d1d87023bebcc566923bf953b3e2b50994f,27062,27062,match por SHA-256 do SQL normalizado,
local,20260730205500_conciliacao_experimentais_snapshot_ativo.sql,20260730205500,20260731140932,conciliacao_experimentais_snapshot_ativo,versao_divergente_conteudo_exato,exata,1a9d5bfc790c35dc30f388f117a94e54c178f824c54adb23134f890a13e92ae8,1a9d5bfc790c35dc30f388f117a94e54c178f824c54adb23134f890a13e92ae8,39205,39205,match por SHA-256 do SQL normalizado,
local,20260731133000_lead_experimentais_aula_unica_por_unidade.sql,20260731133000,20260731140934,lead_experimentais_aula_unica_por_unidade,versao_divergente_conteudo_exato,exata,6c21b8d89cc74da1aa7691cb8507705556198f80f1da3b4f610acc9531cf88db,6c21b8d89cc74da1aa7691cb8507705556198f80f1da3b4f610acc9531cf88db,460,460,match por SHA-256 do SQL normalizado,
local,20260731153000_fila_relatorios_whatsapp_tipo.sql,20260731153000,20260731140937,fila_relatorios_whatsapp_tipo,versao_divergente_conteudo_divergente,nao_equivalente_textualmente,3607d3cb0331b3d54e4e57c1787c4d7cdea0c0c16580c551f7549cf3657165f7,aa8b663f6b254e2ef76f4181d17654504ac32c1b4762c9aae2dbb4777846161e,1270,1265,match por nome logico; SHA-256 diferente,
local,20260731155616_fix_get_jornada_professor_permissao_carteira.sql,20260731155616,20260731155616,fix_get_jornada_professor_permissao_carteira,versao_divergente_conteudo_divergente,nao_equivalente_textualmente,ffe8e691348fe43ccee775ff48a7380f7a9133c6bea30c3e1c6378894b6b11cf,f39812d56dfd0f112b64389e14702fd8250cfe88a30e0a2f877e96553959d87c,861,570,match por nome logico; SHA-256 diferente,
local,20260731160000_sync_presenca_authorization.sql,20260731160000,20260731140940,sync_presenca_authorization,versao_divergente_conteudo_exato,exata,bbe107452c18454206ec5cb0cd7aee70aa40ea424bf6e63ab8e3e4024beecdb0,bbe107452c18454206ec5cb0cd7aee70aa40ea424bf6e63ab8e3e4024beecdb0,1536,1536,match por SHA-256 do SQL normalizado,
local,20260731160500_snapshot_experimentais_consumidores_ids_materializados.sql,20260731160500,20260731140943,snapshot_experimentais_consumidores_ids_materializados,versao_divergente_conteudo_divergente,nao_equivalente_textualmente,22993085508715decf5bd6dfd3a35ddb84f7ddba0941a4f546de78ef5ad1815f,c551ac6896580a9ead5e3fa300c90e9777f6788f5316fd716c5ff08845643c46,6386,6369,match por nome logico; SHA-256 diferente,
local,20260731161000_snapshot_experimentais_minimiza_payload.sql,20260731161000,20260731140945,snapshot_experimentais_minimiza_payload,versao_divergente_conteudo_divergente,nao_equivalente_textualmente,8d9f472ea7ec6ad73293d50e50a2fa23daaa39f7d74a4c4813eb6529db31967a,80c9b381a609886e7a36e407211407bb738421fb6545dd59e621bf5693eae1ec,1235,1218,match por nome logico; SHA-256 diferente,
local,20260731161304_fix_get_jornada_professor_aceitar_perfil_legado.sql,20260731161304,20260731161304,fix_get_jornada_professor_aceitar_perfil_legado,versao_divergente_conteudo_divergente,nao_equivalente_textualmente,7bbc5d9f6d219b991fc5b038dfb8fd62db90024858e919171cb388b5314a2da0,ea23aba84eaf9b16bc1c951081c24f7ab570e2d4c9411cae1ba5c24a17062643,1537,1265,match por nome logico; SHA-256 diferente,
local,20260731162000_snapshot_experimentais_admissao_refresh.sql,20260731162000,20260731140948,snapshot_experimentais_admissao_refresh,versao_divergente_conteudo_divergente,nao_equivalente_textualmente,4419b30e37363cb7cc4888fb12b528c640d8113d21011a5ab35bfe98349baf44,ae0219e7c58b835a6f3c8a9a9501dc9707a4aa1cf8e3e114c9f6d8969322388a,9838,9821,match por nome logico; SHA-256 diferente,
local,20260731163000_snapshot_experimentais_acl_payload_duravel.sql,20260731163000,20260731140950,snapshot_experimentais_acl_payload_duravel,versao_divergente_conteudo_divergente,nao_equivalente_textualmente,4a1ae53d2c968578f95022df75aa6b5722da6b34a9cd677f89ce3901c6cba042,c7a752ec6c3504dbed810f37fde85ac5b5ebdf056ddefa12b1e15d8d56f58f56,7142,7125,match por nome logico; SHA-256 diferente,
local,20260731163353_relatorio_admin_canonico_multicurso_trancamentos.sql,20260731163353,20260731163353,relatorio_admin_canonico_multicurso_trancamentos,versao_divergente_conteudo_divergente,nao_equivalente_textualmente,f8647f2f07e8f7db3fe0f0a7d4a8948959a447fc037c5ebb96c7550b9d232efd,827e067cd0a5f1784bc84407b09a47252d1a04d6bbc94c5b7525b943de376894,17426,24390,match por nome logico; SHA-256 diferente,
local,20260731164500_restringe_kpis_admin_operacional.sql,20260731164500,20260731164500,restringe_kpis_admin_operacional,versao_divergente_conteudo_divergente,nao_equivalente_textualmente,5fdb598ca42533e33557b1d7933c4138efb657e4b400c0ae1f9f6fb525cf4282,6b50b17f35b1fdfefd6a65e6a16e7ea12eaf538f37e59b51ef51e7c0cfeef292,4089,2956,match por nome logico; SHA-256 diferente,
local,20260731165000_sync_presenca_cron_token_interno.sql,20260731165000,20260731142317,sync_presenca_cron_token_interno,versao_divergente_conteudo_divergente,nao_equivalente_textualmente,3eec0514130a1baed525c44731d59c1dadb17c87162169ca1d7d1834168794dd,f33bd0fc5c9a802a2403e22f2f3b7b2e7c28d7bb11fb1604e65d247b5d20b72b,3841,3824,match por nome logico; SHA-256 diferente,
local,20260731175307_perfil_sucesso_do_aluno_departamento.sql,20260731175307,20260731175307,perfil_sucesso_do_aluno_departamento,versao_divergente_conteudo_divergente,nao_equivalente_textualmente,62cb5f9ee0c0681e794cf396a3981ab4cdbd60b2292bfed0d38321369afcdc62,cb4d6e20fe2c90220700b2e8cc3c3453900729c5b07cd61d105c1ec62bdbc3a3,2000,2096,match por nome logico; SHA-256 diferente,
local,20260731181412_get_user_unidade_ids_plural_com_piloto.sql,20260731181412,20260731181412,get_user_unidade_ids_plural_com_piloto,versao_alinhada_conteudo_exato,exata,93f832c491ee80ebac301abf21a10b96fabb200d7df72d92779aa3f75816cff8,93f832c491ee80ebac301abf21a10b96fabb200d7df72d92779aa3f75816cff8,2245,2245,match por versao e SHA-256 do SQL normalizado,
local,20260731183000_policies_unidade_plural_in_get_user_unidade_ids.sql,20260731183000,20260731184303,policies_unidade_plural_in_get_user_unidade_ids,versao_divergente_conteudo_divergente,nao_equivalente_textualmente,9c5aaa5cea2f66b49a3346f25b610721e50f089282d1dce5f43ac2c7e587c7fd,eb329a5e243bbc37a55469cd4b2da7781a1b8aa2fb717de7129e17b2f711af9b,1451,1260,match por nome logico; SHA-256 diferente,
local,20260731203000_carteira_professores_ticket_por_tipo_matricula.sql,20260731203000,20260731193855,carteira_professores_ticket_por_tipo_matricula,versao_divergente_conteudo_divergente,nao_equivalente_textualmente,487968362f6c6ed9ca35e9f1dcda518146ec6eaa159eab2e690348e920690dd4,425f6bacd209cf5b22da2f784abadaa3e528bd386ff5afe095f0db6734ae21eb,6125,3934,match por nome logico; SHA-256 diferente,
local,20260731213000_carteira_professores_mrr_canonico_e_sem_arquivado.sql,20260731213000,20260731200406,carteira_professores_mrr_canonico_e_sem_arquivado,versao_divergente_equivalencia_semantica,semantica_comprovada,a331fe47f2d56eb247fa5995853c6c700f6d403b4b6bc9bb4c67046116d797e9,468404547b34db9553f1ca390bddee331468559eb437d7044c8a056486ead16a,6071,3912,diff manual local versus SQL fetched da producao,Diff manual contra 20260731200406: apenas comentarios e terminador SQL redundante; DDL semanticamente equivalente. | colisao local 20260731213000: 20260731213000_carteira_professores_mrr_canonico_e_sem_arquivado.sql;20260731213000_fechamento_mensal_automatico_ultimo_dia.sql
local,20260731213000_fechamento_mensal_automatico_ultimo_dia.sql,20260731213000,20260801002807,fechamento_mensal_automatico_ultimo_dia,versao_divergente_equivalencia_semantica,semantica_comprovada,67a741e80e66b487e6c4c1634b374f3d578edbf4de44e0b1d76d19ece2adc390,c93dbe417f1efcc2ba6ed97a233d19006a723e2f4563f2a3ae232671c1addcd9,4773,2277,diff manual local versus SQL fetched da producao,Diff manual contra 20260801002807: apenas comentarios e terminador SQL redundante; DDL semanticamente equivalente. | colisao local 20260731213000: 20260731213000_carteira_professores_mrr_canonico_e_sem_arquivado.sql;20260731213000_fechamento_mensal_automatico_ultimo_dia.sql
local,20260731220000_relatorio_admin_trancamentos_detalhados.sql,20260731220000,,,sem_par_remoto,sem_evidencia,009204aa5d90c199052725879e05b0ee7524da70730af366f34542d0de00e4a9,,6480,,"sem match por versao, SHA-256 ou nome logico",
local,20260731223000_snapshot_experimentais_fencing_lease.sql,20260731223000,,,sem_par_remoto,sem_evidencia,0ac2903ce713219be296e1b9dda94f5d0eaee19ae0c92720a35196c878fb88d3,,1514,,"sem match por versao, SHA-256 ou nome logico",
local,20260731224500_snapshot_experimentais_metadados_coordenados.sql,20260731224500,20260801003051,snapshot_experimentais_metadados_coordenados,versao_divergente_conteudo_exato,exata,a12ad8c6bbced80a87d962d5ce7a052883b7c0094c457bc9abd08c7bd3303949,a12ad8c6bbced80a87d962d5ce7a052883b7c0094c457bc9abd08c7bd3303949,10142,10142,match por SHA-256 do SQL normalizado,
local,20260731233000_relatorio_admin_service_role_preview.sql,20260731233000,20260731235710,relatorio_admin_service_role_preview,versao_divergente_conteudo_divergente,nao_equivalente_textualmente,22abf689b651b8061bba3c178faf71678b0feb62a94570d5f5ec54e966856d85,840db36c104e41f321f0a5737808c6653c8b4dfdccb753dad65a203be2fd8f4a,1412,1284,match por nome logico; SHA-256 diferente,
local,20260731234500_relatorio_comercial_service_role_preview.sql,20260731234500,20260801002522,relatorio_comercial_service_role_preview,versao_divergente_conteudo_exato,exata,5b5a29e489009af441bcc3ef2af8e5c3853533255c22732ac7fb16fae28c8168,5b5a29e489009af441bcc3ef2af8e5c3853533255c22732ac7fb16fae28c8168,1448,1448,match por SHA-256 do SQL normalizado,
local,20260801013000_pesquisa_evasao_backfill_telefone_julho_2026.sql,20260801013000,20260801013339,pesquisa_evasao_backfill_telefone_julho_2026,versao_divergente_conteudo_exato,exata,35ea054386975056ff51ed524460c0a9c8222e68a1ab34347ef49b6c36518d76,35ea054386975056ff51ed524460c0a9c8222e68a1ab34347ef49b6c36518d76,3774,3774,match por SHA-256 do SQL normalizado,
local,20260801023000_pesquisa_evasao_backfill_telefone_responsavel_julho_2026.sql,20260801023000,20260801130436,pesquisa_evasao_backfill_telefone_responsavel_julho_2026,versao_divergente_conteudo_exato,exata,94311f9e9ab9e8f3dc59229456c56d731dc5422481d435b5197d6061697ddd0d,94311f9e9ab9e8f3dc59229456c56d731dc5422481d435b5197d6061697ddd0d,18093,18093,match por SHA-256 do SQL normalizado,
local,20260801115829_relatorios_mensais_fechamento_canonico.sql,20260801115829,20260801115829,relatorios_mensais_fechamento_canonico,versao_alinhada_conteudo_exato,exata,f3e2584d58eca7ed0cbda2f77da024b57c221c011fec7ec9dee911a5e268072d,f3e2584d58eca7ed0cbda2f77da024b57c221c011fec7ec9dee911a5e268072d,37862,37862,match por versao e SHA-256 do SQL normalizado,
local,20260801120008_relatorio_admin_mensal_financeiro_retencao.sql,20260801120008,20260801120008,relatorio_admin_mensal_financeiro_retencao,versao_alinhada_conteudo_exato,exata,171e6f3de863ae1813fed86ec02be23483ac9428e398fef3332221b643882d38,171e6f3de863ae1813fed86ec02be23483ac9428e398fef3332221b643882d38,3240,3240,match por versao e SHA-256 do SQL normalizado,
local,20260801120110_relatorio_admin_mensal_evasao_segundo_curso.sql,20260801120110,20260801120110,relatorio_admin_mensal_evasao_segundo_curso,versao_alinhada_conteudo_exato,exata,2c4043da1596814b9709ca70596bb140fd0f09bb82716d86af259665ba57edfe,2c4043da1596814b9709ca70596bb140fd0f09bb82716d86af259665ba57edfe,1942,1942,match por versao e SHA-256 do SQL normalizado,
local,20260801140115_relatorio_admin_mensal_rico_canonico.sql,20260801140115,20260801140115,relatorio_admin_mensal_rico_canonico,versao_alinhada_conteudo_exato,exata,93010c5eba545c07e4022d4e3a62d816c06a93e99de9028b8cd21a130a9ad790,93010c5eba545c07e4022d4e3a62d816c06a93e99de9028b8cd21a130a9ad790,18628,18628,match por versao e SHA-256 do SQL normalizado,
local,20260801143000_pesquisa_evasao_prosodia_v2.sql,20260801143000,20260801175602,pesquisa_evasao_prosodia_v2,versao_divergente_conteudo_exato,exata,afa238745d6f2ee647b589727714911a2299c9ea1ae3c3767d0d002a5db7e5db,afa238745d6f2ee647b589727714911a2299c9ea1ae3c3767d0d002a5db7e5db,13276,13276,match por SHA-256 do SQL normalizado,
local,20260801162345_relatorio_admin_mensal_retificar_trancamento_fantasma.sql,20260801162345,20260801162345,relatorio_admin_mensal_retificar_trancamento_fantasma,versao_divergente_conteudo_divergente,nao_equivalente_textualmente,807432e6e5953c8ce9e7662374b28b5657bbe3bb402485ceac9c2c7e73b58a0d,0888371f81b62f09284a9d69186a3b31619aa1ee663928dd2c601ea875c7ed39,5898,5596,match por nome logico; SHA-256 diferente,
local,20260801162755_cron_varrer_atribuicao_meta_ads.sql,20260801162755,20260801162755,cron_varrer_atribuicao_meta_ads,versao_alinhada_conteudo_exato,exata,ad31d27f73e172ccfa0c7f72188c3695e47492dde5cf7ff9a8584248b831c3ae,ad31d27f73e172ccfa0c7f72188c3695e47492dde5cf7ff9a8584248b831c3ae,2085,2085,match por versao e SHA-256 do SQL normalizado,
local,20260801171624_retificar_comercial_mensal_multicurso.sql,20260801171624,20260801171624,retificar_comercial_mensal_multicurso,versao_divergente_conteudo_divergente,nao_equivalente_textualmente,ff45b83a680065d5afec7b30a1b795857ccf3fb3347b27c844c3f790b027c41f,a42fbc5b99352b785ca7716174ec316fe37c3a01c36e3a79205de031634c29eb,18484,18483,match por nome logico; SHA-256 diferente,
local,20260801174500_pesquisa_evasao_backfill_telefone_responsavel_agosto_2026.sql,20260801174500,20260801172237,pesquisa_evasao_backfill_telefone_responsavel_agosto_2026,versao_divergente_conteudo_exato,exata,9f10cb9e2cd6831feef6e987e79aadeecd07059490918e9a37894e62a66353d0,9f10cb9e2cd6831feef6e987e79aadeecd07059490918e9a37894e62a66353d0,4240,4240,match por SHA-256 do SQL normalizado,
local,20260801190000_pesquisa_evasao_multipartes_constraints.sql,20260801190000,20260802175521,20260801190000_pesquisa_evasao_multipartes_constraints,versao_divergente_conteudo_divergente,nao_equivalente_textualmente,905911b19d0bfe4745b5abf7c4d9913a0939745467dafd90dc258dfec89133be,25b7661353233471f59c9bc7c0056f1088915bf67a93be8d141aaf11b329e04a,6861,6703,match por nome logico; SHA-256 diferente,
local,20260801190500_pesquisa_evasao_multipartes_ativacao_novas.sql,20260801190500,20260802215427,pesquisa_evasao_multipartes_ativacao_novas,versao_divergente_conteudo_exato,exata,8561d8f2860979dd2081daaae77e04cb99e292785912cf29919174881fd3e05e,8561d8f2860979dd2081daaae77e04cb99e292785912cf29919174881fd3e05e,792,792,match por SHA-256 do SQL normalizado,
local,20260801191500_pesquisa_evasao_consolidacao_worker.sql,20260801191500,20260802183804,pesquisa_evasao_consolidacao_worker,versao_divergente_conteudo_exato,exata,a4e01b02aa53a70c21c573ef2e29844d70759ddc50d1a3ed121a20189547f577,a4e01b02aa53a70c21c573ef2e29844d70759ddc50d1a3ed121a20189547f577,6245,6245,match por SHA-256 do SQL normalizado,
local,20260801192000_pesquisa_evasao_opt_out.sql,20260801192000,20260802183823,pesquisa_evasao_opt_out,versao_divergente_conteudo_exato,exata,4e2fa34daa76433e151f29984923427e939ac83cb94e58ab4dec728ab657ad37,4e2fa34daa76433e151f29984923427e939ac83cb94e58ab4dec728ab657ad37,2940,2940,match por SHA-256 do SQL normalizado,
local,20260801193000_relatorio_gerencial_canonico.sql,20260801193000,20260801191149,relatorio_gerencial_canonico,versao_divergente_conteudo_exato,exata,f67472d8a24c63b9b052b4a554d464b84a4ebb7380fdcfdfab2853716137abdc,f67472d8a24c63b9b052b4a554d464b84a4ebb7380fdcfdfab2853716137abdc,10029,10029,match por SHA-256 do SQL normalizado,
local,20260801193932_agenda_consolidar_aula_alunos_emusys.sql,20260801193932,20260801193932,agenda_consolidar_aula_alunos_emusys,versao_alinhada_conteudo_exato,exata,af1fada4927b8809dfdb821cbd7c817f7bc84330ec0e465741259bb4a3a9c2d1,af1fada4927b8809dfdb821cbd7c817f7bc84330ec0e465741259bb4a3a9c2d1,9681,9681,match por versao e SHA-256 do SQL normalizado,
local,20260801200025_agenda_dropar_aula_alunos.sql,20260801200025,20260801200025,agenda_dropar_aula_alunos,versao_alinhada_conteudo_exato,exata,d9d983f5c1ee693661098dd59afa6b4a171cc0e3044274c2d98c920750c42558,d9d983f5c1ee693661098dd59afa6b4a171cc0e3044274c2d98c920750c42558,614,614,match por versao e SHA-256 do SQL normalizado,
local,20260801203538_agenda_dedup_aluno_sem_id_get_agenda_dia.sql,20260801203538,20260801203538,agenda_dedup_aluno_sem_id_get_agenda_dia,versao_alinhada_conteudo_exato,exata,8739ff9534c6c1cd52b143c13a17c40dcd6c61ff69c099bdaed3832c627d3670,8739ff9534c6c1cd52b143c13a17c40dcd6c61ff69c099bdaed3832c627d3670,11342,11342,match por versao e SHA-256 do SQL normalizado,
local,20260801213000_retificar_barra_julho_matricula_tardia.sql,20260801213000,20260801191517,retificar_barra_julho_matricula_tardia,versao_divergente_conteudo_exato,exata,3fcfcdd0ebf1b19acef68acf4aba2519cf56c4d4e4616ad21a56c28c8e732975,3fcfcdd0ebf1b19acef68acf4aba2519cf56c4d4e4616ad21a56c28c8e732975,17852,17852,match por SHA-256 do SQL normalizado,
local,20260801220000_webhook_inbound_secrets_debug_retention.sql,20260801220000,,,sem_par_remoto,sem_evidencia,8babd205c4d14ca2fde80a9a55307aeb09deee7b8baa8ed89ba3d28a23a1f27b,,8251,,"sem match por versao, SHA-256 ou nome logico",
local,20260801222500_corrigir_relatorio_gerencial_metas_matriculador.sql,20260801222500,20260801191831,corrigir_relatorio_gerencial_metas_matriculador,versao_divergente_conteudo_exato,exata,0015015b270666a7fa4da5442673a13509a5ca3724968a2d1d19505936b7c169,0015015b270666a7fa4da5442673a13509a5ca3724968a2d1d19505936b7c169,10564,10564,match por SHA-256 do SQL normalizado,
local,20260802044426_agenda_rls_aula_alunos_emusys_authenticated.sql,20260802044426,20260802044426,agenda_rls_aula_alunos_emusys_authenticated,versao_alinhada_conteudo_exato,exata,4b54d18c1dfb5c46d5d366ead4b0a0dd81202be628f7f64527fdca165ec57d78,4b54d18c1dfb5c46d5d366ead4b0a0dd81202be628f7f64527fdca165ec57d78,1626,1626,match por versao e SHA-256 do SQL normalizado,
local,20260802143000_agenda_expor_risco_calculado_em.sql,20260802143000,20260802141545,agenda_expor_risco_calculado_em,versao_divergente_conteudo_divergente,nao_equivalente_textualmente,4d926da6147dcb0170459a413f690fd9b76c049b41d08e8f1f9e203dad5eb988,8241f25b91b7bb65e250428e410f1c59f3ba94426811d6bc0785b9b84061d136,10990,8388,match por nome logico; SHA-256 diferente,
local,20260802145546_rls_initplan_caminho_agenda.sql,20260802145546,20260802145546,rls_initplan_caminho_agenda,versao_divergente_conteudo_divergente,nao_equivalente_textualmente,63e4976f29b88a082f6e2065adca047ecc49d1043b2a83766ee521c698bfc83f,f5b80fe12ff9dec7327e220fd8901e18b056e7220c0f7bf43a3f4042d8b96018,2637,1967,match por nome logico; SHA-256 diferente,
local,20260802145946_agenda_expor_progresso_contrato_e_anotacoes_fabio.sql,20260802145946,20260802145946,agenda_expor_progresso_contrato_e_anotacoes_fabio,versao_divergente_conteudo_divergente,nao_equivalente_textualmente,56e3f1146a0205abfe8437a6c713cd26acb808bdae5ae98b8ed665e65daddea8,1d8606b398662b5f66b2baa1cbc048d3fa5d5091fbdc7ed96d524da69f65eb33,7796,7752,match por nome logico; SHA-256 diferente,
local,20260802150015_agenda_revogar_anon_get_agenda_dia.sql,20260802150015,20260802150015,agenda_revogar_anon_get_agenda_dia,versao_alinhada_conteudo_exato,exata,bff7b9450280d23d05f8de8b805b434530449f5cf8287e2a85dea56309f4668f,bff7b9450280d23d05f8de8b805b434530449f5cf8287e2a85dea56309f4668f,504,504,match por versao e SHA-256 do SQL normalizado,
local,20260802184500_pesquisa_evasao_consolidacao_cron_token_compat.sql,20260802184500,20260802184310,pesquisa_evasao_consolidacao_cron_token_compat,versao_divergente_conteudo_exato,exata,b50a4f8f848c9b17f02aa07d6a6ba4edea97ba5a2270612ffb0fe2dc6a60a1e0,b50a4f8f848c9b17f02aa07d6a6ba4edea97ba5a2270612ffb0fe2dc6a60a1e0,1348,1348,match por SHA-256 do SQL normalizado,
local,20260802190000_health_score_v3_nota_diagnostica.sql,20260802190000,20260802190948,health_score_v3_nota_diagnostica,versao_divergente_conteudo_exato,exata,3603746b33d18edb9b58e738f7fd06cea524008c89293901e73f41d745af58b6,3603746b33d18edb9b58e738f7fd06cea524008c89293901e73f41d745af58b6,25572,25572,match por SHA-256 do SQL normalizado,
local,20260802191000_health_score_v3_sinais_capacidade.sql,20260802191000,20260802190951,health_score_v3_sinais_capacidade,versao_divergente_conteudo_exato,exata,cbc3d9f1e604c0c1c79b90e8935589643615644054a37a1123072ecfea16665d,cbc3d9f1e604c0c1c79b90e8935589643615644054a37a1123072ecfea16665d,13048,13048,match por SHA-256 do SQL normalizado,
local,20260802192000_relatorio_coordenacao_canonico.sql,20260802192000,20260802190953,relatorio_coordenacao_canonico,versao_divergente_conteudo_exato,exata,4203703e82c8b8e34f98c97c92bb255230f97276c200c364f0e5419cb4eb528f,4203703e82c8b8e34f98c97c92bb255230f97276c200c364f0e5419cb4eb528f,13532,13532,match por SHA-256 do SQL normalizado,
local,20260802192500_health_score_v3_materializacao_controlada.sql,20260802192500,20260802191132,health_score_v3_materializacao_controlada,versao_divergente_conteudo_exato,exata,0f75ee48d8ac108c7ff3de5094539e25ca9e216aa11edc33f4b9ba7b54d476b9,0f75ee48d8ac108c7ff3de5094539e25ca9e216aa11edc33f4b9ba7b54d476b9,2723,2723,match por SHA-256 do SQL normalizado,
local,20260802213000_pesquisa_evasao_rodadas_revisao.sql,20260802213000,20260802203118,pesquisa_evasao_rodadas_revisao,versao_divergente_conteudo_exato,exata,e4de5d5b97249bdb3aae20e78cb9d1f8e0cda5c4cdac28f754fa0d059afa385a,e4de5d5b97249bdb3aae20e78cb9d1f8e0cda5c4cdac28f754fa0d059afa385a,21217,21217,match por SHA-256 do SQL normalizado,
local,20260802220000_professor_curso_modalidade_excecoes_ativos_v3.sql,20260802220000,20260802205820,professor_curso_modalidade_excecoes_ativos_v3,versao_divergente_conteudo_exato,exata,b3818ebee0b7ca6f34c6d5a0669f43be91b349d882f86763c5db79524609e09f,b3818ebee0b7ca6f34c6d5a0669f43be91b349d882f86763c5db79524609e09f,1880,1880,match por SHA-256 do SQL normalizado,
local,20260802223000_pesquisa_evasao_revisao_auditavel_fila.sql,20260802223000,20260802213534,pesquisa_evasao_revisao_auditavel_fila,versao_divergente_conteudo_exato,exata,b21b7a912bc64db5c7d0eb8d321283e5ed8a67c4aed4d7d61c7f6046f92cee9c,b21b7a912bc64db5c7d0eb8d321283e5ed8a67c4aed4d7d61c7f6046f92cee9c,15114,15114,match por SHA-256 do SQL normalizado,
local,20260802233000_health_score_v3_mes_vivo.sql,20260802233000,20260802215020,health_score_v3_mes_vivo,versao_divergente_conteudo_exato,exata,2d6be8660affae957c7714b1aae295b1e7d0b986ae0679359bdde217a70c5693,2d6be8660affae957c7714b1aae295b1e7d0b986ae0679359bdde217a70c5693,23507,23507,match por SHA-256 do SQL normalizado,
local,20260802234000_health_score_v3_ordem_estavel.sql,20260802234000,20260802221706,health_score_v3_ordem_estavel,versao_divergente_conteudo_exato,exata,3478024f41189f61b3a48689d415c30f3b5f1e653aedc4aedcbe2440eeec6ef5,3478024f41189f61b3a48689d415c30f3b5f1e653aedc4aedcbe2440eeec6ef5,9041,9041,match por SHA-256 do SQL normalizado,
local,20260802235000_health_score_v3_nota_viva_coerente.sql,20260802235000,20260803000032,health_score_v3_nota_viva_coerente,versao_divergente_conteudo_exato,exata,5a36a7f37209cc2eaf9f84368c60f230447c3987f746691f1bb315c6f5bc4259,5a36a7f37209cc2eaf9f84368c60f230447c3987f746691f1bb315c6f5bc4259,16595,16595,match por SHA-256 do SQL normalizado,
local,20260803002500_health_score_v3_percentuais_reais.sql,20260803002500,20260803002322,health_score_v3_percentuais_reais,versao_divergente_conteudo_exato,exata,26b21fc29b70ef12ed6a0e3863f0292aa48f363bff6b4030c44a8e913b1310fe,26b21fc29b70ef12ed6a0e3863f0292aa48f363bff6b4030c44a8e913b1310fe,1680,1680,match por SHA-256 do SQL normalizado,
local,20260803013000_relatorio_coordenacao_amostra_capacidade_honesta.sql,20260803013000,20260803010714,relatorio_coordenacao_amostra_capacidade_honesta,versao_divergente_conteudo_exato,exata,b9ade97e504e29bd935803821d7967536f2b81dd79376876fd9be30b16ef62b2,b9ade97e504e29bd935803821d7967536f2b81dd79376876fd9be30b16ef62b2,11006,11006,match por SHA-256 do SQL normalizado,
local,20260803090000_lia_alertas_privados_fase_a.sql,20260803090000,20260803124754,lia_alertas_privados_fase_a,versao_divergente_conteudo_divergente,nao_equivalente_textualmente,b5d7a94e89337c74c976cff205e3e1146fb6a381e24060868c991a05e89187cd,19927ad548f96fa087e03d4f8dbb449204ad9dbbeadfd5c3969f9139c1ad8360,26503,26577,match por nome logico; SHA-256 diferente,SQL executado em producao contem mojibake em 3 textos; o arquivo local contem UTF-8 corrigido e a correcao veio depois; nao declarar equivalencia historica.
local,20260803110000_relatorios_coordenacao_canonicos_v2.sql,20260803110000,20260803122912;20260803122715,relatorios_coordenacao_canonicos_v2_utf8;relatorios_coordenacao_canonicos_v2,versao_divergente_conteudo_exato,exata,6109ad38f3b669773ec69ac59fe6655a4b85a77a49a68f8c6e3b882dad844f56,6109ad38f3b669773ec69ac59fe6655a4b85a77a49a68f8c6e3b882dad844f56;175237408ab26448b44010426ed21e5a94f11eb3d92f2183be9e81017e2a107a,14453,14453;14475,match por SHA-256 do SQL normalizado,
local,20260803123000_health_score_v3_comparabilidade.sql,20260803123000,20260803160048,health_score_v3_comparabilidade,versao_divergente_conteudo_exato,exata,e72dc0c960c23cf38854791c6f32b1ff19e7c6e91855f09eafd350baf12f79ee,e72dc0c960c23cf38854791c6f32b1ff19e7c6e91855f09eafd350baf12f79ee,22379,22379,match por SHA-256 do SQL normalizado,
local,20260803124500_lia_alertas_utf8_correcao.sql,20260803124500,20260803153255,lia_alertas_utf8_correcao,versao_divergente_conteudo_exato,exata,40c08220466ace89448928d352b4eca9868d7157e801374f73ec8cf4d17fec8f,40c08220466ace89448928d352b4eca9868d7157e801374f73ec8cf4d17fec8f,2663,2663,match por SHA-256 do SQL normalizado,
local,20260803133000_lia_alertas_link_evasao.sql,20260803133000,20260803155959,lia_alertas_link_evasao,versao_divergente_conteudo_exato,exata,e37fcbdea39b5f406e9837293795d32a13149884d7e747698f8c07ce97614a3c,e37fcbdea39b5f406e9837293795d32a13149884d7e747698f8c07ce97614a3c,3148,3148,match por SHA-256 do SQL normalizado,
local,20260803133500_lia_alertas_ecos_admin_cleanup.sql,20260803133500,20260803160011,lia_alertas_ecos_admin_cleanup,versao_divergente_conteudo_exato,exata,612e5b436459ef0399480ed8f67cd1aafdc7bbb7c0852641d67da66d89b7969d,612e5b436459ef0399480ed8f67cd1aafdc7bbb7c0852641d67da66d89b7969d,3459,3459,match por SHA-256 do SQL normalizado,
local,20260803141238_agenda_expor_nr_aula_por_aluno.sql,20260803141238,20260803141238,agenda_expor_nr_aula_por_aluno,versao_divergente_conteudo_divergente,nao_equivalente_textualmente,eddeb5451a35f8390c7003287341ab3b6621bba42d692bdce578708f7cd0aadc,dc0f4f31a26d87f48689e4cd32b397f569dae8e0ac34efb4ffebe9aa6d2d1501,8105,8256,match por nome logico; SHA-256 diferente,
local,20260803142013_agenda_aluno_novo_por_historico_real.sql,20260803142013,20260803142013,agenda_aluno_novo_por_historico_real,versao_divergente_conteudo_divergente,nao_equivalente_textualmente,11596819ef948ec1f2f2a6405f379b89a067bb8c4e34de3aff85d75ed3cd1715,04811eb7cc57da3658df1056221b8d6e3b65d96c64e4409bd7bc75f1d1b0027c,9058,8906,match por nome logico; SHA-256 diferente,
local,20260803162000_health_score_v3_fonte_pilar_efetivo.sql,20260803162000,20260803160616,health_score_v3_fonte_pilar_efetivo,versao_divergente_conteudo_exato,exata,e38211ea34d49cd559e5ae465f7f2f44f7c8cd9d98ee7d32b61233e0272c13fc,e38211ea34d49cd559e5ae465f7f2f44f7c8cd9d98ee7d32b61233e0272c13fc,2682,2682,match por SHA-256 do SQL normalizado,
local,20260803163419_pesquisa_evasao_analise_respostas.sql,20260803163419,20260803163419,pesquisa_evasao_analise_respostas,versao_alinhada_conteudo_exato,exata,7d68f2cd9b4e32f2cc26ebfc73f390a0bd71498fb4b323106721d125d23c800e,7d68f2cd9b4e32f2cc26ebfc73f390a0bd71498fb4b323106721d125d23c800e,5775,5775,match por versao e SHA-256 do SQL normalizado,
local,20260803165346_agenda_tipo_por_modalidade_da_disciplina.sql,20260803165346,20260803165346,agenda_tipo_por_modalidade_da_disciplina,versao_divergente_conteudo_divergente,nao_equivalente_textualmente,bf1501a91c1c20fd202756c8f069b5a43b7f0bcaaa77a70932c8d41ec18a93f8,49fd8d37602f1b188cd5b68a2be9cf4c13143b9626729d44507cd64f1d45f0e0,11171,3856,match por nome logico; SHA-256 diferente,
local,20260803170725_agenda_modalidade_via_view_sem_abrir_catalogo.sql,20260803170725,20260803170725,agenda_modalidade_via_view_sem_abrir_catalogo,versao_divergente_conteudo_divergente,nao_equivalente_textualmente,596840f19796d1704ffa1a67fd5199b6a03e5d10d85136e3c7b59ef9662bec2d,905124968a8b3a19cbe1de4f2c696e9d775fd930fd1abddda70f1158d73413d6,1922,1917,match por nome logico; SHA-256 diferente,
local,20260803170817_vw_disciplinas_modalidade_somente_leitura.sql,20260803170817,20260803170817,vw_disciplinas_modalidade_somente_leitura,versao_divergente_conteudo_divergente,nao_equivalente_textualmente,0a9e3de1db676bdfc6a331fa1658227f347c81b58a1aa56cc515809b94726f03,6f329b4c07fca785a8b6232564b2c33ad27db3fe6c3a39ed5bf02b74a7fc55c8,953,957,match por nome logico; SHA-256 diferente,
local,20260803180000_registrar_experimental_unidade_e_professor_ativo.sql,20260803180000,20260803225053,registrar_experimental_unidade_e_professor_ativo,versao_divergente_conteudo_divergente,nao_equivalente_textualmente,798fd9758e285b74a151bb48937ee03cb9fece8565a85a10e656d02f9273d424,fc1294b529ecb162e7ab85f275ed7a29afad069d4786b160f725da61f826654a,9110,7688,match por nome logico; SHA-256 diferente,
local,20260803210000_lia_alertas_dispatcher_edge.sql,20260803210000,20260803151525,lia_alertas_dispatcher_edge,versao_divergente_conteudo_exato,exata,b2280d03013a5691772a14cab9b418c768d9a8f750936e75dbe44522f9ab8616,b2280d03013a5691772a14cab9b418c768d9a8f750936e75dbe44522f9ab8616,7521,7521,match por SHA-256 do SQL normalizado,
local,20260803213000_lia_alertas_privados_fase_a_ativacao.sql,20260803213000,20260803163819,lia_alertas_privados_fase_a_ativacao,versao_divergente_conteudo_exato,exata,4241b227433732171e6a9fdaef8a7af956c92b1d0eb5476f56bb0075bfcee720,4241b227433732171e6a9fdaef8a7af956c92b1d0eb5476f56bb0075bfcee720,5136,5136,match por SHA-256 do SQL normalizado,
local,20260803215000_health_score_v3_config_comparabilidade.sql,20260803215000,20260803193051,health_score_v3_config_comparabilidade_20260803,versao_divergente_conteudo_exato,exata,a6d671724054b4b3b2966c63bda33c131a458862a5253d6432146ab75e0a3f2c,a6d671724054b4b3b2966c63bda33c131a458862a5253d6432146ab75e0a3f2c,11935,11935,match por SHA-256 do SQL normalizado,
local,20260803220000_health_score_v3_ciclo_mensal_canonico.sql,20260803220000,20260803193054,health_score_v3_ciclo_mensal_canonico_20260803,versao_divergente_conteudo_exato,exata,267db020893655e07c65439da80b96fcc31c2d386fce37a8a0703ca801da2e23,267db020893655e07c65439da80b96fcc31c2d386fce37a8a0703ca801da2e23,33899,33899,match por SHA-256 do SQL normalizado,colisao local 20260803220000: 20260803220000_health_score_v3_ciclo_mensal_canonico.sql;20260803220000_pesquisa_evasao_preview_editavel.sql
local,20260803220000_pesquisa_evasao_preview_editavel.sql,20260803220000,20260803192942,pesquisa_evasao_preview_editavel,versao_divergente_conteudo_exato,exata,2bba48f3191f0fe46b9b342e2bf3334802cd9417ebacdf132842fa5774996cd6,2bba48f3191f0fe46b9b342e2bf3334802cd9417ebacdf132842fa5774996cd6,10792,10792,match por SHA-256 do SQL normalizado,colisao local 20260803220000: 20260803220000_health_score_v3_ciclo_mensal_canonico.sql;20260803220000_pesquisa_evasao_preview_editavel.sql
local,20260803223000_relatorios_coordenacao_periodicidade_canonica.sql,20260803223000,,,sem_par_remoto,sem_evidencia,f334754743befe31753955d667b95384de82316ce36e88d36ed3995d0e11d62e,,23580,,"sem match por versao, SHA-256 ou nome logico",
local,20260803224500_health_score_v3_ciclo_performance.sql,20260803224500,20260803194344,health_score_v3_ciclo_performance_20260803,versao_divergente_conteudo_exato,exata,3b34c811f4a3b62b4086a11036b2aeb2dad1a82ab3a4d13d2e4bd0ee4c3b90c9,3b34c811f4a3b62b4086a11036b2aeb2dad1a82ab3a4d13d2e4bd0ee4c3b90c9,7336,7336,match por SHA-256 do SQL normalizado,
local,20260803225500_health_score_v3_periodo_aberto_carteira.sql,20260803225500,20260803195325,health_score_v3_periodo_aberto_carteira_20260803,versao_divergente_conteudo_exato,exata,83590b5cf33623c71217676657064e6f35423a8863ae1158abc07d23fabdeef1,83590b5cf33623c71217676657064e6f35423a8863ae1158abc07d23fabdeef1,5315,5315,match por SHA-256 do SQL normalizado,
local,20260803230500_health_score_v3_performance_timeout.sql,20260803230500,20260803201259,health_score_v3_performance_timeout_20260803,versao_divergente_conteudo_exato,exata,c2f694ad0ad7163931ad76960c41457a712001d989aaeb2566caa8db47a8b39a,c2f694ad0ad7163931ad76960c41457a712001d989aaeb2566caa8db47a8b39a,5473,5473,match por SHA-256 do SQL normalizado,
local,20260803231500_health_score_v3_performance_payload.sql,20260803231500,20260803201911,health_score_v3_performance_payload_20260803,versao_divergente_conteudo_exato,exata,eb72cb2300b477437a4d8b580db860a1af1d45f74dd13eceed4270f33bed6640,eb72cb2300b477437a4d8b580db860a1af1d45f74dd13eceed4270f33bed6640,4617,4617,match por SHA-256 do SQL normalizado,
local,20260803232500_health_score_v3_equipe_ativa.sql,20260803232500,20260803202938,health_score_v3_equipe_ativa_20260803,versao_divergente_conteudo_exato,exata,835dd1c528200ff74df33f981bab0f3dc0280508a7525a5813a54c22cb40e098,835dd1c528200ff74df33f981bab0f3dc0280508a7525a5813a54c22cb40e098,4701,4701,match por SHA-256 do SQL normalizado,
local,20260803235000_health_score_v3_ciclo_presenca_runtime.sql,20260803235000,20260803234929,health_score_v3_ciclo_presenca_runtime,versao_divergente_conteudo_divergente,nao_equivalente_textualmente,0a9d7512ed4c4d223cc6ae633a6920a11018e462d48d9f5d3a1c49ff14d0af78,b07ac9c90b88b2e10fe9f353ce2b50f546068cc2c0f3e61ab7221a71c0c0eae6,4202,4082,match por nome logico; SHA-256 diferente,
local,20260804000706_fix_candidatos_pesquisa_1a_aula_whatsapp_caixas.sql,20260804000706,20260804000706,fix_candidatos_pesquisa_1a_aula_whatsapp_caixas,versao_alinhada_conteudo_exato,exata,19341cec33841f2c4d0852bbd029b97113de971c01199350b0992ae552740b5b,19341cec33841f2c4d0852bbd029b97113de971c01199350b0992ae552740b5b,5380,5380,match por versao e SHA-256 do SQL normalizado,
local,20260804090000_lia_followup_72h_fase_b.sql,20260804090000,20260803234012,20260804090000_lia_followup_72h_fase_b,versao_divergente_conteudo_exato,exata,8edc78e22d08613628edad7dfd7fcd308d59a746a9e3be2c20daf68168216da9,8edc78e22d08613628edad7dfd7fcd308d59a746a9e3be2c20daf68168216da9,34608,34608,match por SHA-256 do SQL normalizado,
local,20260804120000_health_score_v3_cobertura_pilares_canonica.sql,20260804120000,20260804003729,health_score_v3_cobertura_pilares_canonica_20260804,versao_divergente_conteudo_exato,exata,eab15ca05167ed20328b46d3f292342409acd132f3eb40505d0bdef06f064d13,eab15ca05167ed20328b46d3f292342409acd132f3eb40505d0bdef06f064d13,15063,15063,match por SHA-256 do SQL normalizado,
local,20260804123000_lia_followup_listagem_somente_producao.sql,20260804123000,20260804102455,lia_followup_listagem_somente_producao,versao_divergente_conteudo_exato,exata,3674be4a8e8aac5957153fa191e696f5f8c99f7240f5ddcb052071555f7bb378,3674be4a8e8aac5957153fa191e696f5f8c99f7240f5ddcb052071555f7bb378,5006,5006,match por SHA-256 do SQL normalizado,
local,20260804170000_health_score_v3_kpis_temporais_canonicos.sql,20260804170000,20260804105232,health_score_v3_kpis_temporais_canonicos,versao_divergente_conteudo_exato,exata,f6d8fb8e7b7b1e7857c24f136c9794ead9c72456cea04f98454644023f400cff,f6d8fb8e7b7b1e7857c24f136c9794ead9c72456cea04f98454644023f400cff,16153,16153,match por SHA-256 do SQL normalizado,
local,20260804173000_lia_followup_resumo_renderizar_itens_teste.sql,20260804173000,20260804111959,lia_followup_resumo_renderizar_itens_teste,versao_divergente_conteudo_divergente,nao_equivalente_textualmente,a0883c4c1771fdfda393cac03b56863c349ed125b81cb216b5e4c7240475b4c8,07f728c477a416efaa082163f22980973725cdb7d18a4ee053b821ede9f5788c,3035,3026,match por nome logico; SHA-256 diferente,
local,20260804174500_lia_followup_pilotos_multiplos_mesmo_dia.sql,20260804174500,20260804112331,lia_followup_pilotos_multiplos_mesmo_dia,versao_divergente_conteudo_exato,exata,a4d3b0c6d5f18bb0e760faec722b128600e773da98f9a5812ebe71f446d454dc,a4d3b0c6d5f18bb0e760faec722b128600e773da98f9a5812ebe71f446d454dc,6236,6236,match por SHA-256 do SQL normalizado,
local,20260804180000_lia_followup_72h_fase_b_ativacao.sql,20260804180000,20260804113548,lia_followup_72h_fase_b_ativacao,versao_divergente_conteudo_exato,exata,347e013913bb153599720dfce9501628ce29cd4ca6eebea2718aa094908c7747,347e013913bb153599720dfce9501628ce29cd4ca6eebea2718aa094908c7747,751,751,match por SHA-256 do SQL normalizado,
local,fase3_01_view_gestao.sql,,,,cli_ignora_sem_timestamp,nao_avaliada,95b5072d0d5c975f27464a8e331e25b4a16982c3fbea699a186a87bfbf193563,,3393,,nome fora do padrao <14-digitos>_nome.sql,
local,fase3_views_kpis.sql,,,,cli_ignora_sem_timestamp,nao_avaliada,778da20570263c2560a2d3ac1c522dda4682c5cf727288421d0734a707118d94,,16625,,nome fora do padrao <14-digitos>_nome.sql,
local,fase5_5a_ajustar_usuarios.sql,,,,cli_ignora_sem_timestamp,nao_avaliada,9c294e36260caa297568f0c0b2943d2ea87962af188045513ce2295b5a3d5a75,,1783,,nome fora do padrao <14-digitos>_nome.sql,
local,fase5_5b_criar_politicas_rls.sql,,,,cli_ignora_sem_timestamp,nao_avaliada,58e04031973706c2a4f8ed808f67416a61ea42ee5747173d374c8034a527234b,,8888,,nome fora do padrao <14-digitos>_nome.sql,
local,fase5_5c_seed_usuario_admin.sql,,,,cli_ignora_sem_timestamp,nao_avaliada,92453b53569630ba8a56482500915f7a69c5a3fd4545dfb4b93cc7e78c863817,,1535,,nome fora do padrao <14-digitos>_nome.sql,
remote_only,,,20260106025222,create_dados_comerciais_table,registro_remoto_sem_par_local_canonico,sem_par_local,,4d30db00f0682e713eeb2c533db88593df3977ea0eb990c265db46fd29bbe732,,671,registro existente em supabase_migrations.schema_migrations,created_by=producoes.emla@gmail.com; statement_count=1
remote_only,,,20260106025232,create_metas_comerciais_table,registro_remoto_sem_par_local_canonico,sem_par_local,,b4dc5003d8e1f6e40bebdf28e52304640c4e42057b0e60a34aa639cfa00faf82,,461,registro existente em supabase_migrations.schema_migrations,created_by=producoes.emla@gmail.com; statement_count=1
remote_only,,,20260106025242,create_professores_experimentais_table,registro_remoto_sem_par_local_canonico,sem_par_local,,789942b23e1428d54a181ea102f2da684e473f843e140bd94d9071a527bb6156,,395,registro existente em supabase_migrations.schema_migrations,created_by=producoes.emla@gmail.com; statement_count=1
remote_only,,,20260106025244,create_cursos_matriculados_table,registro_remoto_sem_par_local_canonico,sem_par_local,,33dd4fb35cd42f1c94b33177c9aed21c44479fee52e92a25a6b3ee41fad5cf6c,,373,registro existente em supabase_migrations.schema_migrations,created_by=producoes.emla@gmail.com; statement_count=1
remote_only,,,20260106025247,create_origem_leads_table,registro_remoto_sem_par_local_canonico,sem_par_local,,dfa795dfb9e56b727a90c881b67ed6ae8891674867bb7118e9bb285b8f394738,,393,registro existente em supabase_migrations.schema_migrations,created_by=producoes.emla@gmail.com; statement_count=1
remote_only,,,20260107012927,update_inadimplencia_values,registro_remoto_sem_par_local_canonico,sem_par_local,,d0878f172dee33c813d10883eefd1bfae5a9f997b99ad641b49a4903bab6ef8b,,4972,registro existente em supabase_migrations.schema_migrations,created_by=producoes.emla@gmail.com; statement_count=1
remote_only,,,20260107012953,fix_reajuste_janeiro,registro_remoto_sem_par_local_canonico,sem_par_local,,8e8fc804a03e8813d363128fe42b57ca2cb7b263eb892f2801252e7ca4060e24,,361,registro existente em supabase_migrations.schema_migrations,created_by=producoes.emla@gmail.com; statement_count=1
remote_only,,,20260109125533,fase1_tabelas_mestras_estrutura,registro_remoto_sem_par_local_canonico,sem_par_local,,9447043f9b54e97c54bc28a6f0a87bdb99c5e6e9c2cde598936bfbc48a411e04,,3978,registro existente em supabase_migrations.schema_migrations,created_by=producoes.emla@gmail.com; statement_count=1
remote_only,,,20260109125543,fase1_seed_professores,registro_remoto_sem_par_local_canonico,sem_par_local,,f0a3f1dba6226501732cc2c5dcac720c2562917c478b2145225a2069f0cb4661,,977,registro existente em supabase_migrations.schema_migrations,created_by=producoes.emla@gmail.com; statement_count=1
remote_only,,,20260109125552,fase1_seed_cursos,registro_remoto_sem_par_local_canonico,sem_par_local,,45c140d7d3742b358be00fe4da6a2b3198d982c60e9546028ba1879d54c05749,,389,registro existente em supabase_migrations.schema_migrations,created_by=producoes.emla@gmail.com; statement_count=1
remote_only,,,20260109125600,fase1_seed_canais_motivos,registro_remoto_sem_par_local_canonico,sem_par_local,,a5fe4e18a85430f85d037b615c67b03933fe6363ee34529ae6f3d6a805ff20d6,,836,registro existente em supabase_migrations.schema_migrations,created_by=producoes.emla@gmail.com; statement_count=1
remote_only,,,20260109125610,fase1_seed_formas_tipos,registro_remoto_sem_par_local_canonico,sem_par_local,,02689297477db60f6c8e926181e0d57b905aa3bd43483675e5c3916c36e61c6a,,1295,registro existente em supabase_migrations.schema_migrations,created_by=producoes.emla@gmail.com; statement_count=1
remote_only,,,20260109131550,fase2_tabela_alunos,registro_remoto_sem_par_local_canonico,sem_par_local,,06cdc0d8be1944018c1fd88e653cae3d0c60bc3c95217ff9a60e24c4224ed928,,1776,registro existente em supabase_migrations.schema_migrations,created_by=producoes.emla@gmail.com; statement_count=1
remote_only,,,20260109131601,fase2_funcao_trigger_alunos,registro_remoto_sem_par_local_canonico,sem_par_local,,a6049808e1ab0720ad0d448adc768e746824bc70b6df8304f9e1a3bd1440719a,,1402,registro existente em supabase_migrations.schema_migrations,created_by=producoes.emla@gmail.com; statement_count=1
remote_only,,,20260109131610,fase2_indices_alunos,registro_remoto_sem_par_local_canonico,sem_par_local,,103faf77a4891a7efe84f7aebbb9c5bfa86b11be11660e133ab3dbb414a515c6,,822,registro existente em supabase_migrations.schema_migrations,created_by=producoes.emla@gmail.com; statement_count=1
remote_only,,,20260109131622,fase2_views_alunos,registro_remoto_sem_par_local_canonico,sem_par_local,,b3034f9ebce319eec32d0d12251a4141a14e766d28a081358db9f5ce076d45a6,,1922,registro existente em supabase_migrations.schema_migrations,created_by=producoes.emla@gmail.com; statement_count=1
remote_only,,,20260109230832,fase3_add_colunas_alunos,registro_remoto_sem_par_local_canonico,sem_par_local,,9c23cb087957d4e74d5adb13c8fa7a4d20a480ee6a6272a9297fb192fbf58a4c,,993,registro existente em supabase_migrations.schema_migrations,created_by=producoes.emla@gmail.com; statement_count=1
remote_only,,,20260109231302,fase3_importar_alunos_batch1,registro_remoto_sem_par_local_canonico,sem_par_local,,f0b84696c80bffdee0cebead1d649aac9dd1be5a7ebf91b568f72368c043485c,,7765,registro existente em supabase_migrations.schema_migrations,created_by=producoes.emla@gmail.com; statement_count=1
remote_only,,,20260109231504,fase3_importar_alunos_batch2,registro_remoto_sem_par_local_canonico,sem_par_local,,ca796c4d9c1f4f45f880742c9959787b457989d7f1798ce17efab135a733116f,,15387,registro existente em supabase_migrations.schema_migrations,created_by=producoes.emla@gmail.com; statement_count=1
remote_only,,,20260109231712,fase3_importar_alunos_batch3,registro_remoto_sem_par_local_canonico,sem_par_local,,3d4a3b1f0e65716cad9eecee6aa680401da30b43bf5562ba20c711eae57b8cc3,,15311,registro existente em supabase_migrations.schema_migrations,created_by=producoes.emla@gmail.com; statement_count=1
remote_only,,,20260109231905,fase3_importar_alunos_batch4,registro_remoto_sem_par_local_canonico,sem_par_local,,9bdc502fd3201a4143444344db261ef5d77fc4873a8eb9d353bbba2cbc78b96b,,15237,registro existente em supabase_migrations.schema_migrations,created_by=producoes.emla@gmail.com; statement_count=1
remote_only,,,20260109232058,fase3_importar_alunos_batch5,registro_remoto_sem_par_local_canonico,sem_par_local,,d5203555e1818f7531509992c9f4185fcc39c622b98f993cbb685f40330060fc,,15187,registro existente em supabase_migrations.schema_migrations,created_by=producoes.emla@gmail.com; statement_count=1
remote_only,,,20260109232251,fase3_importar_alunos_batch6,registro_remoto_sem_par_local_canonico,sem_par_local,,2eb01613cf0615b131effd5e9a4edf34d398e98b6196925fb4c32c426d1238b1,,15396,registro existente em supabase_migrations.schema_migrations,created_by=producoes.emla@gmail.com; statement_count=1
remote_only,,,20260109232443,fase3_importar_alunos_batch7,registro_remoto_sem_par_local_canonico,sem_par_local,,764fdacc87302d0c8b73693f9aa1b71d52f8f97c90f9cf9f6bb718a06982fba9,,15351,registro existente em supabase_migrations.schema_migrations,created_by=producoes.emla@gmail.com; statement_count=1
remote_only,,,20260109232625,fase3_importar_alunos_batch8,registro_remoto_sem_par_local_canonico,sem_par_local,,2f1c5d82ab03a4f5ee03c3b0b2f99f50297dadc8511c9b8b1a870c3da3f137f4,,13095,registro existente em supabase_migrations.schema_migrations,created_by=producoes.emla@gmail.com; statement_count=1
remote_only,,,20260109232846,fase3_importar_alunos_batch9,registro_remoto_sem_par_local_canonico,sem_par_local,,e95f7726db4b276a16d3ce29b9019d4201d95581d48231bbfc58d4cdb6d57ee8,,17245,registro existente em supabase_migrations.schema_migrations,created_by=producoes.emla@gmail.com; statement_count=1
remote_only,,,20260109232908,fase3_importar_alunos_batch10,registro_remoto_sem_par_local_canonico,sem_par_local,,04cb30741739a2bcbf573b287afec15ce7f36665894838517186afa05f18c7f4,,1875,registro existente em supabase_migrations.schema_migrations,created_by=producoes.emla@gmail.com; statement_count=1
remote_only,,,20260110000940,fase4_criar_tabela_alunos_historico,registro_remoto_sem_par_local_canonico,sem_par_local,,c4055f07a42fc27690fc7a2cd6565fd2175f28a8eba6277fa5e2116432926abb,,1016,registro existente em supabase_migrations.schema_migrations,created_by=producoes.emla@gmail.com; statement_count=1
remote_only,,,20260110000953,fase4_criar_views_ltv,registro_remoto_sem_par_local_canonico,sem_par_local,,2cfdca2c8c2544768fac676706ce65413919fb075eb5bfdf9991681c74dae4f2,,1826,registro existente em supabase_migrations.schema_migrations,created_by=producoes.emla@gmail.com; statement_count=1
remote_only,,,20260110001732,fase4_importar_historico_ltv_batch_03_27,registro_remoto_sem_par_local_canonico,sem_par_local,,1f7a25bc13eb50be6371935f0cf8e30f2ea1dfda1e18a2146bf75bfcaa4c839c,,5548,registro existente em supabase_migrations.schema_migrations,created_by=producoes.emla@gmail.com; statement_count=1
remote_only,,,20260110004143,fase3_criar_tabela_movimentacoes,registro_remoto_sem_par_local_canonico,sem_par_local,,f8405a62977453d639a4c06ee8feb1e5442f4d8388060ea7639c4a059a785305,,2803,registro existente em supabase_migrations.schema_migrations,created_by=producoes.emla@gmail.com; statement_count=1
remote_only,,,20260110004211,fase3_criar_views_movimentacoes,registro_remoto_sem_par_local_canonico,sem_par_local,,540296d3e09f2c50dfe7dec445b7a51f61aad4614cec93a8a2e9ac0681851037,,3859,registro existente em supabase_migrations.schema_migrations,created_by=producoes.emla@gmail.com; statement_count=1
remote_only,,,20260110004234,fase3_criar_funcao_registrar_movimentacao,registro_remoto_sem_par_local_canonico,sem_par_local,,803a48385c210401ddc1c9349ca3ec460a86155a88da8a49949b7920496c405f,,2619,registro existente em supabase_migrations.schema_migrations,created_by=producoes.emla@gmail.com; statement_count=1
remote_only,,,20260116090613,fase4_1_backup_renomear_metas,registro_remoto_sem_par_local_canonico,sem_par_local,,4840d3d3616054ea3d7c7897694fd1120fdf2fb5a34324a409c9657a14065f70,,448,registro existente em supabase_migrations.schema_migrations,created_by=producoes.emla@gmail.com; statement_count=1
remote_only,,,20260116090713,fase4_2_criar_nova_tabela_metas_v2,registro_remoto_sem_par_local_canonico,sem_par_local,,c731e3d8c42c8141b9e5513460e75b5450092a8f87d3466764f897e6e2fd56a3,,2714,registro existente em supabase_migrations.schema_migrations,created_by=producoes.emla@gmail.com; statement_count=1
remote_only,,,20260116090747,fase4_3_migrar_dados_metas,registro_remoto_sem_par_local_canonico,sem_par_local,,9dd615ae4c141cef8443631e04c4549424385c8e4932ad09fb13a8ad8b86feb1,,2661,registro existente em supabase_migrations.schema_migrations,created_by=producoes.emla@gmail.com; statement_count=1
remote_only,,,20260116090817,fase4_4_adicionar_campos_alunos,registro_remoto_sem_par_local_canonico,sem_par_local,,549a6533e69b237d7b83f17bc459e737e1259df1ef26dfe85f1bf7cea658a3c6,,1266,registro existente em supabase_migrations.schema_migrations,created_by=producoes.emla@gmail.com; statement_count=1
remote_only,,,20260116090841,fase4_5a_criar_tabela_usuarios,registro_remoto_sem_par_local_canonico,sem_par_local,,65690ca7a1c0eed5d5ffcf8d5914e42d43c732834f61890d427cca9e653a36cb,,1600,registro existente em supabase_migrations.schema_migrations,created_by=producoes.emla@gmail.com; statement_count=1
remote_only,,,20260116090857,fase4_5b_criar_tabela_leads,registro_remoto_sem_par_local_canonico,sem_par_local,,01627c04b97c31169c9f31ac2817447197de5c839bd1911927b9fe76164f9087,,2566,registro existente em supabase_migrations.schema_migrations,created_by=producoes.emla@gmail.com; statement_count=1
remote_only,,,20260116090915,fase4_5c_criar_tabela_renovacoes,registro_remoto_sem_par_local_canonico,sem_par_local,,080abca30d59fcf599a80ffee0905868be60eaa75c789392aa9b8a9c65684ad4,,2539,registro existente em supabase_migrations.schema_migrations,created_by=producoes.emla@gmail.com; statement_count=1
remote_only,,,20260116090934,fase4_5d_criar_tabela_relatorios_diarios,registro_remoto_sem_par_local_canonico,sem_par_local,,d2525d7adf323347483438804ca9f702cc31a2e1cd7b2f186b5c8d1772cfee04,,2312,registro existente em supabase_migrations.schema_migrations,created_by=producoes.emla@gmail.com; statement_count=1
remote_only,,,20260116091006,fase4_6_criar_views_kpis_comerciais,registro_remoto_sem_par_local_canonico,sem_par_local,,f175be938a6a0ea952ec99a3641bd110d98b640879c2735543afd7465dacc027,,3274,registro existente em supabase_migrations.schema_migrations,created_by=producoes.emla@gmail.com; statement_count=1
remote_only,,,20260116091047,fase4_7_criar_views_metas_realizado,registro_remoto_sem_par_local_canonico,sem_par_local,,4e8c3c5ac37308bba7f7f36c3ca7c5ed3249da57770efcbe6bbd4a29e379ff3e,,4525,registro existente em supabase_migrations.schema_migrations,created_by=producoes.emla@gmail.com; statement_count=1
remote_only,,,20260116091127,fase4_8_criar_views_consolidadas_alertas,registro_remoto_sem_par_local_canonico,sem_par_local,,6074d0ddc500f1157e713bb0cae46e213baef0c8ac1d369bb558e87b8dee3f80,,4181,registro existente em supabase_migrations.schema_migrations,created_by=producoes.emla@gmail.com; statement_count=1
remote_only,,,20260116091220,fase4_10_documentar_legado,registro_remoto_sem_par_local_canonico,sem_par_local,,ddf0d5991604917e8141fd91505f01b8dccd330d73ab5b51c15bae849454168d,,638,registro existente em supabase_migrations.schema_migrations,created_by=producoes.emla@gmail.com; statement_count=1
remote_only,,,20260116110805,fase5_5a_ajustar_usuarios,registro_remoto_sem_par_local_canonico,sem_par_local,,38da0511c1df1e218238bf68b1505c5ab12593e9ef9e12d680371deb9542ecc6,,941,registro existente em supabase_migrations.schema_migrations,created_by=producoes.emla@gmail.com; statement_count=1
remote_only,,,20260116110815,fase5_5b_criar_politicas_rls_parte1,registro_remoto_sem_par_local_canonico,sem_par_local,,2323f5f8cc4552a63d70f38f9dbea3b5f195a8f40b8c0eade8099cbdd9b0a9d8,,906,registro existente em supabase_migrations.schema_migrations,created_by=producoes.emla@gmail.com; statement_count=1
remote_only,,,20260116110826,fase5_5b_politicas_alunos_leads,registro_remoto_sem_par_local_canonico,sem_par_local,,e4133fd98fa6bf49aa5243c81f92e4712e4ec03c4d29e3faa87beb87d615ddf8,,1367,registro existente em supabase_migrations.schema_migrations,created_by=producoes.emla@gmail.com; statement_count=1
remote_only,,,20260116110838,fase5_5b_politicas_movimentacoes_renovacoes,registro_remoto_sem_par_local_canonico,sem_par_local,,ab755060804d149b64e5e6da4bd95fae07308cf6fdd05703bcdb108cf95af0a8,,1253,registro existente em supabase_migrations.schema_migrations,created_by=producoes.emla@gmail.com; statement_count=1
remote_only,,,20260116110926,fase5_5b_politicas_evasoes_relatorios_v2,registro_remoto_sem_par_local_canonico,sem_par_local,,482f570daa3aaa99fb54f15871dd11972360e1733a3f8b557a46f38c3975ec78,,1462,registro existente em supabase_migrations.schema_migrations,created_by=producoes.emla@gmail.com; statement_count=1
remote_only,,,20260116111015,fase5_5b_adicionar_auth_user_id,registro_remoto_sem_par_local_canonico,sem_par_local,,888ba7341215edf23bff40f2268cafb0a75ff4d1c05908aff82a2b46e0a164fa,,327,registro existente em supabase_migrations.schema_migrations,created_by=producoes.emla@gmail.com; statement_count=1
remote_only,,,20260116111025,fase5_5b_recriar_funcoes_auxiliares,registro_remoto_sem_par_local_canonico,sem_par_local,,7498bce0acf3e448050d646d06e3378c796d2ebe65c66b8abc8f6bb16f01b4a2,,524,registro existente em supabase_migrations.schema_migrations,created_by=producoes.emla@gmail.com; statement_count=1
remote_only,,,20260116111035,fase5_5b_politicas_metas_usuarios_final,registro_remoto_sem_par_local_canonico,sem_par_local,,45a9e02e15eac9cde7f6cc3cff0ecc69210189c912034ea436d01f7f61b57f77,,1193,registro existente em supabase_migrations.schema_migrations,created_by=producoes.emla@gmail.com; statement_count=1
remote_only,,,20260116111056,fase5_5b_politicas_tabelas_referencia_v2,registro_remoto_sem_par_local_canonico,sem_par_local,,ec76938884e647a0c288f70cd5a656989a5da1ff116159fc576de66d1fc6b916,,824,registro existente em supabase_migrations.schema_migrations,created_by=producoes.emla@gmail.com; statement_count=1
remote_only,,,20260116113711,fase5_5b_corrigir_politica_usuarios_select,registro_remoto_sem_par_local_canonico,sem_par_local,,a75ded8da28dca2278f70c94bda2dc8cd0401223d1a25f5817b5630bed0910fa,,281,registro existente em supabase_migrations.schema_migrations,created_by=producoes.emla@gmail.com; statement_count=1
remote_only,,,20260116121008,fase5_5b_simplificar_politica_usuarios_select,registro_remoto_sem_par_local_canonico,sem_par_local,,c231f70161761f072070b4adccabc2dfe170e8eeeea0d96894b75c52010ee4ce,,300,registro existente em supabase_migrations.schema_migrations,created_by=producoes.emla@gmail.com; statement_count=1
remote_only,,,20260116121142,fase5_5b_corrigir_politica_usuarios_final,registro_remoto_sem_par_local_canonico,sem_par_local,,8213a95034eafab9d69f38c8b221c8785290d3f222cf92fb0673b4e766524652,,602,registro existente em supabase_migrations.schema_migrations,created_by=producoes.emla@gmail.com; statement_count=1
remote_only,,,20260116121300,fase5_5b_solucao_definitiva_rls_usuarios,registro_remoto_sem_par_local_canonico,sem_par_local,,fb3cd080cce1f6e764238415afb8b518ef2366921ea4a4de60e3f670912c5bf2,,517,registro existente em supabase_migrations.schema_migrations,created_by=producoes.emla@gmail.com; statement_count=1
remote_only,,,20260118113943,fase6_1a_criar_tabela_evasoes_v2,registro_remoto_sem_par_local_canonico,sem_par_local,,4a017ed5aff38e6e41d2810f7a40c47dacdc81c5ec1b4ef991485e50419d9fec,,2596,registro existente em supabase_migrations.schema_migrations,created_by=producoes.emla@gmail.com; statement_count=1
remote_only,,,20260118114000,fase6_1b_criar_tabela_leads_diarios,registro_remoto_sem_par_local_canonico,sem_par_local,,7c5a2b7cd4d0b52e46b6bb4089a3f38483ad2ca7b465fe93b597e6fe8710301b,,3325,registro existente em supabase_migrations.schema_migrations,created_by=producoes.emla@gmail.com; statement_count=1
remote_only,,,20260118125636,create_motivos_arquivamento,registro_remoto_sem_par_local_canonico,sem_par_local,,ccd5807a7867c13113ef281b6ce3dedb9dc05ceaf66a80e892e6c60c99fdff0a,,1182,registro existente em supabase_migrations.schema_migrations,created_by=producoes.emla@gmail.com; statement_count=1
remote_only,,,20260118125638,create_horarios,registro_remoto_sem_par_local_canonico,sem_par_local,,a3b620d9eaba01279630a98653a8d07383da5d33d955fbf4a6f3e46df19367b8,,788,registro existente em supabase_migrations.schema_migrations,created_by=producoes.emla@gmail.com; statement_count=1
remote_only,,,20260118125651,add_transferencia_tipo_saida,registro_remoto_sem_par_local_canonico,sem_par_local,,cee6138b4089b2863ffe6a2821377c2f8b083ad23ba33b90c40dd143029f078f,,194,registro existente em supabase_migrations.schema_migrations,created_by=producoes.emla@gmail.com; statement_count=1
remote_only,,,20260118125654,add_campos_tipos_matricula,registro_remoto_sem_par_local_canonico,sem_par_local,,6e9346aacc652130983c4ea216d843eebba3e45c254c9c0c7070a5f1507b4aff,,633,registro existente em supabase_migrations.schema_migrations,created_by=producoes.emla@gmail.com; statement_count=1
remote_only,,,20260118125703,add_curso_id_evasoes_v2,registro_remoto_sem_par_local_canonico,sem_par_local,,12e72247d2e3a7126ac96222e2230bfc876355096e81889d36afb7413c30ef6c,,231,registro existente em supabase_migrations.schema_migrations,created_by=producoes.emla@gmail.com; statement_count=1
remote_only,,,20260118125706,add_campos_arquivamento_leads,registro_remoto_sem_par_local_canonico,sem_par_local,,660e72dfeb39b323da1833fe2006ba9c984ab044666823ab7754cd220a5b106c,,778,registro existente em supabase_migrations.schema_migrations,created_by=producoes.emla@gmail.com; statement_count=1
remote_only,,,20260118125708,add_campos_professores,registro_remoto_sem_par_local_canonico,sem_par_local,,286e8beb7b24182d96e7872082078a6481f4a7f0dc3732ee8aeb0e866e066ebf,,405,registro existente em supabase_migrations.schema_migrations,created_by=producoes.emla@gmail.com; statement_count=1
remote_only,,,20260118125755,create_view_renovacoes_pendentes,registro_remoto_sem_par_local_canonico,sem_par_local,,727135058645c68b6fd30dfa54a835745252bdefd22aab7626522cd684335eb6,,1016,registro existente em supabase_migrations.schema_migrations,created_by=producoes.emla@gmail.com; statement_count=1
remote_only,,,20260118125824,create_view_kpis_professor_completo_v2,registro_remoto_sem_par_local_canonico,sem_par_local,,95389d4038ba48b9efa97b21658f55421e93c7bf2e61dfe239015fd259846293,,3747,registro existente em supabase_migrations.schema_migrations,created_by=producoes.emla@gmail.com; statement_count=1
remote_only,,,20260118170602,add_unidade_id_to_vw_kpis_professor_mensal,registro_remoto_sem_par_local_canonico,sem_par_local,,d7b404ab26020894dd1a7922d2f45a72b91e95f12a74d63fb32094de1431c945,,5463,registro existente em supabase_migrations.schema_migrations,created_by=producoes.emla@gmail.com; statement_count=1
remote_only,,,20260118195633,fix_reajuste_parcelas_2025,registro_remoto_sem_par_local_canonico,sem_par_local,,9e2e9122545328db5e11fb63ce9bcbc35d7d08bd81933aabd8d8fe98ec3f1147,,1146,registro existente em supabase_migrations.schema_migrations,created_by=producoes.emla@gmail.com; statement_count=1
remote_only,,,20260118200638,update_ticket_medio_real_2025,registro_remoto_sem_par_local_canonico,sem_par_local,,2b5d0fb77a56ef34f2478e600390259a4cb324569defce63724e818d2b554459,,4811,registro existente em supabase_migrations.schema_migrations,created_by=producoes.emla@gmail.com; statement_count=1
remote_only,,,20260118200941,fix_ticket_medio_parcelas_2025,registro_remoto_sem_par_local_canonico,sem_par_local,,ee064b002fa481c1855521fce53e31fb0c111e4135e0e147da7177023207ec1f,,4832,registro existente em supabase_migrations.schema_migrations,created_by=producoes.emla@gmail.com; statement_count=1
remote_only,,,20260118221702,add_passaporte_columns_to_dados_mensais,registro_remoto_sem_par_local_canonico,sem_par_local,,4b945341c0df4b407394964bc19d53aec5c1d072a1125bff1cf898e926c827d4,,193,registro existente em supabase_migrations.schema_migrations,created_by=producoes.emla@gmail.com; statement_count=1
remote_only,,,20260118221712,create_motivos_nao_matricula_table,registro_remoto_sem_par_local_canonico,sem_par_local,,3e89f944b1bbcf8e6bdb86901aef3c37f5bdad9bcf54b59178304042177cf22d,,637,registro existente em supabase_migrations.schema_migrations,created_by=producoes.emla@gmail.com; statement_count=1
remote_only,,,20260118221910,add_fk_motivo_nao_matricula,registro_remoto_sem_par_local_canonico,sem_par_local,,144844fc81fcab5d48450d578fde2d6679daae1f92a679f313ee58ccbe71127a,,339,registro existente em supabase_migrations.schema_migrations,created_by=producoes.emla@gmail.com; statement_count=1
remote_only,,,20260118235137,create_vw_kpis_comercial_historico,registro_remoto_sem_par_local_canonico,sem_par_local,,4a09d747dab385da2858a911646d624913fdd2368bd19419ef8319a1cb149f8e,,1141,registro existente em supabase_migrations.schema_migrations,created_by=producoes.emla@gmail.com; statement_count=1
remote_only,,,20260120121400,create_metas_kpi_table,registro_remoto_sem_par_local_canonico,sem_par_local,,33291715aa488b706445a2147025930c2a99dd536609c373c760cbecd65b3aa6,,1509,registro existente em supabase_migrations.schema_migrations,created_by=producoes.emla@gmail.com; statement_count=1
remote_only,,,20260120143048,create_simulacoes_metas,registro_remoto_sem_par_local_canonico,sem_par_local,,8ee1c6467f4c3e9d3916e336f0a500d2cff0cc15e437ec5f26ce49169ab75257,,1543,registro existente em supabase_migrations.schema_migrations,created_by=producoes.emla@gmail.com; statement_count=1
remote_only,,,20260120210615,add_mrr_fields_to_simulacoes_metas,registro_remoto_sem_par_local_canonico,sem_par_local,,e2a0dd213ba9e4eb0c8d83f5de1c16a6d9e8ce393de8748c1b3bd6951968c654,,598,registro existente em supabase_migrations.schema_migrations,created_by=producoes.emla@gmail.com; statement_count=1
remote_only,,,20260120225233,create_templates_cenario,registro_remoto_sem_par_local_canonico,sem_par_local,,91b7e85ed1096a8a3f59d9cc0bb4efdb562123663e4c5ee1d301031a70679bcf,,1923,registro existente em supabase_migrations.schema_migrations,created_by=producoes.emla@gmail.com; statement_count=1
remote_only,,,20260120230853,simplify_templates_cenario,registro_remoto_sem_par_local_canonico,sem_par_local,,5b6f26fbb817f114f48b634b6fd0aff7e38673d36c14f2f9bceacad20c650888,,1104,registro existente em supabase_migrations.schema_migrations,created_by=producoes.emla@gmail.com; statement_count=1
remote_only,,,20260120232837,expand_templates_cenario_unidade,registro_remoto_sem_par_local_canonico,sem_par_local,,c96d1eefa424588fe4c6a0eb6bbdde6d20ccb1c870e8aace43d2946e66dd5473,,363,registro existente em supabase_migrations.schema_migrations,created_by=producoes.emla@gmail.com; statement_count=1
remote_only,,,20260121012536,create_planos_acao_table,registro_remoto_sem_par_local_canonico,sem_par_local,,1479d444c1d85b5b9ad237d6529726e25d0aab605b7b5353062444622192ad02,,2501,registro existente em supabase_migrations.schema_migrations,created_by=producoes.emla@gmail.com; statement_count=1
remote_only,,,20260121014201,fix_planos_acao_rls,registro_remoto_sem_par_local_canonico,sem_par_local,,8207a396ad30430a64974e68f75ea39092ed1d97fb9582e72ab60ea806fd7f68,,843,registro existente em supabase_migrations.schema_migrations,created_by=producoes.emla@gmail.com; statement_count=1
remote_only,,,20260121143824,create_simulacoes_turma_table,registro_remoto_sem_par_local_canonico,sem_par_local,,2647d57747e0c0814b8d1e4a047531f35b28cbd1134b741d18807c3d60a0d907,,2890,registro existente em supabase_migrations.schema_migrations,created_by=producoes.emla@gmail.com; statement_count=1
remote_only,,,20260122013051,add_forma_pagamento_passaporte,registro_remoto_sem_par_local_canonico,sem_par_local,,d78aafbe8d3b50d458be172b5c9e7f04ec358229585442d55cf25c61eff183ef,,121,registro existente em supabase_migrations.schema_migrations,created_by=producoes.emla@gmail.com; statement_count=1
remote_only,,,20260122013732,add_dia_vencimento,registro_remoto_sem_par_local_canonico,sem_par_local,,9fb6287033a3d223185b475b90f431617118cdad0be06e5a3c0312e4e2f7c8d0,,108,registro existente em supabase_migrations.schema_migrations,created_by=producoes.emla@gmail.com; statement_count=1
remote_only,,,20260122015934,create_movimentacoes_admin,registro_remoto_sem_par_local_canonico,sem_par_local,,67d6248112f0f5e8901131ac129611de0bf8ce1aff924b4bc74fa67d7d831695,,2251,registro existente em supabase_migrations.schema_migrations,created_by=producoes.emla@gmail.com; statement_count=1
remote_only,,,20260122112828,add_trancamento_support,registro_remoto_sem_par_local_canonico,sem_par_local,,d1804b703979f16bb92a0887c2af24d82d3d3ffe891f5a3d1221eb41e052e149,,595,registro existente em supabase_migrations.schema_migrations,created_by=producoes.emla@gmail.com; statement_count=1
remote_only,,,20260122112840,add_gestao_bolsistas,registro_remoto_sem_par_local_canonico,sem_par_local,,f87de2e4882a236e078674ac78799530aca912f0bc64c8d5019a777675b8e2f3,,714,registro existente em supabase_migrations.schema_migrations,created_by=producoes.emla@gmail.com; statement_count=1
remote_only,,,20260122113242,add_tipo_aluno_leads_diarios,registro_remoto_sem_par_local_canonico,sem_par_local,,473902a712071f9cff1ac43f601913886a5fb80c6387a870d728ca2c00005a82,,297,registro existente em supabase_migrations.schema_migrations,created_by=producoes.emla@gmail.com; statement_count=1
remote_only,,,20260122132240,create_motivos_trancamento,registro_remoto_sem_par_local_canonico,sem_par_local,,7b5ba9783262a06684e3b48694e0c67fdd84e5198b9bb8f00b262d51b51e22f3,,1602,registro existente em supabase_migrations.schema_migrations,created_by=producoes.emla@gmail.com; statement_count=1
remote_only,,,20260122160853,fix_rls_delete_policies,registro_remoto_sem_par_local_canonico,sem_par_local,,780d53d3710f7cfadaa384cc9c9d77fde5155377ebb131159d7eeae7d05cdefa,,1522,registro existente em supabase_migrations.schema_migrations,created_by=producoes.emla@gmail.com; statement_count=1
remote_only,,,20260122160937,fix_rls_delete_policies_part2,registro_remoto_sem_par_local_canonico,sem_par_local,,6ad1f0692957f81cb29be54dbd3e9eb9b258c49b780b0bb7c4f9e3f3c2c76bb5,,1131,registro existente em supabase_migrations.schema_migrations,created_by=producoes.emla@gmail.com; statement_count=1
remote_only,,,20260122160959,fix_rls_leads_delete,registro_remoto_sem_par_local_canonico,sem_par_local,,76e92ca6f28db9f6ca37827e6d0e07c7136a2b2f378908368da0e8e2d136ba5d,,289,registro existente em supabase_migrations.schema_migrations,created_by=producoes.emla@gmail.com; statement_count=1
remote_only,,,20260122161107,liberar_crud_completo_todas_tabelas,registro_remoto_sem_par_local_canonico,sem_par_local,,5d629b29ff4ba0197565779b8571b61192000b10eafe09b2250bb35c258137bf,,5141,registro existente em supabase_migrations.schema_migrations,created_by=producoes.emla@gmail.com; statement_count=1
remote_only,,,20260122162000,habilitar_rls_tabelas_unrestricted,registro_remoto_sem_par_local_canonico,sem_par_local,,2216872fc0957e55eb145678da392b1efd01e914e5f7654b1cbde4413ea26265,,5474,registro existente em supabase_migrations.schema_migrations,created_by=producoes.emla@gmail.com; statement_count=1
remote_only,,,20260122162022,habilitar_rls_tabelas_unrestricted_part2,registro_remoto_sem_par_local_canonico,sem_par_local,,89d1aa2582ba702de4512f0b0c464557345f59445ca1279a359d392c5091740c,,5111,registro existente em supabase_migrations.schema_migrations,created_by=producoes.emla@gmail.com; statement_count=1
remote_only,,,20260122162056,configurar_views_security_invoker_part1,registro_remoto_sem_par_local_canonico,sem_par_local,,60e36e829ccea8988f566975e11ac66dca8b084f3127a91b6963c4e573283dc6,,1403,registro existente em supabase_migrations.schema_migrations,created_by=producoes.emla@gmail.com; statement_count=1
remote_only,,,20260122162109,configurar_views_security_invoker_part2,registro_remoto_sem_par_local_canonico,sem_par_local,,720173a8f1c203ac3458508f0ab373451f8be5f8e5f50e4c7b74e3750cfa612d,,1417,registro existente em supabase_migrations.schema_migrations,created_by=producoes.emla@gmail.com; statement_count=1
remote_only,,,20260122180619,create_salas_table,registro_remoto_sem_par_local_canonico,sem_par_local,,a022a0ebeae4e386b72b76f22cfbc07b9db507d48b6cec2842f7fd9a9c9d3f30,,964,registro existente em supabase_migrations.schema_migrations,created_by=producoes.emla@gmail.com; statement_count=1
remote_only,,,20260122180631,create_turmas_table,registro_remoto_sem_par_local_canonico,sem_par_local,,b742fb0b63c6950f8136c63426452f18fe4bce9ecd32e5e47034f9b8f3c488d3,,1299,registro existente em supabase_migrations.schema_migrations,created_by=producoes.emla@gmail.com; statement_count=1
remote_only,,,20260122180640,create_alunos_turmas_table,registro_remoto_sem_par_local_canonico,sem_par_local,,4f8694b320d093b290895d7f075562cb571159fed4a21d9020b92442fcc4da4c,,1027,registro existente em supabase_migrations.schema_migrations,created_by=producoes.emla@gmail.com; statement_count=1
remote_only,,,20260122180653,create_view_turmas_completa,registro_remoto_sem_par_local_canonico,sem_par_local,,6967f0a322e4a876a4c1987d943429d611ab4c825cb7edfcd1a07da6200380d2,,1359,registro existente em supabase_migrations.schema_migrations,created_by=producoes.emla@gmail.com; statement_count=1
remote_only,,,20260122180705,create_view_turmas_implicitas,registro_remoto_sem_par_local_canonico,sem_par_local,,a6dbbbcf00d0f3ebad28c5617c253ca7e7f092e24a5fcf2494b2b1e71dfec41c,,1240,registro existente em supabase_migrations.schema_migrations,created_by=producoes.emla@gmail.com; statement_count=1
remote_only,,,20260122180715,insert_salas_iniciais,registro_remoto_sem_par_local_canonico,sem_par_local,,cbe45514b1e6c4e9465a04a91fe55254428e8bc0862b21ca99eda89b9f8479f8,,671,registro existente em supabase_migrations.schema_migrations,created_by=producoes.emla@gmail.com; statement_count=1
remote_only,,,20260122235704,create_turmas_explicitas_and_turmas_alunos,registro_remoto_sem_par_local_canonico,sem_par_local,,400e674bb851d6c48b093eaf755071b624697f5999cd4e1dc4a29faadca9d204,,2059,registro existente em supabase_migrations.schema_migrations,created_by=producoes.emla@gmail.com; statement_count=1
remote_only,,,20260123095753,add_salas_extended_fields,registro_remoto_sem_par_local_canonico,sem_par_local,,23399343ee88a94a02b7e1cd268fb2e60c6b88ca0b6c8c685da2ee825f70075e,,747,registro existente em supabase_migrations.schema_migrations,created_by=producoes.emla@gmail.com; statement_count=1
remote_only,,,20260123101236,add_salas_rls_policies,registro_remoto_sem_par_local_canonico,sem_par_local,,4f76061399cfa74b09da6e4e25fb1d95f20709f36e621a023b09f3f9923fa67c,,1069,registro existente em supabase_migrations.schema_migrations,created_by=producoes.emla@gmail.com; statement_count=1
remote_only,,,20260123105713,create_inventario_tables,registro_remoto_sem_par_local_canonico,sem_par_local,,c985c167415dd6af8a74bf43ee3faa81ecce085292806492a895fb170530f357,,2917,registro existente em supabase_migrations.schema_migrations,created_by=producoes.emla@gmail.com; statement_count=1
remote_only,,,20260123105723,create_inventario_rls_policies,registro_remoto_sem_par_local_canonico,sem_par_local,,4e1dfc23434f50d475ed5659e669f8b0ac5f6e1da5b923c27b98a1caf1202488,,1739,registro existente em supabase_migrations.schema_migrations,created_by=producoes.emla@gmail.com; statement_count=1
remote_only,,,20260123115316,add_horario_funcionamento_unidades,registro_remoto_sem_par_local_canonico,sem_par_local,,941644138d51b73ca4086379924c8ad17bb01caf1b6468bf4e718599703a47f6,,599,registro existente em supabase_migrations.schema_migrations,created_by=producoes.emla@gmail.com; statement_count=1
remote_only,,,20260123141120,add_duracao_minutos_turmas,registro_remoto_sem_par_local_canonico,sem_par_local,,fca5080d24ca353c06637671498feea4ead16e7a265f839634da6dd43bf3a26c,,686,registro existente em supabase_migrations.schema_migrations,created_by=producoes.emla@gmail.com; statement_count=1
remote_only,,,20260123221228,create_turmas_historico_table,registro_remoto_sem_par_local_canonico,sem_par_local,,03e946b439c14137e445721d07d15eeba9a9605898224648018606d22adb6842,,1554,registro existente em supabase_migrations.schema_migrations,created_by=producoes.emla@gmail.com; statement_count=1
remote_only,,,20260123231706,add_professor_fields_and_relations,registro_remoto_sem_par_local_canonico,sem_par_local,,55ebb57caef7dfc2e2a02c92ee8e5743e2fcb1bdfc02838daa26b801d76453ac,,2198,registro existente em supabase_migrations.schema_migrations,created_by=producoes.emla@gmail.com; statement_count=1
remote_only,,,20260123235853,add_rls_professores_tables,registro_remoto_sem_par_local_canonico,sem_par_local,,e33d55f0b4992f79a2e40a1876aae8010c1ba7a33a9a588c03e86073fd1d87a5,,1803,registro existente em supabase_migrations.schema_migrations,created_by=producoes.emla@gmail.com; statement_count=1
remote_only,,,20260124125607,enable_rls_turmas_tables_final,registro_remoto_sem_par_local_canonico,sem_par_local,,6ae1381aacd6dbb80299530d0dd737c0fed0f77bbc12cfefab09f5a129be13f8,,7757,registro existente em supabase_migrations.schema_migrations,created_by=producoes.emla@gmail.com; statement_count=1
remote_only,,,20260124125629,enable_rls_turmas_views,registro_remoto_sem_par_local_canonico,sem_par_local,,324ed6866268df731ab7325b3caec68225e68bb5d178c0fea7691ce38a3b4d46,,545,registro existente em supabase_migrations.schema_migrations,created_by=producoes.emla@gmail.com; statement_count=1
remote_only,,,20260124154645,create_professor_performance_tables,registro_remoto_sem_par_local_canonico,sem_par_local,,b2f8303299b107a13f33ecdc000623eebc916e8747d28d845824299bc351eed5,,9893,registro existente em supabase_migrations.schema_migrations,created_by=producoes.emla@gmail.com; statement_count=1
remote_only,,,20260125000632,retencao_insights,registro_remoto_sem_par_local_canonico,sem_par_local,,5f6e1c6bf0c44c939917b28fabe89cda0d704df8dd8f64ffc3ef1646a9fe044d,,8391,registro existente em supabase_migrations.schema_migrations,created_by=producoes.emla@gmail.com; statement_count=1
remote_only,,,20260125001859,fix_get_dados_retencao_ia,registro_remoto_sem_par_local_canonico,sem_par_local,,df134580e97ae4c608fe31cc5e0f6116c629268316d54dc7d2bc16a2d169701c,,5344,registro existente em supabase_migrations.schema_migrations,created_by=producoes.emla@gmail.com; statement_count=1
remote_only,,,20260125002505,fix_get_dados_retencao_ia_v2,registro_remoto_sem_par_local_canonico,sem_par_local,,f95429f33ae76bfbfbad519905a7ce9fba57e6b655cb5243fb39d9891558b437,,5884,registro existente em supabase_migrations.schema_migrations,created_by=producoes.emla@gmail.com; statement_count=1
remote_only,,,20260125003228,fix_get_dados_retencao_ia_v3_auditado,registro_remoto_sem_par_local_canonico,sem_par_local,,afa909641c03b1f231ba73b7729c3dcff944c0e385b6f0bebe20e7b443f6a335,,9268,registro existente em supabase_migrations.schema_migrations,created_by=producoes.emla@gmail.com; statement_count=1
remote_only,,,20260125004003,fix_get_dados_retencao_ia_v4_group_by,registro_remoto_sem_par_local_canonico,sem_par_local,,a7b081a1b55d8259a24c7d7e8c8a4d3a4cec6df58e35af440ab9ba33dbe75634,,8444,registro existente em supabase_migrations.schema_migrations,created_by=producoes.emla@gmail.com; statement_count=1
remote_only,,,20260125012300,create_get_dados_relatorio_gerencial,registro_remoto_sem_par_local_canonico,sem_par_local,,998d546ce1bbd998ee963b324950a3123ac950a13fe501619c6c2c8d9a93da04,,7790,registro existente em supabase_migrations.schema_migrations,created_by=producoes.emla@gmail.com; statement_count=1
remote_only,,,20260125013100,fix_get_dados_relatorio_gerencial,registro_remoto_sem_par_local_canonico,sem_par_local,,6ea743d02dfcc9061196b5c2d8fdea660d8453f36f80ac333d96f36ec0efaaf8,,8599,registro existente em supabase_migrations.schema_migrations,created_by=producoes.emla@gmail.com; statement_count=1
remote_only,,,20260125013150,fix_get_dados_relatorio_gerencial_v2,registro_remoto_sem_par_local_canonico,sem_par_local,,148b8df06f3afcd778a9ca51099bd756584f738aa30d59af5a7ea32688c7adc3,,7157,registro existente em supabase_migrations.schema_migrations,created_by=producoes.emla@gmail.com; statement_count=1
remote_only,,,20260125013242,fix_get_dados_relatorio_gerencial_v3,registro_remoto_sem_par_local_canonico,sem_par_local,,11c0f7e6b844dfe2116c47f2e0ee3f03c10d41e6b707b78cfa44386e4ad6dbef,,6880,registro existente em supabase_migrations.schema_migrations,created_by=producoes.emla@gmail.com; statement_count=1
remote_only,,,20260125121043,create_get_dados_comercial_ia,registro_remoto_sem_par_local_canonico,sem_par_local,,ad15d81b06f346c28e05aacbde86222ffc97572ce4a1ce4b1cd5b9db77bafc6b,,8721,registro existente em supabase_migrations.schema_migrations,created_by=producoes.emla@gmail.com; statement_count=1
remote_only,,,20260125121135,fix_get_dados_comercial_ia,registro_remoto_sem_par_local_canonico,sem_par_local,,2561815998e3ce7643ae5b578353bf00ca5797852316d004dfb1ae322285b558,,9277,registro existente em supabase_migrations.schema_migrations,created_by=producoes.emla@gmail.com; statement_count=1
remote_only,,,20260125134539,create_get_dados_comercial_ia,registro_remoto_sem_par_local_canonico,sem_par_local,,f68d5e33b4e0e8c5aa95e0d52c5847e3ec3442ca0446bcc48d9cc3eb0e059b1f,,6292,registro existente em supabase_migrations.schema_migrations,created_by=producoes.emla@gmail.com; statement_count=1
remote_only,,,20260125134922,fix_get_dados_comercial_ia,registro_remoto_sem_par_local_canonico,sem_par_local,,e71047ce2a703f01e12f39917cec986ad965653759ad4fc3cca76b7e0f36af60,,5871,registro existente em supabase_migrations.schema_migrations,created_by=producoes.emla@gmail.com; statement_count=1
remote_only,,,20260125135631,fix_get_dados_comercial_ia_v2,registro_remoto_sem_par_local_canonico,sem_par_local,,d802ba20a5f2f3c02e91cebc9ee9c6faaf515f1f12a4ed4a56d7452b8e8f6049,,6055,registro existente em supabase_migrations.schema_migrations,created_by=producoes.emla@gmail.com; statement_count=1
remote_only,,,20260125140016,fix_get_dados_comercial_ia_v3,registro_remoto_sem_par_local_canonico,sem_par_local,,6108a26ac6ff6b3731e4e5855f9442347ef36a5898a459d6f330ffb29ec6498f,,6674,registro existente em supabase_migrations.schema_migrations,created_by=producoes.emla@gmail.com; statement_count=1
remote_only,,,20260125140117,fix_get_dados_comercial_ia_v4,registro_remoto_sem_par_local_canonico,sem_par_local,,ab38d316f5325212ee6b337ca2c57d6ef7da522bd4175c6640bcf3259d88fd59,,6707,registro existente em supabase_migrations.schema_migrations,created_by=producoes.emla@gmail.com; statement_count=1
remote_only,,,20260125140207,fix_get_dados_comercial_ia_v5,registro_remoto_sem_par_local_canonico,sem_par_local,,3286c8aaf3c4b132b4c7a39b2f0647c05328ecd47800f130e2247a5898614e7a,,6556,registro existente em supabase_migrations.schema_migrations,created_by=producoes.emla@gmail.com; statement_count=1
remote_only,,,20260125140245,fix_get_dados_comercial_ia_v6,registro_remoto_sem_par_local_canonico,sem_par_local,,33b7c7ff8caa54c696614639192a3be2f4b52a6aec0b37fadf476cc5da5602d8,,6438,registro existente em supabase_migrations.schema_migrations,created_by=producoes.emla@gmail.com; statement_count=1
remote_only,,,20260125140426,fix_get_dados_comercial_ia_v7,registro_remoto_sem_par_local_canonico,sem_par_local,,ee47ce34aaa6dadd9feef10ef5b7034bbf09d2d22e6169ec5c8ea8d85f6aa474,,6998,registro existente em supabase_migrations.schema_migrations,created_by=producoes.emla@gmail.com; statement_count=1
remote_only,,,20260125140853,create_insights_salvos,registro_remoto_sem_par_local_canonico,sem_par_local,,f537237891faf141f7b36ba854b89f4c2b8429a43bcf7641973d152e7ed81914,,2477,registro existente em supabase_migrations.schema_migrations,created_by=producoes.emla@gmail.com; statement_count=1
remote_only,,,20260125163211,fix_get_dados_retencao_ia_metas_anuais,registro_remoto_sem_par_local_canonico,sem_par_local,,3984e0338d101aa05653a4a1e1e958465ad82ce16e3fa21cd5d143f9d1760c4c,,8245,registro existente em supabase_migrations.schema_migrations,created_by=producoes.emla@gmail.com; statement_count=1
remote_only,,,20260126104659,add_endereco_telefone_to_unidades,registro_remoto_sem_par_local_canonico,sem_par_local,,4ae80f70f48d556cbfb1579d0a97b7514b95d111e878c92852ff0321c285380b,,165,registro existente em supabase_migrations.schema_migrations,created_by=producoes.emla@gmail.com; statement_count=1
remote_only,,,20260126105307,create_unidades_cursos_relation,registro_remoto_sem_par_local_canonico,sem_par_local,,6e8f21f26ca779773a2e35a342a3b13e323df717e597d1e70b018b38b09532a3,,849,registro existente em supabase_migrations.schema_migrations,created_by=producoes.emla@gmail.com; statement_count=1
remote_only,,,20260126111141,add_responsaveis_to_unidades,registro_remoto_sem_par_local_canonico,sem_par_local,,f1a116762dbecc0c034f4062010a29f5339f3b77b0c4d84aacad146c58875f78,,818,registro existente em supabase_migrations.schema_migrations,created_by=producoes.emla@gmail.com; statement_count=1
remote_only,,,20260126133925,add_farmers_e_matriculas_campos,registro_remoto_sem_par_local_canonico,sem_par_local,,fbf0c6001f19cc5ab99dd4078fb9823a7efb968cb02935552534ffb12008b255,,957,registro existente em supabase_migrations.schema_migrations,created_by=producoes.emla@gmail.com; statement_count=1
remote_only,,,20260126142608,update_get_dados_relatorio_gerencial_v2,registro_remoto_sem_par_local_canonico,sem_par_local,,cd0241979cf1a6ad7dd80dfde7a032fc32bd50d2971278b3668dde82beb3fed9,,12468,registro existente em supabase_migrations.schema_migrations,created_by=producoes.emla@gmail.com; statement_count=1
remote_only,,,20260126143513,fix_get_dados_relatorio_gerencial_v3,registro_remoto_sem_par_local_canonico,sem_par_local,,55599bb88dbbd1f5af7ae6147581c66862b9a85225506b1b5b51ed39fb1f8156,,12121,registro existente em supabase_migrations.schema_migrations,created_by=producoes.emla@gmail.com; statement_count=1
remote_only,,,20260126143614,fix_get_dados_relatorio_gerencial_v4,registro_remoto_sem_par_local_canonico,sem_par_local,,cecf7af4677e5971597c40906c09050013d9241c633228030008a0c6f2cf0b08,,12326,registro existente em supabase_migrations.schema_migrations,created_by=producoes.emla@gmail.com; statement_count=1
remote_only,,,20260126143729,fix_get_dados_relatorio_gerencial_v5,registro_remoto_sem_par_local_canonico,sem_par_local,,c7d3d992e4907e34165999c0be76bb52d151c478f904f4a7d966af01e87d525e,,12860,registro existente em supabase_migrations.schema_migrations,created_by=producoes.emla@gmail.com; statement_count=1
remote_only,,,20260126150850,add_top_media_alunos_turma_to_relatorio,registro_remoto_sem_par_local_canonico,sem_par_local,,777b81d6ebd6df070f417ecd5a7e48904424830712da20272a1fb93bed84c720,,14310,registro existente em supabase_migrations.schema_migrations,created_by=producoes.emla@gmail.com; statement_count=1
remote_only,,,20260126152055,fix_metas_relatorio_gerencial,registro_remoto_sem_par_local_canonico,sem_par_local,,6138030cd28ec96378cfaf9f0e6d1e78fdec40970d7746d5921c6a679bf8ea62,,14358,registro existente em supabase_migrations.schema_migrations,created_by=producoes.emla@gmail.com; statement_count=1
remote_only,,,20260126160157,create_get_dados_relatorio_coordenacao,registro_remoto_sem_par_local_canonico,sem_par_local,,58429b610e11dfb8c43259d281b3124aa12a539e8573b41e33a48c76f7f27180,,10062,registro existente em supabase_migrations.schema_migrations,created_by=producoes.emla@gmail.com; statement_count=1
remote_only,,,20260126164231,update_get_dados_relatorio_coordenacao_completo,registro_remoto_sem_par_local_canonico,sem_par_local,,eaa2d76cb4ec3c4fbb89a89f5b5eb5ae5a87be6a4bc5e7028a2bc8ab5bf52ca4,,11732,registro existente em supabase_migrations.schema_migrations,created_by=producoes.emla@gmail.com; statement_count=1
remote_only,,,20260126165033,fix_media_alunos_turma_relatorio_coordenacao,registro_remoto_sem_par_local_canonico,sem_par_local,,2e551698f0c4934f4a03971ac584e401e189d8cb2ea8ddecebebf1904e382062,,11243,registro existente em supabase_migrations.schema_migrations,created_by=producoes.emla@gmail.com; statement_count=1
remote_only,,,20260126165141,fix_top_media_turma_query,registro_remoto_sem_par_local_canonico,sem_par_local,,bc7454d9d3c1f81a7b2a3e4402ec889cc2c5286b741f314d48447efc6d493880,,10862,registro existente em supabase_migrations.schema_migrations,created_by=producoes.emla@gmail.com; statement_count=1
remote_only,,,20260126170837,fix_health_score_usar_taxa_cancelamento,registro_remoto_sem_par_local_canonico,sem_par_local,,e0089be31ccc2de58c9c9cb499538a782d164dd903ad60b8b999b099f2eb3b82,,10587,registro existente em supabase_migrations.schema_migrations,created_by=producoes.emla@gmail.com; statement_count=1
remote_only,,,20260126211658,allow_null_professor_id_in_acoes,registro_remoto_sem_par_local_canonico,sem_par_local,,9cc082312f71a42fbe1d72a03570100d6057bcc3ae29dce1946b4b1eff5a8ea0,,229,registro existente em supabase_migrations.schema_migrations,created_by=producoes.emla@gmail.com; statement_count=1
remote_only,,,20260126220620,add_responsavel_to_professor_acoes,registro_remoto_sem_par_local_canonico,sem_par_local,,631794ad8be035873d910f344f11fd5aaa3a27cd2f55b5f3cac37ccb042634a5,,383,registro existente em supabase_migrations.schema_migrations,created_by=producoes.emla@gmail.com; statement_count=1
remote_only,,,20260126230924,add_fator_demanda_to_cursos,registro_remoto_sem_par_local_canonico,sem_par_local,,7e72878a942cdadf8e3a819959ca3ac2b21c681b05418522e12c21fa386b6b4c,,478,registro existente em supabase_migrations.schema_migrations,created_by=producoes.emla@gmail.com; statement_count=1
remote_only,,,20260126231011,create_config_health_score,registro_remoto_sem_par_local_canonico,sem_par_local,,53aa54ba390781ae3f94caffa6cd19250c13ae602b8d94b58e6d3843562d2730,,2012,registro existente em supabase_migrations.schema_migrations,created_by=producoes.emla@gmail.com; statement_count=1
remote_only,,,20260126231038,populate_fator_demanda_cursos,registro_remoto_sem_par_local_canonico,sem_par_local,,57fc362847b4c8601e9c0b970af007c57d5b647581a015df5a1688b1643e9100,,1537,registro existente em supabase_migrations.schema_migrations,created_by=producoes.emla@gmail.com; statement_count=1
remote_only,,,20260126231117,create_vw_fator_demanda_professor,registro_remoto_sem_par_local_canonico,sem_par_local,,ae757faf34acb9197381579ea0f94a4c4132f756fa9be311200b71e9a4b1db65,,2513,registro existente em supabase_migrations.schema_migrations,created_by=producoes.emla@gmail.com; statement_count=1
remote_only,,,20260126231159,fix_vw_fator_demanda_professor_v2,registro_remoto_sem_par_local_canonico,sem_par_local,,7e9e21ee60cab7827445e049f256dff9690f96d7c693be3a20a9f2700277a545,,2357,registro existente em supabase_migrations.schema_migrations,created_by=producoes.emla@gmail.com; statement_count=1
remote_only,,,20260126231235,fix_vw_fator_demanda_professor_v3,registro_remoto_sem_par_local_canonico,sem_par_local,,331f5184c9fbda0465e8445c843419cd2d0587bb40e790bff33555699e3f9553,,2364,registro existente em supabase_migrations.schema_migrations,created_by=producoes.emla@gmail.com; statement_count=1
remote_only,,,20260126231331,create_vw_taxa_crescimento_professor,registro_remoto_sem_par_local_canonico,sem_par_local,,021c297bec118f73876cb1f7d8b39bfbeaa36251e4a0e34692c27ad5d0511b61,,4706,registro existente em supabase_migrations.schema_migrations,created_by=producoes.emla@gmail.com; statement_count=1
remote_only,,,20260127211958,sync_movimentacoes_admin_v2,registro_remoto_sem_par_local_canonico,sem_par_local,,8da98d16dc847e44f759a7a0202c890d92bacb2995ce48147ccad1585ef80bfc,,5884,registro existente em supabase_migrations.schema_migrations,created_by=producoes.emla@gmail.com; statement_count=1
remote_only,,,20260127212036,fix_sync_renovacao_status,registro_remoto_sem_par_local_canonico,sem_par_local,,0136840ac9fe032118a771a3abc0171f4a32d1a212f8a67ed1852345511bdcb0,,1333,registro existente em supabase_migrations.schema_migrations,created_by=producoes.emla@gmail.com; statement_count=1
remote_only,,,20260127232040,sync_comercial_triggers_v1,registro_remoto_sem_par_local_canonico,sem_par_local,,39943469f3908e738c3d825f14999fce543043c2012619c7c03d02693353a910,,11480,registro existente em supabase_migrations.schema_migrations,created_by=producoes.emla@gmail.com; statement_count=1
remote_only,,,20260127232253,validacao_diaria_comercial,registro_remoto_sem_par_local_canonico,sem_par_local,,6801ccfa2cd0613683c35d1c72053cb88e09c39f4b4dd9b00a323f6aefed5630,,5040,registro existente em supabase_migrations.schema_migrations,created_by=producoes.emla@gmail.com; statement_count=1
remote_only,,,20260128120229,fix_professor_acoes_delete_policy,registro_remoto_sem_par_local_canonico,sem_par_local,,ce4a16793481944e90c295a6a2efc925b5927d0af2c309a515a8c31f7c3e743f,,621,registro existente em supabase_migrations.schema_migrations,created_by=producoes.emla@gmail.com; statement_count=1
remote_only,,,20260128124346,add_unidade_acao_to_professor_acoes,registro_remoto_sem_par_local_canonico,sem_par_local,,e100c1d368f575f2e8ee45fbc9904303b7fd43580f7f54da2a1ce36fff6b221c,,310,registro existente em supabase_migrations.schema_migrations,created_by=producoes.emla@gmail.com; statement_count=1
remote_only,,,20260128144742,add_ordem_kanban_to_professor_acoes,registro_remoto_sem_par_local_canonico,sem_par_local,,805464a21706d52476051041dd7a03261b05bedd6876ed5389d9950c53b5e6ef,,601,registro existente em supabase_migrations.schema_migrations,created_by=producoes.emla@gmail.com; statement_count=1
remote_only,,,20260128151602,add_telefone_whatsapp_to_professores,registro_remoto_sem_par_local_canonico,sem_par_local,,b02f13e8ca1c4d94c617ea1d7efe5f9adaa5266ea4b5d670749eae6fe3ddff05,,297,registro existente em supabase_migrations.schema_migrations,created_by=producoes.emla@gmail.com; statement_count=1
remote_only,,,20260128151628,create_projeto_tipos,registro_remoto_sem_par_local_canonico,sem_par_local,,bcb21754e7b9203d93f367c0a4888ec4a7fce97283bc695bfbe9b104cbe2b1cf,,2192,registro existente em supabase_migrations.schema_migrations,created_by=producoes.emla@gmail.com; statement_count=1
remote_only,,,20260128151657,create_projetos,registro_remoto_sem_par_local_canonico,sem_par_local,,790d6fea8da6cba4b3e66a2bd02fae17ef9445d045684ec9b25b9f28cec7e157,,2653,registro existente em supabase_migrations.schema_migrations,created_by=producoes.emla@gmail.com; statement_count=1
remote_only,,,20260128151723,create_projeto_fases,registro_remoto_sem_par_local_canonico,sem_par_local,,e470c40a840133e6cff9e8a33e5142fc8ccd489accbc416f518a21e25b5bf79c,,2014,registro existente em supabase_migrations.schema_migrations,created_by=producoes.emla@gmail.com; statement_count=1
remote_only,,,20260128151752,create_projeto_tarefas,registro_remoto_sem_par_local_canonico,sem_par_local,,b7e974bfcf5add34a97cca4d957a09752868b7a83e4ed0976ffcd33e359a9057,,3223,registro existente em supabase_migrations.schema_migrations,created_by=producoes.emla@gmail.com; statement_count=1
remote_only,,,20260128152320,create_projeto_tipo_fases_template,registro_remoto_sem_par_local_canonico,sem_par_local,,841fbe383ec3b9c73c0a252ab035be8b6c8499d3b531fb99055fc39d3b3500f0,,4690,registro existente em supabase_migrations.schema_migrations,created_by=producoes.emla@gmail.com; statement_count=1
remote_only,,,20260128152342,create_projeto_tipo_tarefas_template,registro_remoto_sem_par_local_canonico,sem_par_local,,e8780b60023a2453610c40fea67959d700a4d47bf20cf2dc1c176fd2477a1abe,,1327,registro existente em supabase_migrations.schema_migrations,created_by=producoes.emla@gmail.com; statement_count=1
remote_only,,,20260128152425,insert_projeto_tipo_tarefas_template,registro_remoto_sem_par_local_canonico,sem_par_local,,31cefacba0d01c5cd51d348f0e8dd4080929c2a7e4c984beebc3cb28391eae8c,,5563,registro existente em supabase_migrations.schema_migrations,created_by=producoes.emla@gmail.com; statement_count=1
remote_only,,,20260128152448,create_projeto_equipe,registro_remoto_sem_par_local_canonico,sem_par_local,,27b6eb35a0868beb95e33f11ab16837f4b1cfd4c87b147aa042467d6dd5e04e1,,1385,registro existente em supabase_migrations.schema_migrations,created_by=producoes.emla@gmail.com; statement_count=1
remote_only,,,20260128165936,create_projeto_tipos,registro_remoto_sem_par_local_canonico,sem_par_local,,db2c7ea0ea3c184510837a25ca6be58774c30a5eea7a254635dcd336cf1aa328,,359,registro existente em supabase_migrations.schema_migrations,created_by=producoes.emla@gmail.com; statement_count=1
remote_only,,,20260128165947,create_projeto_tipo_fases_template,registro_remoto_sem_par_local_canonico,sem_par_local,,0922363eed2a21a5bcf0db90761bb8bd9e7a51ddf47e2523ac646de7b8fbf29b,,366,registro existente em supabase_migrations.schema_migrations,created_by=producoes.emla@gmail.com; statement_count=1
remote_only,,,20260128165958,create_projeto_tipo_tarefas_template,registro_remoto_sem_par_local_canonico,sem_par_local,,8a61fbcc3571da02ff893bbb5a6dc6293ff5c79f4f78afd458410510d872271b,,350,registro existente em supabase_migrations.schema_migrations,created_by=producoes.emla@gmail.com; statement_count=1
remote_only,,,20260128170018,create_projetos,registro_remoto_sem_par_local_canonico,sem_par_local,,08b6b2077180d2caaf79b9d84533d091a9559a4687508d60b2aa9751ca8d8090,,799,registro existente em supabase_migrations.schema_migrations,created_by=producoes.emla@gmail.com; statement_count=1
remote_only,,,20260128170027,create_projeto_fases,registro_remoto_sem_par_local_canonico,sem_par_local,,398ae77d207ea85fd51e65ddd12882221f58ba21bc01348bee30c9a33eb8d88b,,504,registro existente em supabase_migrations.schema_migrations,created_by=producoes.emla@gmail.com; statement_count=1
remote_only,,,20260128170038,create_projeto_tarefas,registro_remoto_sem_par_local_canonico,sem_par_local,,09f518d923dba84c8a6906892a431bf672a95ca1081bb4833291cb3ae4d9d363,,934,registro existente em supabase_migrations.schema_migrations,created_by=producoes.emla@gmail.com; statement_count=1
remote_only,,,20260128170049,create_projeto_equipe,registro_remoto_sem_par_local_canonico,sem_par_local,,28d34df92da52434975761a10dc190d2a0e1753b75dadc54e1a7c68653db18f9,,387,registro existente em supabase_migrations.schema_migrations,created_by=producoes.emla@gmail.com; statement_count=1
remote_only,,,20260128170110,create_projeto_indexes,registro_remoto_sem_par_local_canonico,sem_par_local,,c64c583297fd6e32758d287c2fe69b2fb1b6d41455a64f03606a83da2e7023c9,,482,registro existente em supabase_migrations.schema_migrations,created_by=producoes.emla@gmail.com; statement_count=1
remote_only,,,20260128170120,create_projeto_triggers,registro_remoto_sem_par_local_canonico,sem_par_local,,96f6ee0e54339ec142de8d9939a2510873e15db2ee67de0cb1637e81013ef014,,1030,registro existente em supabase_migrations.schema_migrations,created_by=producoes.emla@gmail.com; statement_count=1
remote_only,,,20260128170131,insert_projeto_tipos,registro_remoto_sem_par_local_canonico,sem_par_local,,37444457c0bd3518e6fc310fef3089c250f46a7470c7d5dc5763aa26953099a4,,718,registro existente em supabase_migrations.schema_migrations,created_by=producoes.emla@gmail.com; statement_count=1
remote_only,,,20260128170204,insert_fases_semana_tematica,registro_remoto_sem_par_local_canonico,sem_par_local,,4b3da3e2be516246bd5333864f95f9c7f964a1894e18314982587b603753324d,,1202,registro existente em supabase_migrations.schema_migrations,created_by=producoes.emla@gmail.com; statement_count=1
remote_only,,,20260128170216,insert_fases_recital,registro_remoto_sem_par_local_canonico,sem_par_local,,ebe1a825b82ff6a3c4eee713215746575a85c928b92ee56377b33ebf705b05ad,,1306,registro existente em supabase_migrations.schema_migrations,created_by=producoes.emla@gmail.com; statement_count=1
remote_only,,,20260128171308,enable_rls_projetos,registro_remoto_sem_par_local_canonico,sem_par_local,,d3581e6fe1f456fa83c1ee51a3e3ec11dc6bb1cd4d6dfcb76576ae8d1293dcfe,,414,registro existente em supabase_migrations.schema_migrations,created_by=producoes.emla@gmail.com; statement_count=1
remote_only,,,20260128173720,allow_null_responsavel_projetos,registro_remoto_sem_par_local_canonico,sem_par_local,,226e6e3cf89f4d37a8f07d02db492fb08d78be627f40aea97c3ee1cdc0f8caf4,,129,registro existente em supabase_migrations.schema_migrations,created_by=producoes.emla@gmail.com; statement_count=1
remote_only,,,20260129130527,add_telefone_usuarios,registro_remoto_sem_par_local_canonico,sem_par_local,,81a1d6ea57a59f73a25a58fb9c6d4040f7f4fcbf4a86963e2d001bc219017786,,259,registro existente em supabase_migrations.schema_migrations,created_by=producoes.emla@gmail.com; statement_count=1
remote_only,,,20260129131550,create_alertas_cron_jobs,registro_remoto_sem_par_local_canonico,sem_par_local,,bb74a00ab69e35e2a0b3a3ca166afe47b24e756d504b53616650808cbbaccc15,,2270,registro existente em supabase_migrations.schema_migrations,created_by=producoes.emla@gmail.com; statement_count=1
remote_only,,,20260129134157,fix_notificacao_rls_service_role,registro_remoto_sem_par_local_canonico,sem_par_local,,36e0be5dfce9d1c738baf1be2c0c57c011ef9b306d87fd3ccd231fe8f1731b14,,883,registro existente em supabase_migrations.schema_migrations,created_by=producoes.emla@gmail.com; statement_count=1
remote_only,,,20260129134235,disable_rls_notificacao_tables,registro_remoto_sem_par_local_canonico,sem_par_local,,4eb643576e01fbdfb50fef179e3512420aba57f4a32820585e60c2cf578cbe13,,405,registro existente em supabase_migrations.schema_migrations,created_by=producoes.emla@gmail.com; statement_count=1
remote_only,,,20260129141345,create_anexos_comentarios_log_tables,registro_remoto_sem_par_local_canonico,sem_par_local,,ba6e6cc4a4792ce50ecd17e3435199ef7fde0bd8c3c9c0e64d695f4bd85f70db,,10290,registro existente em supabase_migrations.schema_migrations,created_by=producoes.emla@gmail.com; statement_count=1
remote_only,,,20260130110742,add_unidade_to_vw_kpis_professor,registro_remoto_sem_par_local_canonico,sem_par_local,,91d4e838543f476ea83e4e491aae1f11fc7e8840e07f66e62b6dcf2fc2d01705,,1235,registro existente em supabase_migrations.schema_migrations,created_by=producoes.emla@gmail.com; statement_count=1
remote_only,,,20260130112730,create_vw_alertas_inteligentes,registro_remoto_sem_par_local_canonico,sem_par_local,,3bd7475f0c5b199353837f03a2da885c04d932e0881a1d1da6aac61341cb5b85,,6566,registro existente em supabase_migrations.schema_migrations,created_by=producoes.emla@gmail.com; statement_count=1
remote_only,,,20260130211535,create_professor_360_criterios,registro_remoto_sem_par_local_canonico,sem_par_local,,baa13d58ed6733aba747f06583835dd0dab173ffc976dc67fb7745e2323ffe6c,,2298,registro existente em supabase_migrations.schema_migrations,created_by=producoes.emla@gmail.com; statement_count=1
remote_only,,,20260130211559,create_professor_360_ocorrencias_v2,registro_remoto_sem_par_local_canonico,sem_par_local,,281075c8e00227164c0ecb0ec8a4ef06aeb25cb85afb921943eaacb38f4b6028,,1022,registro existente em supabase_migrations.schema_migrations,created_by=producoes.emla@gmail.com; statement_count=1
remote_only,,,20260130211612,create_professor_360_ocorrencias_log,registro_remoto_sem_par_local_canonico,sem_par_local,,168392b6517de1546b31cdb5c0b78eacbe1a0913c5a0da168edb9213ee6f9002,,375,registro existente em supabase_migrations.schema_migrations,created_by=producoes.emla@gmail.com; statement_count=1
remote_only,,,20260130211625,create_professor_360_avaliacoes,registro_remoto_sem_par_local_canonico,sem_par_local,,458642507f0fc37a331f11d2dcbd0d317e6b12b80feef0db8cc445b27d657800,,1524,registro existente em supabase_migrations.schema_migrations,created_by=producoes.emla@gmail.com; statement_count=1
remote_only,,,20260130211634,create_professor_360_config,registro_remoto_sem_par_local_canonico,sem_par_local,,b42ca31b734822ce8b5f09c26399cded6c6c7f19d309b73bad1ee3104697ba5b,,521,registro existente em supabase_migrations.schema_migrations,created_by=producoes.emla@gmail.com; statement_count=1
remote_only,,,20260130211646,professor_360_rls_policies,registro_remoto_sem_par_local_canonico,sem_par_local,,d69d24665dc786dd7a1573bacdf50625b7d893dc949ff5b393b35e1338ae8d6e,,1321,registro existente em supabase_migrations.schema_migrations,created_by=producoes.emla@gmail.com; statement_count=1
remote_only,,,20260201150757,sync_evasao_to_evasoes_v2,registro_remoto_sem_par_local_canonico,sem_par_local,,7c20e361c0429bda35d17c1dacfb0a7cb27ba5161cca87663ec1071b160c94c4,,1300,registro existente em supabase_migrations.schema_migrations,created_by=producoes.emla@gmail.com; statement_count=1
remote_only,,,20260201150839,sync_experimentais_triggers,registro_remoto_sem_par_local_canonico,sem_par_local,,7e4203988ffc734bf634ee73ca2ac07d648b8c172a07f33bc5feadaa3136c4ba,,3843,registro existente em supabase_migrations.schema_migrations,created_by=producoes.emla@gmail.com; statement_count=1
remote_only,,,20260201150906,snapshot_dados_mensais_function,registro_remoto_sem_par_local_canonico,sem_par_local,,079be9b40e68f931680c39a6cb2ce181f203f9a655aa9b8246b23549948890cd,,4260,registro existente em supabase_migrations.schema_migrations,created_by=producoes.emla@gmail.com; statement_count=1
remote_only,,,20260201150956,vw_professores_performance_atual,registro_remoto_sem_par_local_canonico,sem_par_local,,49450c2481619644da86c5682d0d7596814fa2737ba4804ae845c3c2095ca22d,,2849,registro existente em supabase_migrations.schema_migrations,created_by=producoes.emla@gmail.com; statement_count=1
remote_only,,,20260201151036,fix_snapshot_dados_mensais,registro_remoto_sem_par_local_canonico,sem_par_local,,cb2302c33ecd9b6025c8bfadcf9b1c38058269d5cedc8e2494c57073f8922e8b,,3087,registro existente em supabase_migrations.schema_migrations,created_by=producoes.emla@gmail.com; statement_count=1
remote_only,,,20260201151515,cron_snapshot_dados_mensais,registro_remoto_sem_par_local_canonico,sem_par_local,,8ca64c07005e4c948268df2ff6a073a6f9f59132306772326fab1ad394790b11,,433,registro existente em supabase_migrations.schema_migrations,created_by=producoes.emla@gmail.com; statement_count=1
remote_only,,,20260201151703,vw_kpis_gestao_mensal_realtime_churn,registro_remoto_sem_par_local_canonico,sem_par_local,,2e6865b3cf2ebcfcd6584f57f197e496032344c9dceace8954eef8b21ebf1b27,,4647,registro existente em supabase_migrations.schema_migrations,created_by=producoes.emla@gmail.com; statement_count=1
remote_only,,,20260201151918,vw_dashboard_unidade_realtime,registro_remoto_sem_par_local_canonico,sem_par_local,,a82c3b0383d8e21953e204b02a0da459ce76c0b5f42b8375982ff0aace14b02c,,3777,registro existente em supabase_migrations.schema_migrations,created_by=producoes.emla@gmail.com; statement_count=1
remote_only,,,20260201151953,vw_kpis_gestao_mensal_full_realtime,registro_remoto_sem_par_local_canonico,sem_par_local,,6beb2f709d7bde43378614dd65a2f8bd646da08fa845c8b63c263929d5854c5e,,5518,registro existente em supabase_migrations.schema_migrations,created_by=producoes.emla@gmail.com; statement_count=1
remote_only,,,20260201152037,vw_alertas_inteligentes_realtime,registro_remoto_sem_par_local_canonico,sem_par_local,,29b19e6ebcadfefadc368e330b0ff8191f41d303e9275947c85fdd64c6f9b02e,,6670,registro existente em supabase_migrations.schema_migrations,created_by=producoes.emla@gmail.com; statement_count=1
remote_only,,,20260201152804,add_status_pagamento_alunos,registro_remoto_sem_par_local_canonico,sem_par_local,,cf04e3513cd216ce3d4a4c57be8dc8669b9693f4cf36eab469f0ef7ee911d7e3,,281,registro existente em supabase_migrations.schema_migrations,created_by=producoes.emla@gmail.com; statement_count=1
remote_only,,,20260201152929,recreate_vw_kpis_gestao_mensal_complete,registro_remoto_sem_par_local_canonico,sem_par_local,,cbf76275bed6f8742c5fadfb33f5bb1ae6719dbf84412c9484cb179c5f2751c2,,6110,registro existente em supabase_migrations.schema_migrations,created_by=producoes.emla@gmail.com; statement_count=1
remote_only,,,20260201153004,recreate_vw_dashboard_unidade_complete,registro_remoto_sem_par_local_canonico,sem_par_local,,bec91e06ac02e7bd965e9ab6ec61fd1e764a79e9ae9fc1a7ab12c91252a0f310,,4189,registro existente em supabase_migrations.schema_migrations,created_by=producoes.emla@gmail.com; statement_count=1
remote_only,,,20260201160225,create_anotacoes_alunos,registro_remoto_sem_par_local_canonico,sem_par_local,,ca62436b57b1ac070f5ee23dce4a31b9857a456c3c2dad8383f6c4af611a6775,,695,registro existente em supabase_migrations.schema_migrations,created_by=producoes.emla@gmail.com; statement_count=1
remote_only,,,20260201161804,add_resolvido_to_anotacoes_alunos,registro_remoto_sem_par_local_canonico,sem_par_local,,99b38a01a06171a0c266cdc120e2402db92ce29b982a45e6a3596767bc127a2e,,297,registro existente em supabase_migrations.schema_migrations,created_by=producoes.emla@gmail.com; statement_count=1
remote_only,,,20260201161814,add_rls_policies_anotacoes_alunos,registro_remoto_sem_par_local_canonico,sem_par_local,,a88cb7abc1e4d855da897dd6f50bdeebd70c08ce09a61477e597bea4238c2dc9,,917,registro existente em supabase_migrations.schema_migrations,created_by=producoes.emla@gmail.com; statement_count=1
remote_only,,,20260201163556,add_historico_pagamentos_and_dia_vencimento,registro_remoto_sem_par_local_canonico,sem_par_local,,af0a1a7eae1771c94e0efac342974f850b41a7bec5ff51539a1da148c95df980,,1441,registro existente em supabase_migrations.schema_migrations,created_by=producoes.emla@gmail.com; statement_count=1
remote_only,,,20260201163607,add_rls_historico_pagamentos,registro_remoto_sem_par_local_canonico,sem_par_local,,a17d7b718e9fc646093163f4eca190ef8ef93bb17ca87e4ab98d2899d343d61d,,900,registro existente em supabase_migrations.schema_migrations,created_by=producoes.emla@gmail.com; statement_count=1
remote_only,,,20260201195815,fix_sync_experimentais_professor_trigger,registro_remoto_sem_par_local_canonico,sem_par_local,,7bd0913380bdfd813af829aa9f9c2fa0652132ea0b5c1c2372510362ecb92462,,1604,registro existente em supabase_migrations.schema_migrations,created_by=producoes.emla@gmail.com; statement_count=1
remote_only,,,20260201201342,add_sabia_preco_to_leads_diarios,registro_remoto_sem_par_local_canonico,sem_par_local,,3b1936b7a3267a3121118bef7d6905270e2caef4e758284313e8a750968e7158,,371,registro existente em supabase_migrations.schema_migrations,created_by=producoes.emla@gmail.com; statement_count=1
remote_only,,,20260201203852,create_function_contar_ocorrencias_tolerancia,registro_remoto_sem_par_local_canonico,sem_par_local,,d3c4f5c6f82bcfc3f3c78f2c596f01cffed0f9270afa8c7890e13ff3bed1c710,,2641,registro existente em supabase_migrations.schema_migrations,created_by=producoes.emla@gmail.com; statement_count=1
remote_only,,,20260201204426,add_minutos_atraso_ocorrencias,registro_remoto_sem_par_local_canonico,sem_par_local,,7f643c3ab974a5296e1bcc9a2f792dd1e8433a30aac51de32754ed2a0b13bb81,,535,registro existente em supabase_migrations.schema_migrations,created_by=producoes.emla@gmail.com; statement_count=1
remote_only,,,20260201221642,programa_matriculador_la_tabelas,registro_remoto_sem_par_local_canonico,sem_par_local,,46ffae340a5bfb1896f85c7cc9777f6a2b0b4902939217f112986b4a5ca5769c,,5762,registro existente em supabase_migrations.schema_migrations,created_by=producoes.emla@gmail.com; statement_count=1
remote_only,,,20260201221730,programa_matriculador_funcoes,registro_remoto_sem_par_local_canonico,sem_par_local,,b379897be694537d51b3b60eba51f72b15036aec23f293a0254629b6c0393e0c,,10523,registro existente em supabase_migrations.schema_migrations,created_by=producoes.emla@gmail.com; statement_count=1
remote_only,,,20260201225318,programa_matriculador_funcoes_v3,registro_remoto_sem_par_local_canonico,sem_par_local,,64d9dd0224867bdac24035060bc4c984150005b560c0c735a80b8769e91520d4,,1872,registro existente em supabase_migrations.schema_migrations,created_by=producoes.emla@gmail.com; statement_count=1
remote_only,,,20260201225633,get_programa_matriculador_dados_v4,registro_remoto_sem_par_local_canonico,sem_par_local,,ec035372f628abccc3b092385d57d9d0b52d8d9af4fcbdc958907c8c1702240c,,6198,registro existente em supabase_migrations.schema_migrations,created_by=producoes.emla@gmail.com; statement_count=1
remote_only,,,20260201225734,get_programa_matriculador_dados_v5,registro_remoto_sem_par_local_canonico,sem_par_local,,24b53fa3bcfa11dafb93d9ac4ddade805465aac18c1b406910b4eb0f73e0e460,,6800,registro existente em supabase_migrations.schema_migrations,created_by=producoes.emla@gmail.com; statement_count=1
remote_only,,,20260201225843,get_programa_matriculador_dados_v6,registro_remoto_sem_par_local_canonico,sem_par_local,,f18d79d30389a31302e8dcef5eb90f813a0d01c039a898b2967fe64abeadbb50,,6600,registro existente em supabase_migrations.schema_migrations,created_by=producoes.emla@gmail.com; statement_count=1
remote_only,,,20260201225947,get_programa_matriculador_dados_v7,registro_remoto_sem_par_local_canonico,sem_par_local,,82a567c6e1a5f58667a775d56f1c1823b29bf457c8f6e42dbd0bb9a746dd7fca,,6846,registro existente em supabase_migrations.schema_migrations,created_by=producoes.emla@gmail.com; statement_count=1
remote_only,,,20260201230051,get_programa_matriculador_dados_v8,registro_remoto_sem_par_local_canonico,sem_par_local,,d9f4cd9c7c934de8bc7707e33e158a01983fb5aa683cd46033651cf19fc424be,,6750,registro existente em supabase_migrations.schema_migrations,created_by=producoes.emla@gmail.com; statement_count=1
remote_only,,,20260201232107,get_historico_mensal_matriculador,registro_remoto_sem_par_local_canonico,sem_par_local,,e9a884302342b1c21220b369c35b7d8958acf727bf9cc5983541d1d4b1e4f47f,,3683,registro existente em supabase_migrations.schema_migrations,created_by=producoes.emla@gmail.com; statement_count=1
remote_only,,,20260201233222,aumentar_limite_tipo_matricula,registro_remoto_sem_par_local_canonico,sem_par_local,,f0fa3fc0333b865800975e753ed538d1ab7021302b1b3c54bffed9b4c8d62e0e,,136,registro existente em supabase_migrations.schema_migrations,created_by=producoes.emla@gmail.com; statement_count=1
remote_only,,,20260201233407,aumentar_limite_aluno_novo_retorno,registro_remoto_sem_par_local_canonico,sem_par_local,,256120a306d0ded642d8c90ce9450780740b958623bda538c9b92a8d3e5ffcbb,,144,registro existente em supabase_migrations.schema_migrations,created_by=producoes.emla@gmail.com; statement_count=1
remote_only,,,20260201234834,fix_historico_mensal_experimental,registro_remoto_sem_par_local_canonico,sem_par_local,,444f6145ff93cda5f57d8363cb3df31d8162a90f203427c41bcdffe2af966a87,,3618,registro existente em supabase_migrations.schema_migrations,created_by=producoes.emla@gmail.com; statement_count=1
remote_only,,,20260202102851,programa_fideliza_config_table,registro_remoto_sem_par_local_canonico,sem_par_local,,32764602f392a52522d3d8cd151818eb1312235e38d77728db636203cb14ead4,,1418,registro existente em supabase_migrations.schema_migrations,created_by=producoes.emla@gmail.com; statement_count=1
remote_only,,,20260202102901,programa_fideliza_penalidades_table,registro_remoto_sem_par_local_canonico,sem_par_local,,9f40a1b73fcddb18d489d02f523291844fa95d84f8d848f8741505e1120c7976,,675,registro existente em supabase_migrations.schema_migrations,created_by=producoes.emla@gmail.com; statement_count=1
remote_only,,,20260202102910,programa_fideliza_historico_table,registro_remoto_sem_par_local_canonico,sem_par_local,,dbd6792faba7e3ea21271c3154cb6dc847392f2cac1a8242b0e911bea700d18b,,1249,registro existente em supabase_migrations.schema_migrations,created_by=producoes.emla@gmail.com; statement_count=1
remote_only,,,20260202102917,programa_fideliza_experiencias_table,registro_remoto_sem_par_local_canonico,sem_par_local,,c43c2c016d9cd403fdc84eb41ec5671fda311120e49f68272b88a64af326dd16,,400,registro existente em supabase_migrations.schema_migrations,created_by=producoes.emla@gmail.com; statement_count=1
remote_only,,,20260202102928,programa_fideliza_seed_data,registro_remoto_sem_par_local_canonico,sem_par_local,,c9cc4b0e48dd89365bcdb528b1a5d217689b89a72157a09cb349f91c2fcfc241,,786,registro existente em supabase_migrations.schema_migrations,created_by=producoes.emla@gmail.com; statement_count=1
remote_only,,,20260202103005,programa_fideliza_function_get_dados,registro_remoto_sem_par_local_canonico,sem_par_local,,79f09c3d3c616fe33fccfa933a27330e9ed36c516a0b593a352b10404a0c665f,,6893,registro existente em supabase_migrations.schema_migrations,created_by=producoes.emla@gmail.com; statement_count=1
remote_only,,,20260202103016,programa_fideliza_function_registrar_penalidade,registro_remoto_sem_par_local_canonico,sem_par_local,,899b10019258685fbff71ceebd44b6eb6239f8cc381f0fda8d02db2f61dc1a8d,,737,registro existente em supabase_migrations.schema_migrations,created_by=producoes.emla@gmail.com; statement_count=1
remote_only,,,20260202103022,programa_fideliza_function_deletar_penalidade,registro_remoto_sem_par_local_canonico,sem_par_local,,893dbb126c384c839dc9a917febf7859aafd3047a541e0f6a4bfda1dfec54920,,290,registro existente em supabase_migrations.schema_migrations,created_by=producoes.emla@gmail.com; statement_count=1
remote_only,,,20260202103030,programa_fideliza_function_atualizar_config,registro_remoto_sem_par_local_canonico,sem_par_local,,d569e200f68e3987669cadc8f5813638c6835c0854156820c429dbd9fee2395a,,424,registro existente em supabase_migrations.schema_migrations,created_by=producoes.emla@gmail.com; statement_count=1
remote_only,,,20260202103053,programa_fideliza_function_salvar_historico,registro_remoto_sem_par_local_canonico,sem_par_local,,474db97a345813f75ba9c1207130779314d33858a485977accbb58df98ad5787,,4182,registro existente em supabase_migrations.schema_migrations,created_by=producoes.emla@gmail.com; statement_count=1
remote_only,,,20260202103104,programa_fideliza_permissions,registro_remoto_sem_par_local_canonico,sem_par_local,,b0b9e277558c5c561fe5d04aa1c77ee59619e591df03a877506caaa81bae327e,,998,registro existente em supabase_migrations.schema_migrations,created_by=producoes.emla@gmail.com; statement_count=1
remote_only,,,20260202232859,lojinha_tabelas,registro_remoto_sem_par_local_canonico,sem_par_local,,8c1868a0d321c1a02c6d38d4f860d263c8afb1092f46a1d15f8f16313f37d962,,12138,registro existente em supabase_migrations.schema_migrations,created_by=producoes.emla@gmail.com; statement_count=1
remote_only,,,20260202232919,lojinha_rls_triggers,registro_remoto_sem_par_local_canonico,sem_par_local,,cf71d607046ea340a737fef1ac1c68fe9106dc7cc8e48297b1b97bc83f9d5b87,,4677,registro existente em supabase_migrations.schema_migrations,created_by=producoes.emla@gmail.com; statement_count=1
remote_only,,,20260203005612,create_trigger_calcular_comissao_venda,registro_remoto_sem_par_local_canonico,sem_par_local,,a6f1a98386ee7f064e22012b5acbf53937fd8e0c58f3c7c44a6934215c5f69d3,,1853,registro existente em supabase_migrations.schema_migrations,created_by=producoes.emla@gmail.com; statement_count=1
remote_only,,,20260203005629,create_trigger_creditar_lalita_matricula,registro_remoto_sem_par_local_canonico,sem_par_local,,64d92518c9ecb7d2a55e6fefafcf99354378e5dae0f476db99830b3a1e68ac5f,,2060,registro existente em supabase_migrations.schema_migrations,created_by=producoes.emla@gmail.com; statement_count=1
remote_only,,,20260203012451,fix_calcular_comissao_venda_trigger,registro_remoto_sem_par_local_canonico,sem_par_local,,b19eccbcdd485ea27078cf48f181145948333b30f762c3e72a24879cef36799a,,1498,registro existente em supabase_migrations.schema_migrations,created_by=producoes.emla@gmail.com; statement_count=1
remote_only,,,20260203014531,disable_comissao_trigger_temp,registro_remoto_sem_par_local_canonico,sem_par_local,,be88a5ac9a2d75e65203cb1be8c524f5f2daa8ad9021c780a728af02e520bbc2,,72,registro existente em supabase_migrations.schema_migrations,created_by=producoes.emla@gmail.com; statement_count=1
remote_only,,,20260203014718,enable_comissao_trigger,registro_remoto_sem_par_local_canonico,sem_par_local,,be20d102804793c80770e0007b66e0352027a7a02f34411fd11a61979cf185d1,,71,registro existente em supabase_migrations.schema_migrations,created_by=producoes.emla@gmail.com; statement_count=1
remote_only,,,20260203015348,fix_calcular_comissao_venda_trigger,registro_remoto_sem_par_local_canonico,sem_par_local,,7b12f31c2ad3d4a26ccac6f14beb7be53bf75d9d626a63e6e2c0060e0dc93d72,,1488,registro existente em supabase_migrations.schema_migrations,created_by=producoes.emla@gmail.com; statement_count=1
remote_only,,,20260203015607,fix_calcular_comissao_venda_trigger_v2,registro_remoto_sem_par_local_canonico,sem_par_local,,4d52eba4aa9cb7f9fb595bb5541322fcb11fee4608c41e4ce38c2c2652c37103,,1685,registro existente em supabase_migrations.schema_migrations,created_by=producoes.emla@gmail.com; statement_count=1
remote_only,,,20260203031913,fix_get_dados_retencao_ia_columns,registro_remoto_sem_par_local_canonico,sem_par_local,,139ed46d458da1922de3d6bcae973c944afb743c7fff2cbcef2da55e59693ff2,,8517,registro existente em supabase_migrations.schema_migrations,created_by=producoes.emla@gmail.com; statement_count=1
remote_only,,,20260203040631,fix_vw_kpis_gestao_mensal_column_names_v2,registro_remoto_sem_par_local_canonico,sem_par_local,,b1a95b9f0c245a8ca01fff68d09075c8b7b8e124d3ed934e90ac08a1baad5f92,,5468,registro existente em supabase_migrations.schema_migrations,created_by=producoes.emla@gmail.com; statement_count=1
remote_only,,,20260203102511,create_farmer_rotinas_tables,registro_remoto_sem_par_local_canonico,sem_par_local,,f0d4e791456ccc465b3e72e89306368fe1118798c6c3034ce292b2d677d8dd57,,5705,registro existente em supabase_migrations.schema_migrations,created_by=producoes.emla@gmail.com; statement_count=1
remote_only,,,20260203102538,create_farmer_rls_policies,registro_remoto_sem_par_local_canonico,sem_par_local,,780e89e3e0b7d59e5c54acf1390e0b91dc43fd233d3cddd5d683330af2335842,,5518,registro existente em supabase_migrations.schema_migrations,created_by=producoes.emla@gmail.com; statement_count=1
remote_only,,,20260203102606,create_farmer_functions,registro_remoto_sem_par_local_canonico,sem_par_local,,9aa24cde8e37fdb0cca01710190b8313c894c1f14617e201c5917ac34dee32ac,,5588,registro existente em supabase_migrations.schema_migrations,created_by=producoes.emla@gmail.com; statement_count=1
remote_only,,,20260203102633,create_farmer_alert_views,registro_remoto_sem_par_local_canonico,sem_par_local,,730931b64298b618dde65012d6db8b31e654f12514a7d3dd2694bb0d432c755d,,4785,registro existente em supabase_migrations.schema_migrations,created_by=producoes.emla@gmail.com; statement_count=1
remote_only,,,20260203114147,add_health_score_and_recados_system,registro_remoto_sem_par_local_canonico,sem_par_local,,57f5e36990329104a45e72cd0f4ef2063d51b0715c10e83f7b838c0edd1fccd9,,6705,registro existente em supabase_migrations.schema_migrations,created_by=producoes.emla@gmail.com; statement_count=1
remote_only,,,20260203125215,fix_get_dados_retencao_ia_column_names,registro_remoto_sem_par_local_canonico,sem_par_local,,e60ac34949a657eab8acc078ee244ff29faf337af19cf88a041469ee3c9fdb72,,8645,registro existente em supabase_migrations.schema_migrations,created_by=producoes.emla@gmail.com; statement_count=1
remote_only,,,20260203225120,drop_and_recreate_get_rotinas_do_dia,registro_remoto_sem_par_local_canonico,sem_par_local,,c97b3b509ca6113d2fa6531e94738f0f536bf4bcede0b4ddf70343a2ec3a7ef7,,1537,registro existente em supabase_migrations.schema_migrations,created_by=producoes.emla@gmail.com; statement_count=1
remote_only,,,20260204110718,create_perfis_table,registro_remoto_sem_par_local_canonico,sem_par_local,,33d8d91f42254938515074eae2af9ac784c7de49b000b8758ba56c3646fdb3d4,,1106,registro existente em supabase_migrations.schema_migrations,created_by=producoes.emla@gmail.com; statement_count=1
remote_only,,,20260204110727,create_permissoes_table,registro_remoto_sem_par_local_canonico,sem_par_local,,709c212d0f2372528bfb90f5e6b596cd4e3ab745376df8fa018378891285603c,,1106,registro existente em supabase_migrations.schema_migrations,created_by=producoes.emla@gmail.com; statement_count=1
remote_only,,,20260204110737,create_perfil_permissoes_table,registro_remoto_sem_par_local_canonico,sem_par_local,,5d03875f1ef8499bcb790a51a95c6b5941fd10a37c3c50965d22761a5994336b,,838,registro existente em supabase_migrations.schema_migrations,created_by=producoes.emla@gmail.com; statement_count=1
remote_only,,,20260204110759,create_usuario_perfis_table_v2,registro_remoto_sem_par_local_canonico,sem_par_local,,73987b66c35141d45ca6f43d06ce0840d3ed7c825e5631079d194fc9534f0711,,1571,registro existente em supabase_migrations.schema_migrations,created_by=producoes.emla@gmail.com; statement_count=1
remote_only,,,20260204110809,create_auditoria_acesso_table,registro_remoto_sem_par_local_canonico,sem_par_local,,f3a03e8ba8e99465e115becd3a8e84d923e21516ea76a68f37c2e89f82019b39,,1307,registro existente em supabase_migrations.schema_migrations,created_by=producoes.emla@gmail.com; statement_count=1
remote_only,,,20260204110830,create_permission_functions,registro_remoto_sem_par_local_canonico,sem_par_local,,5384837c9e2f85bae895f78ce7486736d4df38c7ec29525e560241d13bf2c2ae,,3554,registro existente em supabase_migrations.schema_migrations,created_by=producoes.emla@gmail.com; statement_count=1
remote_only,,,20260204110843,seed_perfis,registro_remoto_sem_par_local_canonico,sem_par_local,,3ac8f08dcc61bf17f27fb5c82c21c6cc0a7a6197af26fad22c9f2eb6f4d5d9ab,,699,registro existente em supabase_migrations.schema_migrations,created_by=producoes.emla@gmail.com; statement_count=1
remote_only,,,20260204110914,seed_permissoes,registro_remoto_sem_par_local_canonico,sem_par_local,,de217dd4e7eaebbadd34783b93aa7cd475854aea99c128deac023b5a0d62d702,,5665,registro existente em supabase_migrations.schema_migrations,created_by=producoes.emla@gmail.com; statement_count=1
remote_only,,,20260204110924,seed_perfil_permissoes_admin,registro_remoto_sem_par_local_canonico,sem_par_local,,1c0f606bd0a406c3ba805f2beea7857e0d4455d8f96031f6ef257fc59d8061fd,,355,registro existente em supabase_migrations.schema_migrations,created_by=producoes.emla@gmail.com; statement_count=1
remote_only,,,20260204110933,seed_perfil_permissoes_gerente,registro_remoto_sem_par_local_canonico,sem_par_local,,5f1385d3dcf014d203579380c38917474ca05f6f3b8c1101a3a6e5260e053db5,,513,registro existente em supabase_migrations.schema_migrations,created_by=producoes.emla@gmail.com; statement_count=1
remote_only,,,20260204110944,seed_perfil_permissoes_farmer,registro_remoto_sem_par_local_canonico,sem_par_local,,3b0601e9222e7dbd94d7162bd8d5ecc4e1faf9bc072254cc272e364ffb82b10d,,1113,registro existente em supabase_migrations.schema_migrations,created_by=producoes.emla@gmail.com; statement_count=1
remote_only,,,20260204110955,seed_perfil_permissoes_hunter,registro_remoto_sem_par_local_canonico,sem_par_local,,b1345551e553fbaec9d93cba10d21bc21cff47f01055a5c9923ea321ea5d648f,,737,registro existente em supabase_migrations.schema_migrations,created_by=producoes.emla@gmail.com; statement_count=1
remote_only,,,20260204111003,seed_perfil_permissoes_professor,registro_remoto_sem_par_local_canonico,sem_par_local,,7fbe9ee9eb899910da5a5873ce319f62f26e2ce7501ec8d2d8e521be867a2f9c,,608,registro existente em supabase_migrations.schema_migrations,created_by=producoes.emla@gmail.com; statement_count=1
remote_only,,,20260204111011,seed_perfil_permissoes_visualizador,registro_remoto_sem_par_local_canonico,sem_par_local,,3aa56979171a516ab62e3ba01ce33b4b9755ddb8bb5b2566bdb022c75934a397,,641,registro existente em supabase_migrations.schema_migrations,created_by=producoes.emla@gmail.com; statement_count=1
remote_only,,,20260204111035,enable_rls_new_tables,registro_remoto_sem_par_local_canonico,sem_par_local,,c31a1be1081b3283955a6bfedc879cf9f67f8de53cde50ef21870f7b6466f57c,,1848,registro existente em supabase_migrations.schema_migrations,created_by=producoes.emla@gmail.com; statement_count=1
remote_only,,,20260204155016,create_fk_indexes_batch_1,registro_remoto_sem_par_local_canonico,sem_par_local,,2d2a67dd773451b826280e8f9afbbde76afe9bc31bbd8b29d5acba6ced82c0bb,,2107,registro existente em supabase_migrations.schema_migrations,created_by=producoes.emla@gmail.com; statement_count=1
remote_only,,,20260204155030,create_fk_indexes_batch_2,registro_remoto_sem_par_local_canonico,sem_par_local,,adf71645a0a5b4613416a22ecfb4566f865a0a16058ee5e87c34079ebc3b7833,,2478,registro existente em supabase_migrations.schema_migrations,created_by=producoes.emla@gmail.com; statement_count=1
remote_only,,,20260204155047,create_fk_indexes_batch_3,registro_remoto_sem_par_local_canonico,sem_par_local,,100adf1ea32203d79a94cdf2554fd071a8dd55c599a9a67d6e7e0badc80477e8,,2367,registro existente em supabase_migrations.schema_migrations,created_by=producoes.emla@gmail.com; statement_count=1
remote_only,,,20260204155105,create_fk_indexes_batch_4,registro_remoto_sem_par_local_canonico,sem_par_local,,d4caf58ab2458b1186cd7b1b663af223eb3bb83d4d4fd667d6c0d6bc8c75fb0b,,2032,registro existente em supabase_migrations.schema_migrations,created_by=producoes.emla@gmail.com; statement_count=1
remote_only,,,20260204155122,remove_duplicate_index,registro_remoto_sem_par_local_canonico,sem_par_local,,81139bc2e3b7d30061e0cd85fbb2d25ac12e24c7c3449d05bd42263ee8df75d6,,461,registro existente em supabase_migrations.schema_migrations,created_by=producoes.emla@gmail.com; statement_count=1
remote_only,,,20260204155134,optimize_auth_functions,registro_remoto_sem_par_local_canonico,sem_par_local,,f7810f9b7d1554fa129438c0ecc53f97288d1e1c3d86cd4617bb56323635fd9d,,1384,registro existente em supabase_migrations.schema_migrations,created_by=producoes.emla@gmail.com; statement_count=1
remote_only,,,20260204200701,create_usuario_onboarding,registro_remoto_sem_par_local_canonico,sem_par_local,,b16f274b706a8ca5c86858bdc4a49a0c94b6e0fddc4809638556037b72d66745,,2361,registro existente em supabase_migrations.schema_migrations,created_by=producoes.emla@gmail.com; statement_count=1
remote_only,,,20260204202822,create_usuario_onboarding_table,registro_remoto_sem_par_local_canonico,sem_par_local,,f6dc5a489945525019b70a004361d19087714d203c172cbb89945639e6c399ac,,2033,registro existente em supabase_migrations.schema_migrations,created_by=producoes.emla@gmail.com; statement_count=1
remote_only,,,20260205000435,sync_leads_to_leads_diarios_trigger,registro_remoto_sem_par_local_canonico,sem_par_local,,5b860258db18dfe94f2e7696bb65c52ae59b096217fd20e4a2b5ace25e3e592c,,2638,registro existente em supabase_migrations.schema_migrations,created_by=producoes.emla@gmail.com; statement_count=1
remote_only,,,20260205002048,sync_alunos_to_leads_diarios_trigger,registro_remoto_sem_par_local_canonico,sem_par_local,,dd388777a85e00bb4f28568478090cff0e208978137ccdb6b26577c9ecc2bcef,,1858,registro existente em supabase_migrations.schema_migrations,created_by=producoes.emla@gmail.com; statement_count=1
remote_only,,,20260205102034,create_projeto_equipe_membros_and_config,registro_remoto_sem_par_local_canonico,sem_par_local,,ff74f7331c2ae3e1287676786b635a48adda9e8ca20a3b3b90bc27f7299d0690,,2100,registro existente em supabase_migrations.schema_migrations,created_by=producoes.emla@gmail.com; statement_count=1
remote_only,,,20260205104827,create_whatsapp_config,registro_remoto_sem_par_local_canonico,sem_par_local,,bdec31f048742260875d2c4e94b5f056a118060cf945f35329f85e76f0ac5161,,578,registro existente em supabase_migrations.schema_migrations,created_by=producoes.emla@gmail.com; statement_count=1
remote_only,,,20260205134602,create_vw_leads_comercial,registro_remoto_sem_par_local_canonico,sem_par_local,,d279f6424ecf73683aa1c843116de44c6c0a266ef4e51486d93894866a916ecb,,2679,registro existente em supabase_migrations.schema_migrations,created_by=producoes.emla@gmail.com; statement_count=1
remote_only,,,20260205134647,disable_leads_sync_triggers,registro_remoto_sem_par_local_canonico,sem_par_local,,799a97ff81fec423350038eb33553cdaa56d38a92248e4644c12721f6ef61882,,708,registro existente em supabase_migrations.schema_migrations,created_by=producoes.emla@gmail.com; statement_count=1
remote_only,,,20260205141651,update_vw_leads_comercial_with_names,registro_remoto_sem_par_local_canonico,sem_par_local,,6b06ed334362cc2fecbebaba48388cdd2c012819e38fc93e4c8adb7135d11328,,2711,registro existente em supabase_migrations.schema_migrations,created_by=producoes.emla@gmail.com; statement_count=1
remote_only,,,20260205205705,fix_salas_unique_constraint_active_only,registro_remoto_sem_par_local_canonico,sem_par_local,,c0a1929dd02c1c722e93d562fceb467f582120828be5752abe9dc604814d4936,,301,registro existente em supabase_migrations.schema_migrations,created_by=producoes.emla@gmail.com; statement_count=1
remote_only,,,20260207044638,add_chatwoot_conversation_id,registro_remoto_sem_par_local_canonico,sem_par_local,,ab2f298121ca036e3382271dff7165416047cab1c440f33fb77d5f81f5631019,,155,registro existente em supabase_migrations.schema_migrations,created_by=producoes.emla@gmail.com; statement_count=1
remote_only,,,20260211004437,fix_sync_aluno_to_leads_function,registro_remoto_sem_par_local_canonico,sem_par_local,,6a27de471182966589ddd03ee77859fe383d1368fe20c0d2426c67a115fcef01,,2150,registro existente em supabase_migrations.schema_migrations,created_by=la.tecnology.system@gmail.com; statement_count=1
remote_only,,,20260211013217,atualizar_nomes_professores_completos_v2,registro_remoto_sem_par_local_canonico,sem_par_local,,8fd861c8657a4b071a141068be73116de259ad4975b96a027356dcaaac3353e6,,548,registro existente em supabase_migrations.schema_migrations,created_by=la.tecnology.system@gmail.com; statement_count=1
remote_only,,,20260212103250,create_farmer_checklist_templates,registro_remoto_sem_par_local_canonico,sem_par_local,,714fc6fe3fe33a8308b0c340a5a491976438ddcfe898754c0832b7f12e5e9670,,1346,registro existente em supabase_migrations.schema_migrations,created_by=producoes.emla@gmail.com; statement_count=1
remote_only,,,20260212103305,create_farmer_checklists,registro_remoto_sem_par_local_canonico,sem_par_local,,6a6dc2d69e96d43bd6ac065a590a533f00c1314f2c10eeaf8e214569b11d10c7,,1836,registro existente em supabase_migrations.schema_migrations,created_by=producoes.emla@gmail.com; statement_count=1
remote_only,,,20260212103317,create_farmer_checklist_items,registro_remoto_sem_par_local_canonico,sem_par_local,,2010ab0c15b5f010bfb01cc734c50ed0bdb72517e1735ca4c0726b1d10bd167a,,1611,registro existente em supabase_migrations.schema_migrations,created_by=producoes.emla@gmail.com; statement_count=1
remote_only,,,20260212103329,create_farmer_checklist_contatos,registro_remoto_sem_par_local_canonico,sem_par_local,,4871061b9e83c0f0bae83ae420d2ecbc61bdcc660750356681bbedd2b0e457dc,,1868,registro existente em supabase_migrations.schema_migrations,created_by=producoes.emla@gmail.com; statement_count=1
remote_only,,,20260212103406,create_checklist_rpcs,registro_remoto_sem_par_local_canonico,sem_par_local,,702dc6175c7978cab2ef65030f618c67f2c2a836433431cc16bea0661bfb56da,,7542,registro existente em supabase_migrations.schema_migrations,created_by=producoes.emla@gmail.com; statement_count=1
remote_only,,,20260212103437,expand_get_historico_rotinas_v2,registro_remoto_sem_par_local_canonico,sem_par_local,,4ca6a6bebf444b738714725a21af8ec33ea1a1bcd7754e3b6397e9ad496b3899,,2395,registro existente em supabase_migrations.schema_migrations,created_by=producoes.emla@gmail.com; statement_count=1
remote_only,,,20260212103451,create_vw_farmer_checklist_alertas,registro_remoto_sem_par_local_canonico,sem_par_local,,60c1aa878733cf85079f44db28a501df57cb84d7c6f8fd0235404171e98c4d9c,,1525,registro existente em supabase_migrations.schema_migrations,created_by=producoes.emla@gmail.com; statement_count=1
remote_only,,,20260212103519,seed_checklist_templates,registro_remoto_sem_par_local_canonico,sem_par_local,,c6b74898356ab9f1801b14f94304495126bfff2db93478774e43cd375127d6f4,,4714,registro existente em supabase_migrations.schema_migrations,created_by=producoes.emla@gmail.com; statement_count=1
remote_only,,,20260212105940,add_checklist_missing_columns,registro_remoto_sem_par_local_canonico,sem_par_local,,93dd317f18d585fe235365cc864e682fc9fca63922ff6df9d8fcb54ec364e26c,,816,registro existente em supabase_migrations.schema_migrations,created_by=producoes.emla@gmail.com; statement_count=1
remote_only,,,20260212111303,update_get_checklist_detail_rpc,registro_remoto_sem_par_local_canonico,sem_par_local,,1b37243f36ae084246492ed796e1ae64c894aaff91a261084758b44f98e2dcff,,1212,registro existente em supabase_migrations.schema_migrations,created_by=producoes.emla@gmail.com; statement_count=1
remote_only,,,20260212113109,update_get_checklists_farmer_add_missing_fields,registro_remoto_sem_par_local_canonico,sem_par_local,,4f77cb95b75a29b5119442517c21128150c37ea3d7ac6cea5a53e3f5ba9e8f1a,,2902,registro existente em supabase_migrations.schema_migrations,created_by=producoes.emla@gmail.com; statement_count=1
remote_only,,,20260212144822,add_responsavel_to_checklists_and_items,registro_remoto_sem_par_local_canonico,sem_par_local,,6ac8bdf1a96024d64c58881dc6606ae76b6e0caf2909d1816b994a4cf5fadce5,,1171,registro existente em supabase_migrations.schema_migrations,created_by=producoes.emla@gmail.com; statement_count=1
remote_only,,,20260212144921,update_get_checklist_detail_with_responsavel,registro_remoto_sem_par_local_canonico,sem_par_local,,d3ff459a5dc3684aac526811129b4c42fcd701677e365058abe6e31279922a19,,1667,registro existente em supabase_migrations.schema_migrations,created_by=producoes.emla@gmail.com; statement_count=1
remote_only,,,20260212145955,update_get_checklists_farmer_with_responsavel,registro_remoto_sem_par_local_canonico,sem_par_local,,539172f1d1667e195e925d327e1aa1a71fb9c8e2954aa860dd889a77a39e7d87,,4044,registro existente em supabase_migrations.schema_migrations,created_by=producoes.emla@gmail.com; statement_count=1
remote_only,,,20260212152740,create_rpc_vincular_alunos_checklist,registro_remoto_sem_par_local_canonico,sem_par_local,,39611f134deb032a71345fbb287e2cf643af109310b90d91ea5b3bf36fb7865c,,1919,registro existente em supabase_migrations.schema_migrations,created_by=producoes.emla@gmail.com; statement_count=1
remote_only,,,20260212161243,recreate_farmer_views_with_whatsapp_fallback,registro_remoto_sem_par_local_canonico,sem_par_local,,a8a67e75514bc39a1521acd2430280c4a4446f970626da064f2b45857279e5d9,,3514,registro existente em supabase_migrations.schema_migrations,created_by=producoes.emla@gmail.com; statement_count=1
remote_only,,,20260212165014,add_disponibilidade_to_professores_unidades,registro_remoto_sem_par_local_canonico,sem_par_local,,d6627f1d20e838b0ae95ffed434c8d1a0711268c56cb46d4486da2c254cf6e5d,,461,registro existente em supabase_migrations.schema_migrations,created_by=producoes.emla@gmail.com; statement_count=1
remote_only,,,20260212165041,seed_disponibilidade_professores,registro_remoto_sem_par_local_canonico,sem_par_local,,07435f9e4a0eb00b8982821d6947bf415b1037cfb15c80e52efd934e64a5e52f,,1174,registro existente em supabase_migrations.schema_migrations,created_by=producoes.emla@gmail.com; statement_count=1
remote_only,,,20260212182147,add_classificacao_idade_to_farmer_views,registro_remoto_sem_par_local_canonico,sem_par_local,,15681edb6bbf25c108d4b84527b17cfe86f026a41c4d287d1b75dc4d3c937fbe,,2859,registro existente em supabase_migrations.schema_migrations,created_by=producoes.emla@gmail.com; statement_count=1
remote_only,,,20260213123223,create_crm_pipeline_etapas,registro_remoto_sem_par_local_canonico,sem_par_local,,145ee6b0f014f95ed0543270656c3ca4170011327a22fcff99bd8f3045220f6e,,1430,registro existente em supabase_migrations.schema_migrations,created_by=producoes.emla@gmail.com; statement_count=1
remote_only,,,20260213123236,create_crm_motivos_nao_comparecimento,registro_remoto_sem_par_local_canonico,sem_par_local,,3316af1873a6468580c39be1138b60863897e860f14d2412290a08e90bfc1c6b,,1264,registro existente em supabase_migrations.schema_migrations,created_by=producoes.emla@gmail.com; statement_count=1
remote_only,,,20260213123306,create_crm_templates_whatsapp,registro_remoto_sem_par_local_canonico,sem_par_local,,6936ff886536e608261f883912dc95407f36af306f21cc167260f1cef73af1cc,,2499,registro existente em supabase_migrations.schema_migrations,created_by=producoes.emla@gmail.com; statement_count=1
remote_only,,,20260213123320,create_crm_metas_andreza,registro_remoto_sem_par_local_canonico,sem_par_local,,eba09154065ea788a1bfd03cdea7300adef678bb46611e4c7492e299beae4005,,944,registro existente em supabase_migrations.schema_migrations,created_by=producoes.emla@gmail.com; statement_count=1
remote_only,,,20260213123332,create_crm_lead_historico,registro_remoto_sem_par_local_canonico,sem_par_local,,73710a57eb946b1624b38daa5203985d8a7aa65ddc1e34142d4e2b167a7f7e14,,1044,registro existente em supabase_migrations.schema_migrations,created_by=producoes.emla@gmail.com; statement_count=1
remote_only,,,20260213123343,create_crm_followups,registro_remoto_sem_par_local_canonico,sem_par_local,,bb86a58bc081b6953e8a87c267200063b2bc08e30f60a5b8b766255a9d4be91d,,1059,registro existente em supabase_migrations.schema_migrations,created_by=producoes.emla@gmail.com; statement_count=1
remote_only,,,20260213123401,alter_leads_add_crm_columns,registro_remoto_sem_par_local_canonico,sem_par_local,,f0c8dc2a3dd9325e4f03e3cf0fe63a2a1ea123493f9dc236e8ca2021364b9d9f,,2270,registro existente em supabase_migrations.schema_migrations,created_by=producoes.emla@gmail.com; statement_count=1
remote_only,,,20260213123424,add_pre_atendimento_tipo_and_insert_andreza,registro_remoto_sem_par_local_canonico,sem_par_local,,87511aa15aafcb7f6b887c83a44d8888aada1a0dffcc05ebd251a9bbccf6814b,,482,registro existente em supabase_migrations.schema_migrations,created_by=producoes.emla@gmail.com; statement_count=1
remote_only,,,20260213132530,enable_rls_crm_tables,registro_remoto_sem_par_local_canonico,sem_par_local,,bc8b13fbf7a83198cf9b4adede9a236e78f5044c6d19c193f3f5c8aad0fa1c3e,,3155,registro existente em supabase_migrations.schema_migrations,created_by=producoes.emla@gmail.com; statement_count=1
remote_only,,,20260213173252,fix_vw_kpis_gestao_mensal_unificar_fontes,registro_remoto_sem_par_local_canonico,sem_par_local,,30bf8cf0b0973786bc357333340c21befe01f12f7f197eb518adcbc2cd6d0c0c,,7046,registro existente em supabase_migrations.schema_migrations,created_by=producoes.emla@gmail.com; statement_count=1
remote_only,,,20260213173837,fix_vw_dashboard_unidade_unificar_fontes,registro_remoto_sem_par_local_canonico,sem_par_local,,0558aa9db4c031163cdcfc98f1712f62a4a554418ef957199f4a450176a77402,,4890,registro existente em supabase_migrations.schema_migrations,created_by=producoes.emla@gmail.com; statement_count=1
remote_only,,,20260213200259,add_responsavel_fields_to_alunos,registro_remoto_sem_par_local_canonico,sem_par_local,,467e7a4faee35e273dd005bc1b82b3cb4348ff9c9a8622331dc4e9c531107f32,,721,registro existente em supabase_migrations.schema_migrations,created_by=producoes.emla@gmail.com; statement_count=1
remote_only,,,20260213200711,make_crm_midia_bucket_public,registro_remoto_sem_par_local_canonico,sem_par_local,,c9575b38030d332e4597b354aa21ce8bf093b262d64e5e867b76c30ff0e97f1f,,969,registro existente em supabase_migrations.schema_migrations,created_by=producoes.emla@gmail.com; statement_count=1
remote_only,,,20260213211803,add_webm_audio_to_crm_midia_bucket,registro_remoto_sem_par_local_canonico,sem_par_local,,c1e7407925dbbcce548e597eca56d86db5cfa68a1fc6546624750901e5aaaa98,,151,registro existente em supabase_migrations.schema_migrations,created_by=producoes.emla@gmail.com; statement_count=1
remote_only,,,20260213214123,add_editada_column_crm_mensagens,registro_remoto_sem_par_local_canonico,sem_par_local,,1763aad3616ce4da233147353d9a75f3640963876421c79a0675a281e957803f,,81,registro existente em supabase_migrations.schema_migrations,created_by=producoes.emla@gmail.com; statement_count=1
remote_only,,,20260213215354,add_deletada_column_crm_mensagens,registro_remoto_sem_par_local_canonico,sem_par_local,,dc4d10de71423845e0d16e6953095ab1101e1d4887c1ea6044176ec067f24434,,82,registro existente em supabase_migrations.schema_migrations,created_by=producoes.emla@gmail.com; statement_count=1
remote_only,,,20260213215917,add_transcricao_column_crm_mensagens,registro_remoto_sem_par_local_canonico,sem_par_local,,e59e42c00108d68f2901dbf58a1b66c06a97dd8b1a1a0e8fadc40bb669f2feb3,,81,registro existente em supabase_migrations.schema_migrations,created_by=producoes.emla@gmail.com; statement_count=1
remote_only,,,20260213221456,add_reacoes_column_crm_mensagens,registro_remoto_sem_par_local_canonico,sem_par_local,,f12c3a7d8851c0b5bd71e3b962101263de7fcd666741b8db5d3be1f3df35ea03,,85,registro existente em supabase_migrations.schema_migrations,created_by=producoes.emla@gmail.com; statement_count=1
remote_only,,,20260213223220,fix_leads_status_check_add_experimental_visita,registro_remoto_sem_par_local_canonico,sem_par_local,,f8de64baa2ae477a0a3eb5363e3d60a6c85e50710da61681c095e7aba9627c53,,577,registro existente em supabase_migrations.schema_migrations,created_by=producoes.emla@gmail.com; statement_count=1
remote_only,,,20260213235644,create_crm_etiquetas_system,registro_remoto_sem_par_local_canonico,sem_par_local,,1eed00dd84c63bbafe3e88d700246e2edb363eeeb81dd65b8673b6810f4f8db7,,1916,registro existente em supabase_migrations.schema_migrations,created_by=producoes.emla@gmail.com; statement_count=1
remote_only,,,20260214002358,create_rpc_calcular_tempo_medio_resposta_crm,registro_remoto_sem_par_local_canonico,sem_par_local,,e050b7d88bfac6957d3a80da3625432d3b5a53e332a1ff5fac1a80f09cae20f2,,1000,registro existente em supabase_migrations.schema_migrations,created_by=producoes.emla@gmail.com; statement_count=1
remote_only,,,20260214002535,create_crm_mensagens_agendadas,registro_remoto_sem_par_local_canonico,sem_par_local,,132ea0ff47c8c8855c5fae8c8cc00caee60b6e35d6117e41cc589571b8efae55,,1100,registro existente em supabase_migrations.schema_migrations,created_by=producoes.emla@gmail.com; statement_count=1
remote_only,,,20260214002856,fix_rpc_fideliza_usar_tabelas_fonte,registro_remoto_sem_par_local_canonico,sem_par_local,,1fdc808ae754f4c4cfcec2f26da6884210bfe3a4ca2ee0abdcf617c5b29db0c5,,10538,registro existente em supabase_migrations.schema_migrations,created_by=producoes.emla@gmail.com; statement_count=1
remote_only,,,20260214004109,fix_alunos_flauta_transversa_para_canto_t,registro_remoto_sem_par_local_canonico,sem_par_local,,e06dbfc6bfa2154fee640f62037a5c15d56cd20bcdc005f8007c22f083f2f261,,738,registro existente em supabase_migrations.schema_migrations,created_by=producoes.emla@gmail.com; statement_count=1
remote_only,,,20260214004135,fix_alunos_flauta_transversa_evadidos,registro_remoto_sem_par_local_canonico,sem_par_local,,a06851d818be84fe710a536d0f1cca4ff574e3da85678c0f7384e38781e4375c,,162,registro existente em supabase_migrations.schema_migrations,created_by=producoes.emla@gmail.com; statement_count=1
remote_only,,,20260214013153,unificar_cursos_adicionar_modalidade,registro_remoto_sem_par_local_canonico,sem_par_local,,3cfa81ec80acbe77ec530c3b861ef12d57cadcaab3e2c851afc6864cd586f161,,8926,registro existente em supabase_migrations.schema_migrations,created_by=producoes.emla@gmail.com; statement_count=1
remote_only,,,20260214015755,fix_vw_kpis_gestao_mensal_matriculas_de_leads,registro_remoto_sem_par_local_canonico,sem_par_local,,6fc8b0be7037860e2eca7ca06ded76725aec18c9ed0f9a6086fe16a2480ca29e,,6760,registro existente em supabase_migrations.schema_migrations,created_by=producoes.emla@gmail.com; statement_count=1
remote_only,,,20260214020135,fix_vw_kpis_gestao_mensal_excluir_bolsistas_matriculas,registro_remoto_sem_par_local_canonico,sem_par_local,,0c12251da4db4d1773eadd898f02dd89fc399528cc19fa3a60eb700002dd2e3d,,6802,registro existente em supabase_migrations.schema_migrations,created_by=producoes.emla@gmail.com; statement_count=1
remote_only,,,20260214020545,fix_vw_turmas_implicitas_incluir_sala,registro_remoto_sem_par_local_canonico,sem_par_local,,ebde1992926b6a49f3a01ea935fba28632d101f9b0d98535ca63e6572e12f505,,1674,registro existente em supabase_migrations.schema_migrations,created_by=producoes.emla@gmail.com; statement_count=1
remote_only,,,20260214031927,fix_vw_kpis_professor_mensal_media_turma,registro_remoto_sem_par_local_canonico,sem_par_local,,32c286a2fb21c81fb20a509f0190db84ec03a965c9e27319b4977c5c184eebad,,6227,registro existente em supabase_migrations.schema_migrations,created_by=producoes.emla@gmail.com; statement_count=1
remote_only,,,20260214135956,fix_vw_dashboard_unidade_excluir_segundo_curso,registro_remoto_sem_par_local_canonico,sem_par_local,,40eee7a3df68a8164d7ff3b6fe6574e34ffd534b36daa092098a212a19345904,,4559,registro existente em supabase_migrations.schema_migrations,created_by=producoes.emla@gmail.com; statement_count=1
remote_only,,,20260214140032,fix_vw_kpis_gestao_mensal_excluir_segundo_curso,registro_remoto_sem_par_local_canonico,sem_par_local,,4d1a556b4b780219c27abb051725a28d76a0ebec9d7e79ed261a67bb16830575,,6710,registro existente em supabase_migrations.schema_migrations,created_by=producoes.emla@gmail.com; statement_count=1
remote_only,,,20260214140126,fix_vw_contagem_alunos_excluir_segundo_curso,registro_remoto_sem_par_local_canonico,sem_par_local,,bca2ee616ef10769a6577f569b56758e0e629a6d8360921c9ea6b695fea14b4d,,761,registro existente em supabase_migrations.schema_migrations,created_by=producoes.emla@gmail.com; statement_count=1
remote_only,,,20260214140656,fix_views_excluir_sem_parcela_do_ticket_medio,registro_remoto_sem_par_local_canonico,sem_par_local,,110c3252b18c86f9fd2e4b7ac6ea2883dd827a86102f367886b192d0e69743da,,11592,registro existente em supabase_migrations.schema_migrations,created_by=producoes.emla@gmail.com; statement_count=1
remote_only,,,20260214142408,fix_tempo_permanencia_regra_negocio,registro_remoto_sem_par_local_canonico,sem_par_local,,b095aa80b10547e31ebf147a552d72957e68a1ee98c9e03241dc863e7750fc81,,14488,registro existente em supabase_migrations.schema_migrations,created_by=producoes.emla@gmail.com; statement_count=1
remote_only,,,20260214144156,fix_tempo_permanencia_fallback_historico,registro_remoto_sem_par_local_canonico,sem_par_local,,15daac36a5e8f2a4d2bd847f63154b97b108eab961856e943d918fb98c74792e,,16055,registro existente em supabase_migrations.schema_migrations,created_by=producoes.emla@gmail.com; statement_count=1
remote_only,,,20260214144855,add_index_alunos_status_segundo_curso,registro_remoto_sem_par_local_canonico,sem_par_local,,2bfab0061222f4453a80cf088218adfb44b2b269f87cc1b89c03fb129ad8d05b,,700,registro existente em supabase_migrations.schema_migrations,created_by=producoes.emla@gmail.com; statement_count=1
remote_only,,,20260214160235,fix_rpc_tempo_permanencia_usar_alunos_historico,registro_remoto_sem_par_local_canonico,sem_par_local,,fe14442cda137e783e3d8e4149ac50774cef6086af6c8f8d5d6d88fcd889a2f3,,2425,registro existente em supabase_migrations.schema_migrations,created_by=producoes.emla@gmail.com; statement_count=1
remote_only,,,20260214160417,fix_views_tempo_permanencia_usar_alunos_historico,registro_remoto_sem_par_local_canonico,sem_par_local,,6de010cfe493b84a404992e1c0e5082d901750557c127e879409cbe7fef5d14d,,12940,registro existente em supabase_migrations.schema_migrations,created_by=producoes.emla@gmail.com; statement_count=1
remote_only,,,20260214161644,fix_vw_kpis_retencao_mensal_deduplicar_e_classificar,registro_remoto_sem_par_local_canonico,sem_par_local,,37408cbd82900ca80f0f2119194d48b89a55cbc4a3dca9d3591bb02c7fc9d1be,,4494,registro existente em supabase_migrations.schema_migrations,created_by=producoes.emla@gmail.com; statement_count=1
remote_only,,,20260214161915,fix_vw_kpis_gestao_mensal_churn_e_dedup_evasoes,registro_remoto_sem_par_local_canonico,sem_par_local,,b19e637e60c71571ad22e1f92fb520a572637f2d16055718d3ebffb0e681218a,,8150,registro existente em supabase_migrations.schema_migrations,created_by=producoes.emla@gmail.com; statement_count=1
remote_only,,,20260214162548,fix_vw_kpis_retencao_mensal_usar_alunos_pagantes_para_churn,registro_remoto_sem_par_local_canonico,sem_par_local,,6ab60eb56b9b419b2f02f3fef4e910b5f1c22f2a31c98b4cbfb6a73b8dabb507,,4174,registro existente em supabase_migrations.schema_migrations,created_by=producoes.emla@gmail.com; statement_count=1
remote_only,,,20260214162647,fix_vw_dashboard_unidade_dedup_evasoes_e_churn_fallback,registro_remoto_sem_par_local_canonico,sem_par_local,,8d8c9a0db69d8075f04b2be564b47185445b33bfba379fddfc5f678cc7035e11,,5813,registro existente em supabase_migrations.schema_migrations,created_by=producoes.emla@gmail.com; statement_count=1
remote_only,,,20260214163034,create_trigger_sync_movimentacoes_admin_to_evasoes_v2_e_renovacoes,registro_remoto_sem_par_local_canonico,sem_par_local,,6f877e1e49ae24d2e73ec5b36014e6b230031a6ce4043cd61166f4f4d1668104,,3187,registro existente em supabase_migrations.schema_migrations,created_by=producoes.emla@gmail.com; statement_count=1
remote_only,,,20260214163100,fix_trigger_sync_movimentacoes_admin_declare_no_topo,registro_remoto_sem_par_local_canonico,sem_par_local,,a3091dddc53f49ae9c157d26f0ebfe6562e9fb1f7e5d62b7c87ac65b9be970b4,,3208,registro existente em supabase_migrations.schema_migrations,created_by=producoes.emla@gmail.com; statement_count=1
remote_only,,,20260214165041,create_fn_marcar_inadimplentes_apos_vencimento,registro_remoto_sem_par_local_canonico,sem_par_local,,386b01aba28c4e10b18f9ff8e1cae0fdd58a5b5c51c6c9df61fea906215a5c38,,2287,registro existente em supabase_migrations.schema_migrations,created_by=producoes.emla@gmail.com; statement_count=1
remote_only,,,20260214165130,fix_vw_kpis_gestao_mensal_inadimplencia_real_e_faturamento,registro_remoto_sem_par_local_canonico,sem_par_local,,85446f931c4b3d7d11accf4668aedd205a8a02145840c3069e32164fba688a83,,8964,registro existente em supabase_migrations.schema_migrations,created_by=producoes.emla@gmail.com; statement_count=1
remote_only,,,20260214193555,sucesso_aluno_fase1_tabelas,registro_remoto_sem_par_local_canonico,sem_par_local,,e7e98deae798d41892965b96156b99806d35e9b0a892512722cf57d802370190,,7754,registro existente em supabase_migrations.schema_migrations,created_by=producoes.emla@gmail.com; statement_count=1
remote_only,,,20260214193605,sucesso_aluno_fase1_colunas_alunos,registro_remoto_sem_par_local_canonico,sem_par_local,,9e373350c94c975428f1d01261ea6c8f027c747c4567da09a4ba22d55615f8b0,,459,registro existente em supabase_migrations.schema_migrations,created_by=producoes.emla@gmail.com; statement_count=1
remote_only,,,20260214193634,sucesso_aluno_fase1_rpc_calcular,registro_remoto_sem_par_local_canonico,sem_par_local,,fbd28902986fe30d442cd109e43e704b700d0787aed5f135b9c1f54f40c7e8d2,,5211,registro existente em supabase_migrations.schema_migrations,created_by=producoes.emla@gmail.com; statement_count=1
remote_only,,,20260214193647,sucesso_aluno_fase1_rpc_batch,registro_remoto_sem_par_local_canonico,sem_par_local,,38d866d45e01849fd48355185c656767b33b65caadd2f4ae887d856a8a78cebf,,1550,registro existente em supabase_migrations.schema_migrations,created_by=producoes.emla@gmail.com; statement_count=1
remote_only,,,20260214193711,sucesso_aluno_fase1_views,registro_remoto_sem_par_local_canonico,sem_par_local,,76454c453f2167a202a5dc3ddc530c44483be1e944ad697f533508008e34c57f,,4450,registro existente em supabase_migrations.schema_migrations,created_by=producoes.emla@gmail.com; statement_count=1
remote_only,,,20260214193727,sucesso_aluno_fase1_rls_grants,registro_remoto_sem_par_local_canonico,sem_par_local,,d41fe887cd9ce1fd224f94d1079456b672c71b59622be683fe3553905485778e,,3374,registro existente em supabase_migrations.schema_migrations,created_by=producoes.emla@gmail.com; statement_count=1
remote_only,,,20260215104806,fix_evasoes_orfas_e_duplicatas,registro_remoto_sem_par_local_canonico,sem_par_local,,aa22ea4b63fa35bb4231e778142f1d968ae1631e1ee723d38dc99f536597fca9,,971,registro existente em supabase_migrations.schema_migrations,created_by=producoes.emla@gmail.com; statement_count=1
remote_only,,,20260215132824,correcao_auditoria_barra_fase2,registro_remoto_sem_par_local_canonico,sem_par_local,,32f23ec8e5a4959b9f4599c44ea957f1d0a41e1f60bbaef31f12b013ba1ebb17,,1644,registro existente em supabase_migrations.schema_migrations,created_by=producoes.emla@gmail.com; statement_count=1
remote_only,,,20260215132914,correcao_avisos_previos_barra,registro_remoto_sem_par_local_canonico,sem_par_local,,e5fc20818d8138b15ec279ef72efdc13533b6bd8a4f27262c9f72163e7a44ef1,,2106,registro existente em supabase_migrations.schema_migrations,created_by=producoes.emla@gmail.com; statement_count=1
remote_only,,,20260215134338,reverter_aviso_previo_para_ativo,registro_remoto_sem_par_local_canonico,sem_par_local,,94d3f2947bb5bd6eded57353c483b194649fbdaa97340b25bdbd041fa5217041,,351,registro existente em supabase_migrations.schema_migrations,created_by=producoes.emla@gmail.com; statement_count=1
remote_only,,,20260215140901,atualizar_status_pagamento_fev_2026,registro_remoto_sem_par_local_canonico,sem_par_local,,0a894f5960ea9907fef52c9c717fe295cc09dfcccb695e687bc86255770d7cad,,634,registro existente em supabase_migrations.schema_migrations,created_by=producoes.emla@gmail.com; statement_count=1
remote_only,,,20260215141149,atualizar_valores_parcela_grupo_a_fev_2026,registro_remoto_sem_par_local_canonico,sem_par_local,,9b68d5b437b5eaf77602348afbee81ea951c8f5121f05635ad36a6927eee863c,,1875,registro existente em supabase_migrations.schema_migrations,created_by=producoes.emla@gmail.com; statement_count=1
remote_only,,,20260215142206,corrigir_ticket_medio_view_gestao_mensal,registro_remoto_sem_par_local_canonico,sem_par_local,,c37c37f60dbeaf75d57efc47b2e2aa7af3c179e7646f95e9be1f5841823f0b08,,9347,registro existente em supabase_migrations.schema_migrations,created_by=producoes.emla@gmail.com; statement_count=1
remote_only,,,20260215143548,atualizar_formas_pagamento_barra_fev_2026,registro_remoto_sem_par_local_canonico,sem_par_local,,33cea67e01938c40f5ea27ef4413d5d2887597e5d1fa1f5badeb95d64c4e1e55,,1798,registro existente em supabase_migrations.schema_migrations,created_by=producoes.emla@gmail.com; statement_count=1
remote_only,,,20260215152302,add_cartao_debito_forma_pagamento,registro_remoto_sem_par_local_canonico,sem_par_local,,bdaa6b86f23e0b2096e0cbc68e8f6a07bee357de3bdf34d7ec20ee7196881c18,,156,registro existente em supabase_migrations.schema_migrations,created_by=producoes.emla@gmail.com; statement_count=1
remote_only,,,20260215153421,fix_vw_kpis_retencao_mensal_duplicatas,registro_remoto_sem_par_local_canonico,sem_par_local,,b8244b2c696175ad212c7d5d2303c76d961178a21b268b6334ac5e9850db3686,,4159,registro existente em supabase_migrations.schema_migrations,created_by=producoes.emla@gmail.com; statement_count=1
remote_only,,,20260215221640,fix_vw_kpis_gestao_mensal_banda_count,registro_remoto_sem_par_local_canonico,sem_par_local,,6aaf235d0bb712afc56b45cc36cfc01801a8f5e13f9f729972f502d9e8a22d3d,,9981,registro existente em supabase_migrations.schema_migrations,created_by=producoes.emla@gmail.com; statement_count=1
remote_only,,,20260216001309,fix_churn_rate_usar_mes_atual,registro_remoto_sem_par_local_canonico,sem_par_local,,e6cedf6b8551178b0badcc1d6cf26e62aa767651e9f47ce87b1f2932318a7160,,10530,registro existente em supabase_migrations.schema_migrations,created_by=producoes.emla@gmail.com; statement_count=1
remote_only,,,20260216001858,fix_evasoes_excluir_aviso_previo,registro_remoto_sem_par_local_canonico,sem_par_local,,f01d925cadcc2cef815fc20238b087b66395a20e833d12bbee96a5b01a6b3763,,10582,registro existente em supabase_migrations.schema_migrations,created_by=producoes.emla@gmail.com; statement_count=1
remote_only,,,20260216130045,fix_vw_kpis_professor_mensal_duplicatas_v2,registro_remoto_sem_par_local_canonico,sem_par_local,,e45b01c198a808b58a356cd5a43ebb08a834b7d9058fbc55cd5e67f8e1374fbc,,6992,registro existente em supabase_migrations.schema_migrations,created_by=producoes.emla@gmail.com; statement_count=1
remote_only,,,20260216132403,fix_ticket_medio_formula_v2,registro_remoto_sem_par_local_canonico,sem_par_local,,061dfafa818288db95f5e25b15ae348bc150ba151658c80ca7709e0d557f89b9,,6325,registro existente em supabase_migrations.schema_migrations,created_by=producoes.emla@gmail.com; statement_count=1
remote_only,,,20260216132728,fix_vw_dashboard_unidade_fase2_v2,registro_remoto_sem_par_local_canonico,sem_par_local,,b92575fd2ce7fe0e74e8f5c55cb9df7daf5fb802fd375865d736832c4aa5bf06,,6765,registro existente em supabase_migrations.schema_migrations,created_by=producoes.emla@gmail.com; statement_count=1
remote_only,,,20260216133116,fix_ticket_medio_excluir_zerados,registro_remoto_sem_par_local_canonico,sem_par_local,,c3b32f0d00a526e237d4ba36be199eb22726fcb6bcc0203aad41fda45476a340,,6145,registro existente em supabase_migrations.schema_migrations,created_by=producoes.emla@gmail.com; statement_count=1
remote_only,,,20260216141453,fix_vw_alertas_inteligentes_usar_evasoes_v2,registro_remoto_sem_par_local_canonico,sem_par_local,,e993f195c6f850acc9f71e5a20c56d49c7be968d8e4961fd2ec94c09ced349ad,,7143,registro existente em supabase_migrations.schema_migrations,created_by=producoes.emla@gmail.com; statement_count=1
remote_only,,,20260216142038,fix_vw_alertas_inteligentes_usar_fontes_analytics,registro_remoto_sem_par_local_canonico,sem_par_local,,e0a1c5e5718ad2779e84d4ceba739fb6075dd50b92e12752e320a4a05790f544,,7130,registro existente em supabase_migrations.schema_migrations,created_by=producoes.emla@gmail.com; statement_count=1
remote_only,,,20260216142348,fix_vw_alertas_inteligentes_ticket_correto,registro_remoto_sem_par_local_canonico,sem_par_local,,aa22762989d0615c073cf5dbe78e8bc74f9ccd75999275b1fc0a254cbfffa34d,,7561,registro existente em supabase_migrations.schema_migrations,created_by=producoes.emla@gmail.com; statement_count=1
remote_only,,,20260216150458,fix_dados_mensais_fev2026_barra,registro_remoto_sem_par_local_canonico,sem_par_local,,e9fd54fd974af4495e92619a8a73ae88bc56cea76565454f1cae31f5b90ba18d,,183,registro existente em supabase_migrations.schema_migrations,created_by=producoes.emla@gmail.com; statement_count=1
remote_only,,,20260216160907,add_transferencia_to_tipo_evasao_check,registro_remoto_sem_par_local_canonico,sem_par_local,,5e90c60291908f7a9c2406dbeac3c7d2a8bf18354447da81919b0a4c875e56b8,,377,registro existente em supabase_migrations.schema_migrations,created_by=producoes.emla@gmail.com; statement_count=1
remote_only,,,20260216161302,fix_vw_evasoes_professores_excluir_transferencia,registro_remoto_sem_par_local_canonico,sem_par_local,,14a3fc5946ef5d87df9b6e81cbeead9547c92e831d37ffbb6e3cfbf66d98fefd,,1069,registro existente em supabase_migrations.schema_migrations,created_by=producoes.emla@gmail.com; statement_count=1
remote_only,,,20260216161405,fix_vw_alertas_inteligentes_excluir_transferencia,registro_remoto_sem_par_local_canonico,sem_par_local,,98de38b890443d96bdc1cdffdd6252d1377246e1b2f744ab9562527bd0853297,,6753,registro existente em supabase_migrations.schema_migrations,created_by=producoes.emla@gmail.com; statement_count=1
remote_only,,,20260216174931,fix_sync_experimentais_unidade_apenas_realizadas,registro_remoto_sem_par_local_canonico,sem_par_local,,6da886627f43e6e8142aad68acf952a0f534c6e9bb6bc2839e8a48078a1bcd9c,,2093,registro existente em supabase_migrations.schema_migrations,created_by=producoes.emla@gmail.com; statement_count=1
remote_only,,,20260216175002,fix_sync_experimentais_professor_apenas_realizadas,registro_remoto_sem_par_local_canonico,sem_par_local,,a5210ac4dac8dadbff169c8bede0d46108175fd39e505fb7117847cd327b37d2,,1762,registro existente em supabase_migrations.schema_migrations,created_by=producoes.emla@gmail.com; statement_count=1
remote_only,,,20260216175226,fix_vw_kpis_professor_historico_usar_leads,registro_remoto_sem_par_local_canonico,sem_par_local,,686a9c6583f351647b65f8af259684ec6550013c27962ba19cc44642a085affd,,2954,registro existente em supabase_migrations.schema_migrations,created_by=producoes.emla@gmail.com; statement_count=1
remote_only,,,20260216235908,add_telefone_snapshot_evasoes_v2,registro_remoto_sem_par_local_canonico,sem_par_local,,4e96267a31c03fd060240e18774b9f292de324a96eb1d430d1ee5ef033100a8b,,257,registro existente em supabase_migrations.schema_migrations,created_by=producoes.emla@gmail.com; statement_count=1
remote_only,,,20260216235927,create_pesquisa_evasao_tables,registro_remoto_sem_par_local_canonico,sem_par_local,,28b6d5e306f592a008286bb479dc1aa4e685e8ae4fd9e86820f9ef7782ca3e3f,,3018,registro existente em supabase_migrations.schema_migrations,created_by=producoes.emla@gmail.com; statement_count=1
remote_only,,,20260216235944,create_pesquisa_evasao_rpcs,registro_remoto_sem_par_local_canonico,sem_par_local,,8e759b060bda5137d20475ad93f90d1237e7b310a746fa91245385337395d13b,,5954,registro existente em supabase_migrations.schema_migrations,created_by=producoes.emla@gmail.com; statement_count=1
remote_only,,,20260217020411,enable_realtime_pesquisa_evasao,registro_remoto_sem_par_local_canonico,sem_par_local,,35615201e677c197a508426bbc25e9874b892edcc38a4e3e8174f172683283c2,,110,registro existente em supabase_migrations.schema_migrations,created_by=producoes.emla@gmail.com; statement_count=1
remote_only,,,20260221002420,fix_dedup_evasoes_views,registro_remoto_sem_par_local_canonico,sem_par_local,,3ec8afc2c958b2cc3ebb822b1dfb8daca302cf8cacca10f5cef4552c30c20526,,4650,registro existente em supabase_migrations.schema_migrations,created_by=la.tecnology.system@gmail.com; statement_count=1
remote_only,,,20260221002507,fix_dedup_evasoes_view_gestao,registro_remoto_sem_par_local_canonico,sem_par_local,,eb31ae5790aaeb10e0cbac03e53e279418c09583fe8edd9556ecd7bcfc5836f7,,10015,registro existente em supabase_migrations.schema_migrations,created_by=la.tecnology.system@gmail.com; statement_count=1
remote_only,,,20260221010958,fix_tempo_permanencia_numeric,registro_remoto_sem_par_local_canonico,sem_par_local,,e1ab560ea130f27eca5a05825c2c85457053433186fb2d75e7912ae01dfa0e1f,,2331,registro existente em supabase_migrations.schema_migrations,created_by=la.tecnology.system@gmail.com; statement_count=1
remote_only,,,20260221011023,fix_snapshot_permanencia_precision,registro_remoto_sem_par_local_canonico,sem_par_local,,9c1d4ca62965e1e3693e5f1205dd64121ea27666b140a5e915ba2b5a19dfe0b5,,2588,registro existente em supabase_migrations.schema_migrations,created_by=la.tecnology.system@gmail.com; statement_count=1
remote_only,,,20260221011110,fix_snapshot_use_evasoes_v2,registro_remoto_sem_par_local_canonico,sem_par_local,,d52f4bfe7c6213195d9ca7ef4dc508ada58a7216ed8be788f452d75176827544,,2596,registro existente em supabase_migrations.schema_migrations,created_by=la.tecnology.system@gmail.com; statement_count=1
remote_only,,,20260223202234,fix_sync_aluno_to_leads_fallback_insert,registro_remoto_sem_par_local_canonico,sem_par_local,,72e2764523f136f3f0be732cf956d49cd0167328d100f3357bffc91b91768d1e,,2683,registro existente em supabase_migrations.schema_migrations,created_by=la.tecnology.system@gmail.com; statement_count=1
remote_only,,,20260224133318,add_contexto_to_farmer_tarefas,registro_remoto_sem_par_local_canonico,sem_par_local,,832ed39ac5f0352eade319e9f003ee17da528c5031b4540b17f78b27eb464a7c,,502,registro existente em supabase_migrations.schema_migrations,created_by=la.tecnology.system@gmail.com; statement_count=1
remote_only,,,20260224142726,add_funcao_to_whatsapp_caixas,registro_remoto_sem_par_local_canonico,sem_par_local,,c687de671376e2198c2c1c87e47caa3edd53b503c6e34e6ef1c1ecb9f0807ea9,,347,registro existente em supabase_migrations.schema_migrations,created_by=la.tecnology.system@gmail.com; statement_count=1
remote_only,,,20260224173011,create_whatsapp_destinatarios_relatorio,registro_remoto_sem_par_local_canonico,sem_par_local,,5e612c4b60c2bcc779bd4793e807ba32398c50c46de13647150def4701bcc49d,,1159,registro existente em supabase_migrations.schema_migrations,created_by=la.tecnology.system@gmail.com; statement_count=1
remote_only,,,20260224173445,add_rls_whatsapp_destinatarios_relatorio,registro_remoto_sem_par_local_canonico,sem_par_local,,1bf878809059afe9b183c8bc6866f74fb67b70a16edbc6a1ac3c13838e2b52b8,,459,registro existente em supabase_migrations.schema_migrations,created_by=la.tecnology.system@gmail.com; statement_count=1
remote_only,,,20260225190612,add_evasao_columns_to_movimentacoes_admin,registro_remoto_sem_par_local_canonico,sem_par_local,,9f7030bf687c2ccf9df76f150f918c1086f67989c99a63fb7fdae97037b92f89,,210,registro existente em supabase_migrations.schema_migrations,created_by=la.tecnology.system@gmail.com; statement_count=1
remote_only,,,20260225223408,config_health_score_professor,registro_remoto_sem_par_local_canonico,sem_par_local,,45cdb303cb5885f0c338688f8b51520201a5a62fcde7c98bfeef24b0c4996c83,,2258,registro existente em supabase_migrations.schema_migrations,created_by=la.tecnology.system@gmail.com; statement_count=1
remote_only,,,20260225223853,fix_config_health_score_professor_nulls_not_distinct,registro_remoto_sem_par_local_canonico,sem_par_local,,1906703cfbb11ada7c8aefdc87ade8f2b86ca966bb9ea28eed5726ea964af651,,323,registro existente em supabase_migrations.schema_migrations,created_by=la.tecnology.system@gmail.com; statement_count=1
remote_only,,,20260226202949,add_executar_query_readonly_rpc,registro_remoto_sem_par_local_canonico,sem_par_local,,d91b222ec833e9075bb101ee90243ef24c8c3732379bde26a829c74eceaa9887,,719,registro existente em supabase_migrations.schema_migrations,created_by=la.tecnology.system@gmail.com; statement_count=1
remote_only,,,20260226203717,fix_executar_query_readonly_double_limit,registro_remoto_sem_par_local_canonico,sem_par_local,,eb2fb872d3cd93ed384d913d5595a5d17e0c5aa6cef366057ac888089514ec74,,887,registro existente em supabase_migrations.schema_migrations,created_by=la.tecnology.system@gmail.com; statement_count=1
remote_only,,,20260227003059,create_assistente_ia_config,registro_remoto_sem_par_local_canonico,sem_par_local,,560384e6fe1b0577e1206a8b8757d6363728bf8db5ef00105798d2f33203de0f,,711,registro existente em supabase_migrations.schema_migrations,created_by=la.tecnology.system@gmail.com; statement_count=1
remote_only,,,20260228200944,add_caixa_id_fkey_to_crm_conversas,registro_remoto_sem_par_local_canonico,sem_par_local,,8f258266ffa24a9d678ffa7c4c190731f9d01ff6b8aa8ff2fd90ab600118a8a3,,127,registro existente em supabase_migrations.schema_migrations,created_by=la.tecnology.system@gmail.com; statement_count=1
remote_only,,,20260302195248,create_professor_videos_bucket_and_table,registro_remoto_sem_par_local_canonico,sem_par_local,,595783e6505fdf5850d008c1d3a73e2f3f8193d787d7cbafe3d8f4157a2d7b07,,1777,registro existente em supabase_migrations.schema_migrations,created_by=la.tecnology.system@gmail.com; statement_count=1
remote_only,,,20260302201211,add_nome_original_to_professor_videos,registro_remoto_sem_par_local_canonico,sem_par_local,,458fa1203d07535f0ae64c9c394ccf1370b6a763e0c15124f0f5c082f3581f2d,,67,registro existente em supabase_migrations.schema_migrations,created_by=la.tecnology.system@gmail.com; statement_count=1
remote_only,,,20260303013138,normalize_telefone_unique_index,registro_remoto_sem_par_local_canonico,sem_par_local,,83e6684a331673b678e13efae978000e13a45e80909fb364a2cecbc0a6f367b6,,2831,registro existente em supabase_migrations.schema_migrations,created_by=la.tecnology.system@gmail.com; statement_count=1
remote_only,,,20260303034858,fallback_telefone_responsavel,registro_remoto_sem_par_local_canonico,sem_par_local,,e7309dfdc7b4eac34510acd1b01f213cd20951e26d10c89a2a640b9b751c6309,,1721,registro existente em supabase_migrations.schema_migrations,created_by=la.tecnology.system@gmail.com; statement_count=1
remote_only,,,20260303042611,fix_sync_aluno_to_leads_curso,registro_remoto_sem_par_local_canonico,sem_par_local,,4ad18609f51e6ca4e94cafed6f8ed0ff04a47a7e401eb74298953399c90013f4,,2784,registro existente em supabase_migrations.schema_migrations,created_by=la.tecnology.system@gmail.com; statement_count=1
remote_only,,,20260303205713,add_columns_dados_mensais,registro_remoto_sem_par_local_canonico,sem_par_local,,27aa79f757128fd2b6752459e24169c1851d90312f9c7cd9e08136f44f74637f,,356,registro existente em supabase_migrations.schema_migrations,created_by=la.tecnology.system@gmail.com; statement_count=1
remote_only,,,20260303205959,rpc_fechar_dados_mensais,registro_remoto_sem_par_local_canonico,sem_par_local,,050b1e6a92befe7ee678dd09706503fbbdb2d66c6fe79bb53f53b41c84e9445c,,4770,registro existente em supabase_migrations.schema_migrations,created_by=la.tecnology.system@gmail.com; statement_count=1
remote_only,,,20260303210245,fix_rpc_fechar_dados_mensais,registro_remoto_sem_par_local_canonico,sem_par_local,,396adca8047a34b10e54987ebe73576fb9a1faca039ef77e5de1f83cbf318ea0,,4461,registro existente em supabase_migrations.schema_migrations,created_by=la.tecnology.system@gmail.com; statement_count=1
remote_only,,,20260303211906,add_emusys_presenca_sync,registro_remoto_sem_par_local_canonico,sem_par_local,,393f41dc2300789de1d7f01e520ada564aaa75e82ce9dc8c32ba50639440bdeb,,1572,registro existente em supabase_migrations.schema_migrations,created_by=la.tecnology.system@gmail.com; statement_count=1
remote_only,,,20260303211957,fix_rpc_include_aviso_previo,registro_remoto_sem_par_local_canonico,sem_par_local,,6647f1b8f91aa03cf826dac34fb4434dd8344e0200ad41867becefc2c321ad2a,,4637,registro existente em supabase_migrations.schema_migrations,created_by=la.tecnology.system@gmail.com; statement_count=1
remote_only,,,20260303212144,fix_aluno_presenca_professor_nullable,registro_remoto_sem_par_local_canonico,sem_par_local,,d8ec4854ef90a7d7191f026ff45b51090cab6dc4f60cbb07c1a680bd33693060,,196,registro existente em supabase_migrations.schema_migrations,created_by=la.tecnology.system@gmail.com; statement_count=1
remote_only,,,20260303222243,change_presenca_cron_to_weekly,registro_remoto_sem_par_local_canonico,sem_par_local,,d42402becf5f1a19173a27c5820f506a1be0d54c3b3413318dfd6444fd162bd7,,652,registro existente em supabase_migrations.schema_migrations,created_by=la.tecnology.system@gmail.com; statement_count=1
remote_only,,,20260304172845,add_external_lead_ids_for_dedup,registro_remoto_sem_par_local_canonico,sem_par_local,,3c55b09fa7d1b12d899d367c2860583649f87bb42941640b7ab1aa18948f2e92,,408,registro existente em supabase_migrations.schema_migrations,created_by=la.tecnology.system@gmail.com; statement_count=1
remote_only,,,20260304202159,evolucao_presenca_aulas_emusys,registro_remoto_sem_par_local_canonico,sem_par_local,,5b2d448aab46135e7d549a82971643fdf8d72b5a4d743b48006aba6df58fc500,,2579,registro existente em supabase_migrations.schema_migrations,created_by=la.tecnology.system@gmail.com; statement_count=1
remote_only,,,20260304202633,fix_presenca_unique_constraint,registro_remoto_sem_par_local_canonico,sem_par_local,,a804275fa90ad94c955ef43b8ed1bc3bf6f7b16bbdcf3996efe17b8b1db6d9e3,,368,registro existente em supabase_migrations.schema_migrations,created_by=la.tecnology.system@gmail.com; statement_count=1
remote_only,,,20260304234918,upsert_lead_rpc,registro_remoto_sem_par_local_canonico,sem_par_local,,9c576cfb64ff4f669c6d401b92626ba5bc77cbbfffd32e46739de9732a61f46b,,6346,registro existente em supabase_migrations.schema_migrations,created_by=la.tecnology.system@gmail.com; statement_count=1
remote_only,,,20260305003329,add_experimentais_to_sync_log,registro_remoto_sem_par_local_canonico,sem_par_local,,12c230f27b8c9ca6b06425e6874068d7c3bc86b384cb5a15eca20d1e9ac5934a,,139,registro existente em supabase_migrations.schema_migrations,created_by=la.tecnology.system@gmail.com; statement_count=1
remote_only,,,20260305005943,add_inativos_to_sync_log,registro_remoto_sem_par_local_canonico,sem_par_local,,6957be1faa991fdfff3db2598c0a2cc1f45c872c167ce82f17d64ea1fedeee30,,129,registro existente em supabase_migrations.schema_migrations,created_by=la.tecnology.system@gmail.com; statement_count=1
remote_only,,,20260305140853,add_canal_aliases_to_upsert_lead,registro_remoto_sem_par_local_canonico,sem_par_local,,a7480e1629a1737051a76907da28182379515b6156b0d7500cc07e1ed6e7ea54,,6757,registro existente em supabase_migrations.schema_migrations,created_by=la.tecnology.system@gmail.com; statement_count=1
remote_only,,,20260305142550,add_log_to_upsert_lead,registro_remoto_sem_par_local_canonico,sem_par_local,,822718dacc75174e1e0b843c9a74a7aaadc962685dd01a3fa7466fce8058d61b,,7736,registro existente em supabase_migrations.schema_migrations,created_by=la.tecnology.system@gmail.com; statement_count=1
remote_only,,,20260305145802,add_incomplete_data_flags_to_upsert_lead,registro_remoto_sem_par_local_canonico,sem_par_local,,7d4fdec5948290ef9223da03f70358734c6aba144f5642ebf9d54ecc749e941f,,7775,registro existente em supabase_migrations.schema_migrations,created_by=la.tecnology.system@gmail.com; statement_count=1
remote_only,,,20260305151105,fix_upsert_lead_null_nome,registro_remoto_sem_par_local_canonico,sem_par_local,,ef8ec657e9131ec7dd89bda73f5a7191f68aedceb71d3d75f0ef87a28b89b35f,,7810,registro existente em supabase_migrations.schema_migrations,created_by=la.tecnology.system@gmail.com; statement_count=1
remote_only,,,20260305152642,upsert_lead_tratar_nao_informado,registro_remoto_sem_par_local_canonico,sem_par_local,,4009fcb90af8b579e4e785180d367d3ee28edd8a0d3b9e8648310b8ddd7bdcda,,7953,registro existente em supabase_migrations.schema_migrations,created_by=la.tecnology.system@gmail.com; statement_count=1
remote_only,,,20260306034330,sync_lead_etapa_status,registro_remoto_sem_par_local_canonico,sem_par_local,,17ccfe0e4f510be1e6adecb3e225abe61b2c9c88c8c6a4bc85e1d3ece004eb1b,,6792,registro existente em supabase_migrations.schema_migrations,created_by=la.tecnology.system@gmail.com; statement_count=1
remote_only,,,20260306162735,fix_upsert_lead_timezone_brt,registro_remoto_sem_par_local_canonico,sem_par_local,,2931b0b9e755aaba9f3097f29069f2fc7897161fc1842e5f1c2f240b849cef27,,8057,registro existente em supabase_migrations.schema_migrations,created_by=la.tecnology.system@gmail.com; statement_count=1
remote_only,,,20260306214248,create_admin_inbox_tables,registro_remoto_sem_par_local_canonico,sem_par_local,,32192d131b089c59277509604e9c673692895dfbf42b97ad6b6b3d5d80779693,,3428,registro existente em supabase_migrations.schema_migrations,created_by=la.tecnology.system@gmail.com; statement_count=1
remote_only,,,20260306215839,add_admin_conversa_increment_rpc,registro_remoto_sem_par_local_canonico,sem_par_local,,e62cf78183269ebc0a12339a7f32db8acddafdea381d587a432441f2890aab55,,494,registro existente em supabase_migrations.schema_migrations,created_by=la.tecnology.system@gmail.com; statement_count=1
remote_only,,,20260306220834,add_administrativo_to_funcao_check,registro_remoto_sem_par_local_canonico,sem_par_local,,42bbb59217e88b150addd7360b965735e57c9ef2780cf10bde1315240fe3e503,,225,registro existente em supabase_migrations.schema_migrations,created_by=la.tecnology.system@gmail.com; statement_count=1
remote_only,,,20260306225707,add_unique_constraint_alunos_telefone_unidade_nome_curso,registro_remoto_sem_par_local_canonico,sem_par_local,,e528edb246562c4f0e092145d5413130304b3ca3398c650bed3aef0acaacbc80,,128,registro existente em supabase_migrations.schema_migrations,created_by=la.tecnology.system@gmail.com; statement_count=1
remote_only,,,20260306233809,fix_sync_aluno_to_leads_on_conflict,registro_remoto_sem_par_local_canonico,sem_par_local,,c1ac9ef04d94603778d26525c01b5ea2f7ea010128fde3f002f5980feea56053,,2855,registro existente em supabase_migrations.schema_migrations,created_by=la.tecnology.system@gmail.com; statement_count=1
remote_only,,,20260306233938,fix_sync_aluno_to_leads_on_conflict_v2,registro_remoto_sem_par_local_canonico,sem_par_local,,c2c235d1fd42f41de9f8324010e815e250ec31dd7d7bf2cb98fe740ebc4a0830,,2919,registro existente em supabase_migrations.schema_migrations,created_by=la.tecnology.system@gmail.com; statement_count=1
remote_only,,,20260306234458,admin_inbox_contatos_externos,registro_remoto_sem_par_local_canonico,sem_par_local,,fc56aacf18c427ef3d48f1cee7a98049623dc8ae1b8a658f98f9246f6b6d0dab,,1451,registro existente em supabase_migrations.schema_migrations,created_by=la.tecnology.system@gmail.com; statement_count=1
remote_only,,,20260307033712,admin_conversas_foto_perfil,registro_remoto_sem_par_local_canonico,sem_par_local,,30cbea1ddbbda2ed7e8da51f512fe8feff9bc67bf3d08e0cc7b9a7594272f28d,,60,registro existente em supabase_migrations.schema_migrations,created_by=la.tecnology.system@gmail.com; statement_count=1
remote_only,,,20260307043731,add_reacoes_admin_mensagens,registro_remoto_sem_par_local_canonico,sem_par_local,,230087a4754edd107acbe6c2705a5c23c4fb2cca1e9ece54556925079a5aa25d,,80,registro existente em supabase_migrations.schema_migrations,created_by=la.tecnology.system@gmail.com; statement_count=1
remote_only,,,20260309183403,add_warm_cron_enviar_mensagem_admin,registro_remoto_sem_par_local_canonico,sem_par_local,,9e24b71c51b10ac3e5b284e036e6019c307e3f42fea7b4adf82b00b07d462c04,,310,registro existente em supabase_migrations.schema_migrations,created_by=la.tecnology.system@gmail.com; statement_count=1
remote_only,,,20260309184141,fix_whatsapp_caixas_fk_on_delete_set_null,registro_remoto_sem_par_local_canonico,sem_par_local,,b8f97cb7235b12b2d66ea3e84842adedc14d3dac4e56152fd4b61d17eb3604b2,,530,registro existente em supabase_migrations.schema_migrations,created_by=la.tecnology.system@gmail.com; statement_count=1
remote_only,,,20260310191253,add_trigger_automacao_check_professor,registro_remoto_sem_par_local_canonico,sem_par_local,,c2b6b83099ad08e0c63f231151907158ec2853659de30c545e87295be39a1741,,803,registro existente em supabase_migrations.schema_migrations,created_by=la.tecnology.system@gmail.com; statement_count=1
remote_only,,,20260311181635,fix_trigger_sync_experimentais_professor_update,registro_remoto_sem_par_local_canonico,sem_par_local,,eed138c309a2206398359fa538e944977556c98757fc9f7c1ffe2a9f88b2c252,,4491,registro existente em supabase_migrations.schema_migrations,created_by=la.tecnology.system@gmail.com; statement_count=1
remote_only,,,20260311181658,fix_trigger_sync_experimentais_unidade_update,registro_remoto_sem_par_local_canonico,sem_par_local,,139c8804bb367fc6043996ed4ae111a385c01459f5e69b6e98ae966162343e95,,3785,registro existente em supabase_migrations.schema_migrations,created_by=la.tecnology.system@gmail.com; statement_count=1
remote_only,,,20260311181733,backfill_experimentais_professor_mensal,registro_remoto_sem_par_local_canonico,sem_par_local,,9daa58bf89f0904883f3192202c0455f9e35a034e4a82e8fddbeb3a48aa2fc29,,842,registro existente em supabase_migrations.schema_migrations,created_by=la.tecnology.system@gmail.com; statement_count=1
remote_only,,,20260311181949,backfill_experimentais_mensal_unidade,registro_remoto_sem_par_local_canonico,sem_par_local,,b44c89439a0290fe561a0a05524be4c0d464b6aba8d91215c48441ad57907262,,1033,registro existente em supabase_migrations.schema_migrations,created_by=la.tecnology.system@gmail.com; statement_count=1
remote_only,,,20260311225209,get_kpis_experimentais_professor,registro_remoto_sem_par_local_canonico,sem_par_local,,8c839d1a39d1e2e6b733fb10a335a082d0dde5f070675dd7d8eb02553f66fcea,,1490,registro existente em supabase_migrations.schema_migrations,created_by=la.tecnology.system@gmail.com; statement_count=1
remote_only,,,20260318154950,criar_modulo_campanhas,registro_remoto_sem_par_local_canonico,sem_par_local,,00dedeb6921ed64c1bb3d53e0d4921af3a8b6e10a44ae0216afa9b2c47f9bef9,,12353,registro existente em supabase_migrations.schema_migrations,created_by=la.tecnology.system@gmail.com; statement_count=1
remote_only,,,20260321154459,add_valores_brutos_fideliza,registro_remoto_sem_par_local_canonico,sem_par_local,,78478b19872d2b7be185db674f5040ea8485df973bc0430644eb9a672751ddeb,,9872,registro existente em supabase_migrations.schema_migrations,created_by=la.tecnology.system@gmail.com; statement_count=1
remote_only,,,20260402004002,create_aluno_contatos,registro_remoto_sem_par_local_canonico,sem_par_local,,9202bfe741f817caf00d0ba5ce2265d0c4fe4b25d84b90c6e662a7a4a9048c9b,,1827,registro existente em supabase_migrations.schema_migrations,created_by=la.tecnology.system@gmail.com; statement_count=1
remote_only,,,20260402004425,sync_aluno_contatos_trigger,registro_remoto_sem_par_local_canonico,sem_par_local,,2a7d22dded0c40e3a41cabf7a825773fc215600a416fd5ad03e2fb2b2c52c8f0,,2102,registro existente em supabase_migrations.schema_migrations,created_by=la.tecnology.system@gmail.com; statement_count=1
remote_only,,,20260402173219,bi_agent_lamusic,registro_remoto_sem_par_local_canonico,sem_par_local,,3c51bf8e7318ddc40b210c30894c0b27b6ba5eae28ce557471a22940adb64cf8,,6312,registro existente em supabase_migrations.schema_migrations,created_by=la.tecnology.system@gmail.com; statement_count=1
remote_only,,,20260409135815,add_foto_url_instagram_alunos,registro_remoto_sem_par_local_canonico,sem_par_local,,1efda022d5643a2cb8b78bf2bc0c8d6ac8da7fb669634e085988c550e26549ab,,126,registro existente em supabase_migrations.schema_migrations,created_by=la.tecnology.system@gmail.com; statement_count=1
remote_only,,,20260409142011,add_foto_url_to_views,registro_remoto_sem_par_local_canonico,sem_par_local,,ab8b2a423ec55f3aaf28ed9337467f976ac5977302cb35bd2e9fcd0c5ddc0163,,2282,registro existente em supabase_migrations.schema_migrations,created_by=la.tecnology.system@gmail.com; statement_count=1
remote_only,,,20260409212156,upsert_lead_relaxar_telefone_emusys,registro_remoto_sem_par_local_canonico,sem_par_local,,989a8d954f0941c46269492d90d3a81b38869f3302ae620373c14c04f1c04a13,,8872,registro existente em supabase_migrations.schema_migrations,created_by=la.tecnology.system@gmail.com; statement_count=1
remote_only,,,20260409221115,add_conta_score_professor_motivos_saida,registro_remoto_sem_par_local_canonico,sem_par_local,,f28dee97df46d4f8e72dc6264841c8004ef74e64eaef66d8dcdaffa6768d845e,,427,registro existente em supabase_migrations.schema_migrations,created_by=la.tecnology.system@gmail.com; statement_count=1
remote_only,,,20260410204532,fix_matriculas_mes_view_passaporte,registro_remoto_sem_par_local_canonico,sem_par_local,,bb12625696e270993cc80ac40176f3745f423669246d95b01175599b17081e8b,,10370,registro existente em supabase_migrations.schema_migrations,created_by=la.tecnology.system@gmail.com; statement_count=1
remote_only,,,20260413220114,fix_rpc_relatorio_coordenacao_por_periodo,registro_remoto_sem_par_local_canonico,sem_par_local,,df4926ffa4207698b043d1921f2b4c31c66668e7ec0a9b01e06e92de49f94b45,,23001,registro existente em supabase_migrations.schema_migrations,created_by=la.tecnology.system@gmail.com; statement_count=1
remote_only,,,20260414222628,create_rpc_get_kpis_professor_periodo,registro_remoto_sem_par_local_canonico,sem_par_local,,c018f500dc9305c8154934a4d4f53950c7a9116830cd48d264d41b46bd85a09c,,7420,registro existente em supabase_migrations.schema_migrations,created_by=la.tecnology.system@gmail.com; statement_count=1
remote_only,,,20260414222715,fix_rpc_get_kpis_professor_periodo_text_type,registro_remoto_sem_par_local_canonico,sem_par_local,,c294de8f585033c7142113a9cbf6d149765f80737df4a8ab5ab2783009f20783,,7196,registro existente em supabase_migrations.schema_migrations,created_by=la.tecnology.system@gmail.com; statement_count=1
remote_only,,,20260414235231,fix_matriculas_pos_exp_filtro,registro_remoto_sem_par_local_canonico,sem_par_local,,2a4c8f148685789ef9b32a8e58a4cd686f622f0ac64a80a11934c677ffdf857e,,16061,registro existente em supabase_migrations.schema_migrations,created_by=la.tecnology.system@gmail.com; statement_count=1
remote_only,,,20260416162724,audit_logs_triggers,registro_remoto_sem_par_local_canonico,sem_par_local,,a5c71ab36a3a9b857e4f3f38c7b029aba771246502990f1fecd4b2a48105a349,,3596,registro existente em supabase_migrations.schema_migrations,created_by=la.tecnology.system@gmail.com; statement_count=1
remote_only,,,20260422161816,add_token_quepasa_to_mila_config,registro_remoto_sem_par_local_canonico,sem_par_local,,d02b5a22a33aba818340a27bc6d3c112af376d551c5cd1abe436f6a4fd27c50e,,372,registro existente em supabase_migrations.schema_migrations,created_by=la.tecnology.system@gmail.com; statement_count=1
remote_only,,,20260423210749,fix_get_kpis_professor_periodo_filtro_experimentais,registro_remoto_sem_par_local_canonico,sem_par_local,,1ecee270914b321bf72d28cf7709d968b936fb404a32fa2c5b2d1e091371c5fe,,9637,registro existente em supabase_migrations.schema_migrations,created_by=la.tecnology.system@gmail.com; statement_count=1
remote_only,,,20260423213947,fn_audit_log_skip_touch_updates,registro_remoto_sem_par_local_canonico,sem_par_local,,b86c7b5885ed06330166c1688b7739f27a53e9b1763f2de82328f590c380bea4,,2239,registro existente em supabase_migrations.schema_migrations,created_by=la.tecnology.system@gmail.com; statement_count=1
remote_only,,,20260424154458,rpc_mila_check_disponibilidade_visita_horarios_sugeridos,registro_remoto_sem_par_local_canonico,sem_par_local,,80b369c17ccb6511b52468bf9180f4fc251b1f8ff69c2707ff0a94205ebb93e5,,4098,registro existente em supabase_migrations.schema_migrations,created_by=la.tecnology.system@gmail.com; statement_count=1
remote_only,,,20260430140829,fix_evasoes_score_null_nao_conta,registro_remoto_sem_par_local_canonico,sem_par_local,,42a1ac231b75572617da877b38a007c5dc7a047c04d9b86d774b0d5aa1619855,,8908,registro existente em supabase_migrations.schema_migrations,created_by=la.tecnology.system@gmail.com; statement_count=1
remote_only,,,20260430164210,add_optional_date_range_to_get_kpis_professor_periodo,registro_remoto_sem_par_local_canonico,sem_par_local,,ee47d6594072a6bcb35d3b44f216c682e3d3f427a9cbee2d234a0fc07b1a4e77,,9030,registro existente em supabase_migrations.schema_migrations,created_by=la.tecnology.system@gmail.com; statement_count=1
remote_only,,,20260430164239,drop_old_get_kpis_professor_periodo_overload,registro_remoto_sem_par_local_canonico,sem_par_local,,36162312a2bb646177786824c4daf463f70de20601e79dd50e45aa0d02d8b9b7,,107,registro existente em supabase_migrations.schema_migrations,created_by=la.tecnology.system@gmail.com; statement_count=1
remote_only,,,20260506160245,add_emusys_matricula_id_alunos,registro_remoto_sem_par_local_canonico,sem_par_local,,ed181de32ca8ed4f14a9584ab1ef1712d9a3e1ff6e63918379d3991d9a82163a,,524,registro existente em supabase_migrations.schema_migrations,created_by=la.tecnology.system@gmail.com; statement_count=1
remote_only,,,20260507140510,historico_ltv_passagens,registro_remoto_sem_par_local_canonico,sem_par_local,,37aab42178ebcda016283f44b9e17742d7db5c19e508775dbd9df992f7ef4eb6,,1650,registro existente em supabase_migrations.schema_migrations,created_by=la.tecnology.system@gmail.com; statement_count=1
remote_only,,,20260507140628,historico_ltv_aluno_ids_array,registro_remoto_sem_par_local_canonico,sem_par_local,,98bf23160e48516264b0459ada10421051261c312366440dd806a6cc4413c338,,674,registro existente em supabase_migrations.schema_migrations,created_by=la.tecnology.system@gmail.com; statement_count=1
remote_only,,,20260507140728,get_historico_ltv_rpc,registro_remoto_sem_par_local_canonico,sem_par_local,,771c937b1961ddafb02e460be316be1d7d6d929b2f7864ddb11e546862842d72,,5208,registro existente em supabase_migrations.schema_migrations,created_by=la.tecnology.system@gmail.com; statement_count=1
remote_only,,,20260507160256,get_tempo_permanencia_wrapper,registro_remoto_sem_par_local_canonico,sem_par_local,,2f1b368638543970348dc376983977301ca453e968b1c0faf545a641db16a8be,,1494,registro existente em supabase_migrations.schema_migrations,created_by=la.tecnology.system@gmail.com; statement_count=1
remote_only,,,20260508013613,create_vw_turmas_professor_periodo,registro_remoto_sem_par_local_canonico,sem_par_local,,bbcf7e6b703d525fe06720f5c894c26b855ce2bddbedb2e0dc223629f58e6028,,1671,registro existente em supabase_migrations.schema_migrations,created_by=la.tecnology.system@gmail.com; statement_count=1
remote_only,,,20260508015806,rpc_kpis_professor_expoe_total_turmas_alunos_via_turmas,registro_remoto_sem_par_local_canonico,sem_par_local,,02537541c7eeafe1ce1f31d3b81c4631308d6c3f96f3ddbb8a2e9a4f5b190408,,9657,registro existente em supabase_migrations.schema_migrations,created_by=la.tecnology.system@gmail.com; statement_count=1
remote_only,,,20260508020512,turma_chave_composta_e_unidades_prof_completas,registro_remoto_sem_par_local_canonico,sem_par_local,,277a03e30e639bd104950ad6ecd6d04a392fcdbb0339ead0ff57b76857aae400,,12641,registro existente em supabase_migrations.schema_migrations,created_by=la.tecnology.system@gmail.com; statement_count=1
remote_only,,,20260514155445,add_atendimento_horario_to_visitas_config,registro_remoto_sem_par_local_canonico,sem_par_local,,7e8c0b368e578ecb988aab28139b85ea8fcca102d2dcb1237fac9abb41c74f21,,322,registro existente em supabase_migrations.schema_migrations,created_by=la.tecnology.system@gmail.com; statement_count=1
remote_only,,,20260515195649,fix_turmas_calc_usar_carteira_nao_presenca,registro_remoto_sem_par_local_canonico,sem_par_local,,4ad5f86dc7724d5efdaaef8e7c1a09a7e6d0da64185931703d9bca6b9ed8fbf4,,9901,registro existente em supabase_migrations.schema_migrations,created_by=la.tecnology.system@gmail.com; statement_count=1
remote_only,,,20260515201342,fix_turmas_calc_somente_alunos_ativos,registro_remoto_sem_par_local_canonico,sem_par_local,,9e83ebf7960f79c7b6c485c3985d2a72d174045e1f06a439eb0f40ec315ad335,,9725,registro existente em supabase_migrations.schema_migrations,created_by=la.tecnology.system@gmail.com; statement_count=1
remote_only,,,20260515201744,fix_carteira_somente_ativos,registro_remoto_sem_par_local_canonico,sem_par_local,,ac3194f7f750c9aedbea1e5c6f4c3378ae163e27ceec209a6c5fbdd3e428c78a,,9601,registro existente em supabase_migrations.schema_migrations,created_by=la.tecnology.system@gmail.com; statement_count=1
remote_only,,,20260515202411,normalizar_dia_aula_remover_feira,registro_remoto_sem_par_local_canonico,sem_par_local,,ddd18946aa4449c2b86a99abee5062ffe131ea712c55f2d3fcbb6a662607c83f,,91,registro existente em supabase_migrations.schema_migrations,created_by=la.tecnology.system@gmail.com; statement_count=1
remote_only,,,20260515222653,get_carteira_professores,registro_remoto_sem_par_local_canonico,sem_par_local,,e5b936fd5c962454870d59516c2c70d7a7c4f261d56e423e178d22a3a4108da9,,3583,registro existente em supabase_migrations.schema_migrations,created_by=la.tecnology.system@gmail.com; statement_count=1
remote_only,,,20260515222714,get_carteira_professores_v2,registro_remoto_sem_par_local_canonico,sem_par_local,,66483b352ffb8ac4b2ee54532e32935ca138d36d072fced70eb7cf151be58ca8,,3150,registro existente em supabase_migrations.schema_migrations,created_by=la.tecnology.system@gmail.com; statement_count=1
remote_only,,,20260519180850,create_anamnese_tables,registro_remoto_sem_par_local_canonico,sem_par_local,,c0a2a9a14564364891c3f1423a63305ee403bb75e2cad298e86cd56c1d38f289,,6308,registro existente em supabase_migrations.schema_migrations,created_by=la.tecnology.system@gmail.com; statement_count=1
remote_only,,,20260519223131,anamnese_share_token_e_rpc_publica,registro_remoto_sem_par_local_canonico,sem_par_local,,035adf20d0e2bb7b730300e3e446068e7aae016a848bbc17769f336b32e09ff9,,4213,registro existente em supabase_migrations.schema_migrations,created_by=la.tecnology.system@gmail.com; statement_count=1
remote_only,,,20260519224605,fix_get_anamnese_publica_data_nascimento,registro_remoto_sem_par_local_canonico,sem_par_local,,00d304bb6750f19f163875ac0de76f1b20ff8ab70815b4dafe97cae37fc1db7d,,3509,registro existente em supabase_migrations.schema_migrations,created_by=la.tecnology.system@gmail.com; statement_count=1
remote_only,,,20260520125903,enable_pg_trgm_extension,registro_remoto_sem_par_local_canonico,sem_par_local,,134cea38a8b0011349918668c630aa5cabbbe63f6210815b5692d8ba3ff1dced,,89,registro existente em supabase_migrations.schema_migrations,created_by=la.tecnology.system@gmail.com; statement_count=1
remote_only,,,20260520125913,loja_estoque_unique_constraint,registro_remoto_sem_par_local_canonico,sem_par_local,,f03b2160996356583c8b4f9eabfe23080c3c8c05daf8b8fdd86159d0ab43e127,,247,registro existente em supabase_migrations.schema_migrations,created_by=la.tecnology.system@gmail.com; statement_count=1
remote_only,,,20260520184211,loja_sp_registrar_venda,registro_remoto_sem_par_local_canonico,sem_par_local,,abccaa27d5bc4a3d329ddce5e8e9665a86036ac0b6113f537d90cd4b15798c45,,5517,registro existente em supabase_migrations.schema_migrations,created_by=la.tecnology.system@gmail.com; statement_count=1
remote_only,,,20260520184216,loja_sp_registrar_entrada,registro_remoto_sem_par_local_canonico,sem_par_local,,a13682f28547e356191702684f655d95a6a595e58400c9c221bb1d0fc71cfc7a,,1495,registro existente em supabase_migrations.schema_migrations,created_by=la.tecnology.system@gmail.com; statement_count=1
remote_only,,,20260520184222,loja_sp_ajustar_estoque,registro_remoto_sem_par_local_canonico,sem_par_local,,2dc9b8a4252a59055ee2760674684b2e2445961c1fb9b1404c7ecfe50f4bad51,,1987,registro existente em supabase_migrations.schema_migrations,created_by=la.tecnology.system@gmail.com; statement_count=1
remote_only,,,20260520184228,loja_sp_buscar_produto_fuzzy,registro_remoto_sem_par_local_canonico,sem_par_local,,7d8f28f708d91204671d69602e766a0f93ded444eba40f8b949f6d7b70e60d22,,749,registro existente em supabase_migrations.schema_migrations,created_by=la.tecnology.system@gmail.com; statement_count=1
remote_only,,,20260520184400,loja_sp_registrar_venda_fix_tipo_cliente,registro_remoto_sem_par_local_canonico,sem_par_local,,22712395c36b6450cbde4d20389522288c66b8b96c56c4f9c6e25033d004e65a,,5516,registro existente em supabase_migrations.schema_migrations,created_by=la.tecnology.system@gmail.com; statement_count=1
remote_only,,,20260520191813,create_professores_sync_log,registro_remoto_sem_par_local_canonico,sem_par_local,,55fd4ddbbe5d5bdbdebef15d961a008f7ce64a2f4f6070580f4b86908a1f4753,,1165,registro existente em supabase_migrations.schema_migrations,created_by=la.tecnology.system@gmail.com; statement_count=1
remote_only,,,20260520225857,loja_sp_registrar_venda_v2,registro_remoto_sem_par_local_canonico,sem_par_local,,c8e9a1df677ca6aa42cfa4f32d8e4b965c66c60873d3970cb4eab8a0cd4b122b,,8979,registro existente em supabase_migrations.schema_migrations,created_by=la.tecnology.system@gmail.com; statement_count=1
remote_only,,,20260520230048,loja_sp_registrar_entrada_v2,registro_remoto_sem_par_local_canonico,sem_par_local,,c490529a67cba95603e81473dc6a2b092b28c0fb3444e74faa6470240e9bd3ef,,3470,registro existente em supabase_migrations.schema_migrations,created_by=la.tecnology.system@gmail.com; statement_count=1
remote_only,,,20260520231109,loja_mov_tipo_transferencia,registro_remoto_sem_par_local_canonico,sem_par_local,,7fd4798651dda35ff5b6e6d345bc95fa529c4cf7be5c39c397ac328d067dd6ba,,304,registro existente em supabase_migrations.schema_migrations,created_by=la.tecnology.system@gmail.com; statement_count=1
remote_only,,,20260520231155,loja_sp_transferir_estoque,registro_remoto_sem_par_local_canonico,sem_par_local,,7219da4b43be26188cd0c2cae21c6bdb8e43696b393e95a566efa02e5ee78c85,,4513,registro existente em supabase_migrations.schema_migrations,created_by=la.tecnology.system@gmail.com; statement_count=1
remote_only,,,20260520231411,loja_sp_transferir_estoque_v2,registro_remoto_sem_par_local_canonico,sem_par_local,,3a11bee549b1c813ffe3dc840464686b2449a7a7e0f5bcfd0d01cc5837c7ebf4,,4524,registro existente em supabase_migrations.schema_migrations,created_by=la.tecnology.system@gmail.com; statement_count=1
remote_only,,,20260520231514,loja_sp_transferir_estoque_v3,registro_remoto_sem_par_local_canonico,sem_par_local,,a7780f6b2ab7897eb6544d25fcfbce48b560404abdd88890c9070b3bec2ff5a9,,4259,registro existente em supabase_migrations.schema_migrations,created_by=la.tecnology.system@gmail.com; statement_count=1
remote_only,,,20260520231542,loja_mov_tipo_varchar30,registro_remoto_sem_par_local_canonico,sem_par_local,,00704be611ba8f81ddb6653573096ce0404cf5956d39baa59f0424f82f7ee002,,148,registro existente em supabase_migrations.schema_migrations,created_by=la.tecnology.system@gmail.com; statement_count=1
remote_only,,,20260520232806,loja_reservas_table,registro_remoto_sem_par_local_canonico,sem_par_local,,948665028baf7b79277fadd854655fe2eb139151573910677b6923aa924346b3,,1090,registro existente em supabase_migrations.schema_migrations,created_by=la.tecnology.system@gmail.com; statement_count=1
remote_only,,,20260520232831,loja_fn_estoque_disponivel,registro_remoto_sem_par_local_canonico,sem_par_local,,f279795182187981bd1c47e56a471fe9e819cc9687111ac403e4829d01c0e632,,683,registro existente em supabase_migrations.schema_migrations,created_by=la.tecnology.system@gmail.com; statement_count=1
remote_only,,,20260520232842,loja_buscar_produto_fuzzy_v2,registro_remoto_sem_par_local_canonico,sem_par_local,,01fa5b5b9a1c00a783f5f99bdf188d5539f2117e7325de3a98f64433f3e5c40d,,735,registro existente em supabase_migrations.schema_migrations,created_by=la.tecnology.system@gmail.com; statement_count=1
remote_only,,,20260520232947,loja_sp_estornar_venda,registro_remoto_sem_par_local_canonico,sem_par_local,,6106016eb89ae24d18c768844b6778e73c4234a24d11eb8fe4662fcf3b952e32,,4697,registro existente em supabase_migrations.schema_migrations,created_by=la.tecnology.system@gmail.com; statement_count=1
remote_only,,,20260520233350,loja_sp_estornar_venda_v2,registro_remoto_sem_par_local_canonico,sem_par_local,,5dd6bcdc5c9fbf5d7895db8ca4186c89917cbb43b9bea403476e2243ee931e72,,4199,registro existente em supabase_migrations.schema_migrations,created_by=la.tecnology.system@gmail.com; statement_count=1
remote_only,,,20260520233443,loja_sp_estornar_venda_v3,registro_remoto_sem_par_local_canonico,sem_par_local,,71506ce377cb63bf8d6b338fd3e6321bc6794656d5736cb5af726d359e8a5dd2,,4200,registro existente em supabase_migrations.schema_migrations,created_by=la.tecnology.system@gmail.com; statement_count=1
remote_only,,,20260521003725,create_sincronizar_grade_horaria_alunos,registro_remoto_sem_par_local_canonico,sem_par_local,,1c42b765f7a457235e78fb93f0475ca92582c79ad22c65e2811cbc675ccd96a8,,2842,registro existente em supabase_migrations.schema_migrations,created_by=la.tecnology.system@gmail.com; statement_count=1
remote_only,,,20260521155929,create_inventario_pendencias,registro_remoto_sem_par_local_canonico,sem_par_local,,c67c60f7a40b2a95c1e4c65b7db2c432b34398b81e528e6747193073276604c7,,2316,registro existente em supabase_migrations.schema_migrations,created_by=la.tecnology.system@gmail.com; statement_count=1
remote_only,,,20260522071702,create_lume_readonly_role,registro_remoto_sem_par_local_canonico,sem_par_local,,6f03c1779efcbdfbd1185d42121a5bd6bc386cd887bc1f15cc27455e01311fed,,461,registro existente em supabase_migrations.schema_migrations,created_by=la.tecnology.system@gmail.com; statement_count=1
remote_only,,,20260525201131,upsert_lead_align_data_contato_on_update,registro_remoto_sem_par_local_canonico,sem_par_local,,2262513c9e2607604ed9a79483539c97ab94a16765b5e286c899187d23d1c394,,8505,registro existente em supabase_migrations.schema_migrations,created_by=la.tecnology.system@gmail.com; statement_count=1
remote_only,,,20260525201659,drop_legacy_upsert_lead_overload,registro_remoto_sem_par_local_canonico,sem_par_local,,acc1afdf2f27988a16202337eb2a06028ed7900dcad3ca3c37f6f821b08c11af,,109,registro existente em supabase_migrations.schema_migrations,created_by=la.tecnology.system@gmail.com; statement_count=1
remote_only,,,20260526161753,alter_alunos_historico_tempo_permanencia_numeric,registro_remoto_sem_par_local_canonico,sem_par_local,,f567f86a735a2fea128b8028e132f0e51cbf342974fa4e7a470adef005b1fd5c,,22223,registro existente em supabase_migrations.schema_migrations,created_by=la.tecnology.system@gmail.com; statement_count=1
remote_only,,,20260526163559,registrar_experimental_guard_status_convertido,registro_remoto_sem_par_local_canonico,sem_par_local,,d2c409fbefbb3f9c5d0e7b550ca87f199ead0cbb5b1aaeb97ff5b5cf93c63738,,8330,registro existente em supabase_migrations.schema_migrations,created_by=la.tecnology.system@gmail.com; statement_count=1
remote_only,,,20260527020742,sol_agent_bi_messages_queue,registro_remoto_sem_par_local_canonico,sem_par_local,,7312d62a5dce120696a54d257118ee468d459b65a827dcb095a0342d98cebe86,,586,registro existente em supabase_migrations.schema_migrations,created_by=la.tecnology.system@gmail.com; statement_count=1
remote_only,,,20260527021852,sol_agent_conversations_queue_v2,registro_remoto_sem_par_local_canonico,sem_par_local,,6d6d4b985375df56b1ca0a50eafa852f80e62cc45a3744be532720cc5e4b21e7,,4052,registro existente em supabase_migrations.schema_migrations,created_by=la.tecnology.system@gmail.com; statement_count=1
remote_only,,,20260527022847,sol_fix_conversation_autofill_user_id,registro_remoto_sem_par_local_canonico,sem_par_local,,386193ede73fdb76dbd4b6712d18e602a1a1393ef989b2376f4be1cbc3119403,,436,registro existente em supabase_migrations.schema_migrations,created_by=la.tecnology.system@gmail.com; statement_count=1
remote_only,,,20260527023204,sol_fix_bi_messages_updated_at_column,registro_remoto_sem_par_local_canonico,sem_par_local,,89a39631f40a831da0810981223c4258fabe55730baaa78b704db52b6d4bf2b7,,112,registro existente em supabase_migrations.schema_migrations,created_by=la.tecnology.system@gmail.com; statement_count=1
remote_only,,,20260527025538,sol_create_bi_ai_query_playbooks,registro_remoto_sem_par_local_canonico,sem_par_local,,431a2f8efcf36652b2a80757da9fe505d44237d48c246ff7cde50d97905152cf,,2504,registro existente em supabase_migrations.schema_migrations,created_by=la.tecnology.system@gmail.com; statement_count=1
remote_only,,,20260527035120,lume_readonly_rls_select_policies,registro_remoto_sem_par_local_canonico,sem_par_local,,bd607a27224a446593a5ed152baa60361e01e2cd2020b922953b4b2fbaa43668,,1280,registro existente em supabase_migrations.schema_migrations,created_by=la.tecnology.system@gmail.com; statement_count=1
remote_only,,,20260527145039,bi_uploads_storage_rls_policies,registro_remoto_sem_par_local_canonico,sem_par_local,,cfa36ceef8263ce52fc79f75abe5f8b5df0a47235e5f0dfd5d3c64957e1e83c5,,263,registro existente em supabase_migrations.schema_migrations,created_by=la.tecnology.system@gmail.com; statement_count=1
remote_only,,,20260527233452,criar_fila_relatorios_whatsapp,registro_remoto_sem_par_local_canonico,sem_par_local,,9e9cb351e201b2b0cce0d9244e9814f3dda8d55ad5e7916757b222b9aa507e68,,900,registro existente em supabase_migrations.schema_migrations,created_by=la.tecnology.system@gmail.com; statement_count=1
remote_only,,,20260529172934,whatsapp_caixas_provedor,registro_remoto_sem_par_local_canonico,sem_par_local,,bdbffcc5dddd533c404f444996d506dce6b1e26633757e235915719cd244dc30,,476,registro existente em supabase_migrations.schema_migrations,created_by=la.tecnology.system@gmail.com; statement_count=1
remote_only,,,20260529193101,add_waha_api_key_to_whatsapp_caixas,registro_remoto_sem_par_local_canonico,sem_par_local,,40bfb520791edc5d40946d0cafd57954ce45541dbb3bcfb6a5c422c904097888,,84,registro existente em supabase_migrations.schema_migrations,created_by=la.tecnology.system@gmail.com; statement_count=1
remote_only,,,20260529200421,rpc_toggle_relatorio_cron,registro_remoto_sem_par_local_canonico,sem_par_local,,a31e56f2b51f64c03ae224f016ead7903c1d368222601dcd712c8cdafa0a7bb2,,435,registro existente em supabase_migrations.schema_migrations,created_by=la.tecnology.system@gmail.com; statement_count=1
remote_only,,,20260531182836,recalcular_dados_mensais_v2,registro_remoto_sem_par_local_canonico,sem_par_local,,cdd297bd346a24225f117ca6e5ac73649c439f9a8c9cb97e05afbf0cd9c83d12,,6320,registro existente em supabase_migrations.schema_migrations,created_by=la.tecnology.system@gmail.com; statement_count=1
remote_only,,,20260601222202,separar_banda_de_segundo_curso,registro_remoto_sem_par_local_canonico,sem_par_local,,984533231d2d5c6e156f6e0e98c522c7cfe0fa3145f7b200a1f1cff78a0ee90a,,802,registro existente em supabase_migrations.schema_migrations,created_by=la.tecnology.system@gmail.com; statement_count=1
remote_only,,,20260602224032,fix_bolsistas_exclui_banda_e_segundo_curso,registro_remoto_sem_par_local_canonico,sem_par_local,,e3715dc2f756fe0df4e2d02212d77ff114a4fa88ba02fe1f1a78e00909b3774f,,9583,registro existente em supabase_migrations.schema_migrations,created_by=la.tecnology.system@gmail.com; statement_count=1
remote_only,,,20260602233940,promover_segundo_curso_para_principal,registro_remoto_sem_par_local_canonico,sem_par_local,,1f686b6229d763adc6654ef69bd3c10a6e986769359c703c4226198864dea189,,513,registro existente em supabase_migrations.schema_migrations,created_by=la.tecnology.system@gmail.com; statement_count=1
remote_only,,,20260602234336,reverter_promocao_segundo_curso,registro_remoto_sem_par_local_canonico,sem_par_local,,2f65819cb1fa0f20a96d05c85be5db4618073c46819164c2dd10f2a026e0aa19,,855,registro existente em supabase_migrations.schema_migrations,created_by=la.tecnology.system@gmail.com; statement_count=1
remote_only,,,20260603162316,anamnese_busca_e_vinculo_manual,registro_remoto_sem_par_local_canonico,sem_par_local,,7cd310a6c090d069330fa09ba59b80428177ab7b700182fc12f92d27e3a32bd7,,4221,registro existente em supabase_migrations.schema_migrations,created_by=contatosalf@gmail.com; statement_count=1
remote_only,,,20260603162357,fix_buscar_anamneses_pendentes_ambiguidade,registro_remoto_sem_par_local_canonico,sem_par_local,,8842dcd358f9579ff0dfb2d6b83fad4282286392731db1ea13040d24f0d2a469,,1982,registro existente em supabase_migrations.schema_migrations,created_by=contatosalf@gmail.com; statement_count=1
remote_only,,,20260603162613,trg_aluno_ativo_sem_data_saida,registro_remoto_sem_par_local_canonico,sem_par_local,,a0e8ec0ca173f5d9e10fc8e8ef510d05f37c668a105356515e23e95bac38e177,,648,registro existente em supabase_migrations.schema_migrations,created_by=la.tecnology.system@gmail.com; statement_count=1
remote_only,,,20260605211357,add_lead_origem_id_to_alunos,registro_remoto_sem_par_local_canonico,sem_par_local,,3038ed648e886dc723e8a36973b98688907bf2faba4b84a24260556c31ac903e,,190,registro existente em supabase_migrations.schema_migrations,created_by=la.tecnology.system@gmail.com; statement_count=1
remote_only,,,20260606143031,corrigir_ticket_medio_por_pessoa,registro_remoto_sem_par_local_canonico,sem_par_local,,f6ef6de78eeb211c0114bd29032a71287161b03074c4fa0ccf427de48b0da21f,,10092,registro existente em supabase_migrations.schema_migrations,created_by=la.tecnology.system@gmail.com; statement_count=1
remote_only,,,20260607192438,p00_governanca_competencia_mensal_fase1,registro_remoto_sem_par_local_canonico,sem_par_local,,d653c69f9a393a95ff3b97762641b2d14b8edfd1c4fcc4caf29fcf06e4d121dd,,16137,registro existente em supabase_migrations.schema_migrations,created_by=la.tecnology.system@gmail.com; statement_count=1
remote_only,,,20260607205515,p00_governanca_competencia_mensal_fase2b_wrappers_alfredo_final,registro_remoto_sem_par_local_canonico,sem_par_local,,f1c909d4bc4ebfad7e9f5c61038097f99934c0c53b680fa3c80ff45900d29d7c,,15796,registro existente em supabase_migrations.schema_migrations,created_by=la.tecnology.system@gmail.com; statement_count=1
remote_only,,,20260607220311,p00_fluxo_seguro_arquivar_vinculo_aluno,registro_remoto_sem_par_local_canonico,sem_par_local,,e1277a3a9bdf7c056cb7ebee6f850d3c1d30d3474340db5f8f75608efac21619,,2856,registro existente em supabase_migrations.schema_migrations,created_by=la.tecnology.system@gmail.com; statement_count=1
remote_only,,,20260609032441,p01g_fonte_canonica_kpis_alunos_relatorios,registro_remoto_sem_par_local_canonico,sem_par_local,,1abecfd178418842ec4cf82180cd42b739b7c284de456286e932279ad20ec8dc,,26651,registro existente em supabase_migrations.schema_migrations,created_by=la.tecnology.system@gmail.com; statement_count=1
remote_only,,,20260609160756,20260609_p01q_financeiro_vivo_canonico_rpc,registro_remoto_sem_par_local_canonico,sem_par_local,,c2e0a59577b7040d057ffd50a7be20d96e3171e25ceeab1cdca500dcc1b3050b,,11709,registro existente em supabase_migrations.schema_migrations,created_by=la.tecnology.system@gmail.com; statement_count=1
remote_only,,,20260609164106,p01r_reajuste_medio_canonico_rpc,registro_remoto_sem_par_local_canonico,sem_par_local,,b7069bd2fdfa32b0bdec632d16bd45d2ce550bfc8008b9667b57292e8ea10465,,7527,registro existente em supabase_migrations.schema_migrations,created_by=la.tecnology.system@gmail.com; statement_count=1
remote_only,,,20260609200811,p01s_materializar_retencao_movimentacoes,registro_remoto_sem_par_local_canonico,sem_par_local,,3c6bcdc112592743a548d9e878b9f6fd980c30dec0de90d3fa661eaf5f3d4b78,,3305,registro existente em supabase_migrations.schema_migrations,created_by=la.tecnology.system@gmail.com; statement_count=1
remote_only,,,20260610011928,20260609_p01t_breakdown_bolsistas_segundo_curso_rpc,registro_remoto_sem_par_local_canonico,sem_par_local,,49b0607e9ceed35b2723f576b4e82f6374acd3ab56e13e096466ebb74bc527b5,,12725,registro existente em supabase_migrations.schema_migrations,created_by=la.tecnology.system@gmail.com; statement_count=1
remote_only,,,20260610022742,20260609_p01u_renovacoes_antecipadas_competencia,registro_remoto_sem_par_local_canonico,sem_par_local,,863201229bd4df7ee7ffef33a8424fc3dc69e06018775a339681d04c745987a0,,4101,registro existente em supabase_migrations.schema_migrations,created_by=la.tecnology.system@gmail.com; statement_count=1
remote_only,,,20260610024735,grade_horaria_por_curso,registro_remoto_sem_par_local_canonico,sem_par_local,,1cbc90918af75ddd62a281ca783edcdcf3e98089ecdc6a85ffffa7ae45b63767,,4223,registro existente em supabase_migrations.schema_migrations,created_by=la.tecnology.system@gmail.com; statement_count=1
remote_only,,,20260610045052,caixa_diario_cofre_admin_fase1,registro_remoto_sem_par_local_canonico,sem_par_local,,2f6bdc2f9b36dffa065890bde0c17b4aa473e447e5e4f2d9075bfb47a5103762,,9185,registro existente em supabase_migrations.schema_migrations,created_by=la.tecnology.system@gmail.com; statement_count=1
remote_only,,,20260610134155,caixa_reabertura_auditada,registro_remoto_sem_par_local_canonico,sem_par_local,,0231ae44657fff0024133d77e94cdcf1e96510b76eb0bcae0d0700a0257a6185,,4954,registro existente em supabase_migrations.schema_migrations,created_by=la.tecnology.system@gmail.com; statement_count=1
remote_only,,,20260610161110,caixa_categorias_persistentes,registro_remoto_sem_par_local_canonico,sem_par_local,,16d394539089bd5f90967c82b1063180a1de23f185eb217cf602d9a7e1210e3b,,4053,registro existente em supabase_migrations.schema_migrations,created_by=la.tecnology.system@gmail.com; statement_count=1
remote_only,,,20260610175028,caixa_movimentacoes_detalhe_cartao,registro_remoto_sem_par_local_canonico,sem_par_local,,2c184c6443ed9519022bfad0c6a3af8295e163fb49650d9f6d548a3959d80ff1,,1606,registro existente em supabase_migrations.schema_migrations,created_by=la.tecnology.system@gmail.com; statement_count=1
remote_only,,,20260612122002,inventario_unique_nome_sala_ativo,registro_remoto_sem_par_local_canonico,sem_par_local,,83da3f2e2b3d98aa0477bdf5bfba1e24f4caabd7e16fb92e651fb99a730b9199,,405,registro existente em supabase_migrations.schema_migrations,created_by=contatosalf@gmail.com; statement_count=1
remote_only,,,20260612211031,admin_conversas_unidade_id_nullable,registro_remoto_sem_par_local_canonico,sem_par_local,,b496653aba4f972b4ee76c1705844371aa17865b91cce2210a6fc3bdfc866fab,,336,registro existente em supabase_migrations.schema_migrations,created_by=la.tecnology.system@gmail.com; statement_count=1
remote_only,,,20260612215002,admin_caixas_departamento,registro_remoto_sem_par_local_canonico,sem_par_local,,02d6307d7b2e4655c911600956e8ffb50611e039dd6ba55e799988dccb254dbe,,1751,registro existente em supabase_migrations.schema_migrations,created_by=la.tecnology.system@gmail.com; statement_count=1
remote_only,,,20260614204518,p02e1_comercial_canonicos_v2_prod,registro_remoto_sem_par_local_canonico,sem_par_local,,14c4ca5889dfde904ebafa2280dd099efea3cc2d05c4ce81fcfdb102ce052674,,15296,registro existente em supabase_migrations.schema_migrations,created_by=la.tecnology.system@gmail.com; statement_count=1
remote_only,,,20260614204922,p02e1_restringe_execute_rpc_comercial_v2,registro_remoto_sem_par_local_canonico,sem_par_local,,5c442257d805af64dd6d814e83ab150cfc4707f360614e6a63e36512ed0bb485,,362,registro existente em supabase_migrations.schema_migrations,created_by=la.tecnology.system@gmail.com; statement_count=1
remote_only,,,20260615233649,create_get_faltas_periodo,registro_remoto_sem_par_local_canonico,sem_par_local,,9f74111d360957cfe65684db87fce8808ed510eb11463f0d5825e3a7858540a1,,2220,registro existente em supabase_migrations.schema_migrations,created_by=la.tecnology.system@gmail.com; statement_count=1
remote_only,,,20260615234737,faltas_periodo_exclui_projeto_banda,registro_remoto_sem_par_local_canonico,sem_par_local,,3257af137293bdaed6dc89b871ca71b1b6c6326d17a7dd328e63999027048d4c,,2216,registro existente em supabase_migrations.schema_migrations,created_by=la.tecnology.system@gmail.com; statement_count=1
remote_only,,,20260615235041,faltas_periodo_inclui_banda_com_flag,registro_remoto_sem_par_local_canonico,sem_par_local,,f09ee251ca0041864ae9e8b10e083584e83900c5d66ad8bf97feb9d633091ddb,,2096,registro existente em supabase_migrations.schema_migrations,created_by=la.tecnology.system@gmail.com; statement_count=1
remote_only,,,20260616012934,fila_relatorios_whatsapp_unique_dia_v3,registro_remoto_sem_par_local_canonico,sem_par_local,,9807fc2172d47dad42c2dc6f9f84eac776f365a36018b5425ee63db3b05baea5,,710,registro existente em supabase_migrations.schema_migrations,created_by=la.tecnology.system@gmail.com; statement_count=1
remote_only,,,20260616015433,fn_buscar_video_professor_boas_vindas,registro_remoto_sem_par_local_canonico,sem_par_local,,c6601f1fcee57a35f65549088275035174251d186ee8e997d38d8718dea02857,,553,registro existente em supabase_migrations.schema_migrations,created_by=la.tecnology.system@gmail.com; statement_count=1
remote_only,,,20260616022629,boas_vindas_enviadas_idempotencia,registro_remoto_sem_par_local_canonico,sem_par_local,,a0aadd539ab0de72b484ed8bd8da91c37dc7e3d5a3c48cf1e984577f07774346,,726,registro existente em supabase_migrations.schema_migrations,created_by=la.tecnology.system@gmail.com; statement_count=1
remote_only,,,20260616173144,excluir_atividades_extras_retencao,registro_remoto_sem_par_local_canonico,sem_par_local,,eb05e2e0339007e9215441d325e01205bac06396e2d104d2635bdb73fad6e37f,,6771,registro existente em supabase_migrations.schema_migrations,created_by=la.tecnology.system@gmail.com; statement_count=1
remote_only,,,20260616210014,corrigir_rpc_kpis_alunos_extras_retencao,registro_remoto_sem_par_local_canonico,sem_par_local,,9846a4d275c6f27ace7b1efdc97e6e10e9f00e9692626be9fdf7368cfb88d289,,20456,registro existente em supabase_migrations.schema_migrations,created_by=la.tecnology.system@gmail.com; statement_count=1
remote_only,,,20260616213502,corrigir_fechamento_mensal_extras_retencao,registro_remoto_sem_par_local_canonico,sem_par_local,,160545349b047a3dca63fc5befc71e6916e76af064ff2f7a07e6ed1f88b4032e,,5561,registro existente em supabase_migrations.schema_migrations,created_by=la.tecnology.system@gmail.com; statement_count=1
remote_only,,,20260616213505,corrigir_fideliza_extras_retencao,registro_remoto_sem_par_local_canonico,sem_par_local,,ef7e868d1263d4b5e45a94dbb09a34bd001b392d6b556701eb79f12d9ede18de,,10490,registro existente em supabase_migrations.schema_migrations,created_by=la.tecnology.system@gmail.com; statement_count=1
remote_only,,,20260616214300,hardening_atividades_extras_metricas_legadas,registro_remoto_sem_par_local_canonico,sem_par_local,,d7b1495e02fecd71a4a33c4e271e8cb16bf3c075ea4c8afbafc0be891122e3ad,,116113,registro existente em supabase_migrations.schema_migrations,created_by=la.tecnology.system@gmail.com; statement_count=1
remote_only,,,20260616214400,fechar_sobras_legadas_atividades_extras,registro_remoto_sem_par_local_canonico,sem_par_local,,e1e578d16a56818fc6bc44d68698b8fd199bfe7e29bd1b85522a041c42effbda,,10371,registro existente em supabase_migrations.schema_migrations,created_by=la.tecnology.system@gmail.com; statement_count=1
remote_only,,,20260616214453,guard_trigger_retencao_atividades_extras,registro_remoto_sem_par_local_canonico,sem_par_local,,f88df452fb677435a619825f81e6c2747e602653b1e4b1f8507720f69aa30420,,2282,registro existente em supabase_migrations.schema_migrations,created_by=la.tecnology.system@gmail.com; statement_count=1
remote_only,,,20260618180508,crm_templates_whatsapp_add_contexto,registro_remoto_sem_par_local_canonico,sem_par_local,,c740bb13cc99b7bca91cd7b871b11c51835ee13de3f64158aab270fb38a25ef1,,400,registro existente em supabase_migrations.schema_migrations,created_by=la.tecnology.system@gmail.com; statement_count=1
remote_only,,,20260618212708,add_interativo_tipo_admin_mensagens,registro_remoto_sem_par_local_canonico,sem_par_local,,9599f8d7602753bfce69e3bcb79b26fd3dfb6b100f16d7af82820abf528e814a,,581,registro existente em supabase_migrations.schema_migrations,created_by=la.tecnology.system@gmail.com; statement_count=1
remote_only,,,20260618214158,pesquisas_whatsapp_e_rpc_candidatos,registro_remoto_sem_par_local_canonico,sem_par_local,,f99e80fd1518e2747a67845b90a4e5a25a0558b9e9008dfe6846b3a9a8799ccb,,3482,registro existente em supabase_migrations.schema_migrations,created_by=la.tecnology.system@gmail.com; statement_count=1
remote_only,,,20260619161526,add_deletada_to_admin_mensagens,registro_remoto_sem_par_local_canonico,sem_par_local,,64ca44bb7fdd77e3c427ca3983f26b7366a78cd51febe9407025c9330f005bd8,,93,registro existente em supabase_migrations.schema_migrations,created_by=la.tecnology.system@gmail.com; statement_count=1
remote_only,,,20260619161912,add_editada_to_admin_mensagens,registro_remoto_sem_par_local_canonico,sem_par_local,,f8b5c2a41f7689024ad8368d163ffa8013afaacdeb067dcdc702d224a82ca2e7,,92,registro existente em supabase_migrations.schema_migrations,created_by=la.tecnology.system@gmail.com; statement_count=1
remote_only,,,20260619184135,admin_conversas_unique_numero_departamento,registro_remoto_sem_par_local_canonico,sem_par_local,,444c67653bda5de027ca53c900339b5331130a67f949f62b705d36104a2bed13,,317,registro existente em supabase_migrations.schema_migrations,created_by=la.tecnology.system@gmail.com; statement_count=1
remote_only,,,20260619184254,costura_vincular_conversa_externa_ao_aluno,registro_remoto_sem_par_local_canonico,sem_par_local,,8ebf9d8121a560ac16437ce08eb46c44f1c3b5365324d01147370acd5d0f2ede,,1566,registro existente em supabase_migrations.schema_migrations,created_by=la.tecnology.system@gmail.com; statement_count=1
remote_only,,,20260619184930,admin_conversas_permitir_multiplos_numeros_por_aluno,registro_remoto_sem_par_local_canonico,sem_par_local,,c738cbd76187d8aa4cd9d9675d8f5cfa58950c2c5b9504fa8f8f0a91f2d524da,,541,registro existente em supabase_migrations.schema_migrations,created_by=la.tecnology.system@gmail.com; statement_count=1
remote_only,,,20260619190823,criar_auditar_saude_conversas,registro_remoto_sem_par_local_canonico,sem_par_local,,9f42e124d900ba2bcfbbae1857ba75a1ddf580e60c46560f63bf2911049f4465,,2269,registro existente em supabase_migrations.schema_migrations,created_by=la.tecnology.system@gmail.com; statement_count=1
remote_only,,,20260619190907,auditar_saude_conversas_security_definer,registro_remoto_sem_par_local_canonico,sem_par_local,,4425d45f7046016696485a7d722ebe44730ab254ced0ad061c84bf5b239f5d5b,,146,registro existente em supabase_migrations.schema_migrations,created_by=la.tecnology.system@gmail.com; statement_count=1
remote_only,,,20260620165808,add_payload_bruto_leads_automacao_log,registro_remoto_sem_par_local_canonico,sem_par_local,,7997d7856aac99bdfe84d6b3f4033b19c50359899f58545ba3a7813a1d616ebe,,84,registro existente em supabase_migrations.schema_migrations,created_by=la.tecnology.system@gmail.com; statement_count=1
remote_only,,,20260620193601,rpc_professor_experimentais_fonte_lead_experimentais,registro_remoto_sem_par_local_canonico,sem_par_local,,ef2658cf134d79f11e1615d8c27ea796907256e065f5e07ac707dbb9b3506550,,8947,registro existente em supabase_migrations.schema_migrations,created_by=la.tecnology.system@gmail.com; statement_count=1
remote_only,,,20260620201230,p02q_experimentais_comercial_diagnostico_v2,registro_remoto_sem_par_local_canonico,sem_par_local,,fa9759f531bfcb0d255ca2fa8657f6c66d086f86b7f799a2c1f71658c547b687,,7472,registro existente em supabase_migrations.schema_migrations,created_by=la.tecnology.system@gmail.com; statement_count=1
remote_only,,,20260621144352,p02p_experimentais_denominador_canonico,registro_remoto_sem_par_local_canonico,sem_par_local,,0f4de3060f99655351b2f3612a9e111a4a6af8a3d2e3796ce2a54c9227803011,,11576,registro existente em supabase_migrations.schema_migrations,created_by=la.tecnology.system@gmail.com; statement_count=1
remote_only,,,20260621163653,p02q_decisoes_humanas_experimentais,registro_remoto_sem_par_local_canonico,sem_par_local,,6559f8134b9b35ec66af100aa2e8d52ca2dd2ad8a8605cd7e07c3a4c322c63d1,,15166,registro existente em supabase_migrations.schema_migrations,created_by=la.tecnology.system@gmail.com; statement_count=1
remote_only,,,20260621170850,p02r_conciliacao_experimentais_v2,registro_remoto_sem_par_local_canonico,sem_par_local,,caa5d45471f6e38b9a3380c873468b27952d0f66d6af218d084f24a3a062f71e,,8778,registro existente em supabase_migrations.schema_migrations,created_by=la.tecnology.system@gmail.com; statement_count=1
remote_only,,,20260622181020,p02v_relatorio_gerencial_exp_mat_conciliacao,registro_remoto_sem_par_local_canonico,sem_par_local,,8ab577f1b9c51a937aa8cabf16647283fc91b7169d1baf90cf0a11dd3d354865,,5346,registro existente em supabase_migrations.schema_migrations,created_by=la.tecnology.system@gmail.com; statement_count=1
remote_only,,,20260622212918,sync_matriculas_emusys_schema,registro_remoto_sem_par_local_canonico,sem_par_local,,c7ce80d87c1f5552252f823eb5f35ec54b03bc2ce950e41348852f0a977f8db7,,4164,registro existente em supabase_migrations.schema_migrations,created_by=la.tecnology.system@gmail.com; statement_count=1
remote_only,,,20260622222258,get_conciliacao_matriculas,registro_remoto_sem_par_local_canonico,sem_par_local,,54c8157575ecac3d7fe0d18d388f3caa04e9b6973ea991b4067da8f0b467882d,,1579,registro existente em supabase_migrations.schema_migrations,created_by=la.tecnology.system@gmail.com; statement_count=1
remote_only,,,20260623003052,emusys_experimentais_raw_operacional,registro_remoto_sem_par_local_canonico,sem_par_local,,e4771688fa96664b3220ed01740ecfed301426a6379844d92f91a5a4f12fb43f,,6995,registro existente em supabase_migrations.schema_migrations,created_by=la.tecnology.system@gmail.com; statement_count=1
remote_only,,,20260623003324,fix_emusys_experimentais_raw_por_unidade_counts,registro_remoto_sem_par_local_canonico,sem_par_local,,f49db87b8d3b61b3d21fa0e64403d2dbd645301d18495a66af92c2383214b72a,,3765,registro existente em supabase_migrations.schema_migrations,created_by=la.tecnology.system@gmail.com; statement_count=1
remote_only,,,20260623040017,create_get_analise_pesquisas,registro_remoto_sem_par_local_canonico,sem_par_local,,df7c471428323c75d9b13ac32c96d104ed933fa2b75c25f385dde9cc9a2df40a,,2851,registro existente em supabase_migrations.schema_migrations,created_by=la.tecnology.system@gmail.com; statement_count=1
remote_only,,,20260623040328,create_get_respostas_pesquisa,registro_remoto_sem_par_local_canonico,sem_par_local,,482b286a4cb63f65fb2e387d7cec35540309ec749aebbfd0d5ff7fc8a0203e50,,1138,registro existente em supabase_migrations.schema_migrations,created_by=la.tecnology.system@gmail.com; statement_count=1
remote_only,,,20260623122906,enforce_valor_parcela_comercial_emusys,registro_remoto_sem_par_local_canonico,sem_par_local,,35256fe6a66ab119fb0114d931617dad7acb0bf4784968733d6ccf6f776cb812,,1032,registro existente em supabase_migrations.schema_migrations,created_by=la.tecnology.system@gmail.com; statement_count=1
remote_only,,,20260623151736,p02w_conciliacao_experimentais_raw_emusys,registro_remoto_sem_par_local_canonico,sem_par_local,,84b58a43e97f9fa81833c2bb1ad767134c5cd5f79ea0e6b1a03375ba5b237724,,14742,registro existente em supabase_migrations.schema_migrations,created_by=la.tecnology.system@gmail.com; statement_count=1
remote_only,,,20260623153807,p02x_conciliacao_reagendamento_emusys,registro_remoto_sem_par_local_canonico,sem_par_local,,084310707691a74aba94211cf85da3b8a92dc697e216e17feaaf25e4d4f44f2b,,15590,registro existente em supabase_migrations.schema_migrations,created_by=la.tecnology.system@gmail.com; statement_count=1
remote_only,,,20260623154238,p02x_conciliacao_reagendamento_emusys,registro_remoto_sem_par_local_canonico,sem_par_local,,084310707691a74aba94211cf85da3b8a92dc697e216e17feaaf25e4d4f44f2b,,15590,registro existente em supabase_migrations.schema_migrations,created_by=la.tecnology.system@gmail.com; statement_count=1
remote_only,,,20260623160434,add_emusys_lead_id_to_alunos,registro_remoto_sem_par_local_canonico,sem_par_local,,41ee34cdb0e2395ea90b15820783db414c13803ce9199e8edb3324619e52cff3,,231,registro existente em supabase_migrations.schema_migrations,created_by=la.tecnology.system@gmail.com; statement_count=1
remote_only,,,20260623160542,p02y_conciliacao_raw_emusys_denominador,registro_remoto_sem_par_local_canonico,sem_par_local,,9a0dadb14a7ea5855c70aa31a2406ae7505b59419577ded28256a62a8f4113ed,,18889,registro existente em supabase_migrations.schema_migrations,created_by=la.tecnology.system@gmail.com; statement_count=1
remote_only,,,20260623163819,fix_conciliacao_experimentais_presenca_via_status,registro_remoto_sem_par_local_canonico,sem_par_local,,008e8be316bc22cb3c21b3d57a1f736e2baa9d1e723fdcde1536225c4a75a2db,,12437,registro existente em supabase_migrations.schema_migrations,created_by=la.tecnology.system@gmail.com; statement_count=1
remote_only,,,20260623165323,p02z_guard_valor_parcela_canonico_emusys,registro_remoto_sem_par_local_canonico,sem_par_local,,dba05fc7c7c978250448e257c2357f5fcb5bd7dc33548c7b847b573ff296e1fa,,1870,registro existente em supabase_migrations.schema_migrations,created_by=la.tecnology.system@gmail.com; statement_count=1
remote_only,,,20260623173240,p02aa_corrige_curso_confirmado_cg_diogo_sabrina,registro_remoto_sem_par_local_canonico,sem_par_local,,5cdefeab349ace3eec37b2a98cd11b6d2fea5cca3695a0c44b047351090e3f2a,,212,registro existente em supabase_migrations.schema_migrations,created_by=la.tecnology.system@gmail.com; statement_count=1
remote_only,,,20260623180348,add_autoreply_numeros_meta,registro_remoto_sem_par_local_canonico,sem_par_local,,409fd0c2488a6bad39c0a21ade5d259e91ce3b921d172dc58b4df262c59363da,,979,registro existente em supabase_migrations.schema_migrations,created_by=la.tecnology.system@gmail.com; statement_count=1
remote_only,,,20260623183146,p02ab_reaplica_conciliacao_raw_emusys_denominador,registro_remoto_sem_par_local_canonico,sem_par_local,,9a0dadb14a7ea5855c70aa31a2406ae7505b59419577ded28256a62a8f4113ed,,18889,registro existente em supabase_migrations.schema_migrations,created_by=la.tecnology.system@gmail.com; statement_count=1
remote_only,,,20260623190123,pesquisa_resposta_manual,registro_remoto_sem_par_local_canonico,sem_par_local,,f93744747ba02f663cebdcebe3069090b66d433abd1da829fa88b4592edfd268,,1439,registro existente em supabase_migrations.schema_migrations,created_by=la.tecnology.system@gmail.com; statement_count=1
remote_only,,,20260623202955,timeline_pesquisas_aluno,registro_remoto_sem_par_local_canonico,sem_par_local,,f7506366cf2f26fb3897eae8d8da09fd89828bf628006824a30880ae08776c10,,4066,registro existente em supabase_migrations.schema_migrations,created_by=la.tecnology.system@gmail.com; statement_count=1
remote_only,,,20260623203343,timeline_pesquisas_aluno_fix_data_matricula,registro_remoto_sem_par_local_canonico,sem_par_local,,dcb00c7b287380763a2fadb0f86af89625b6813a7080005210e0ca9be234721d,,4125,registro existente em supabase_migrations.schema_migrations,created_by=la.tecnology.system@gmail.com; statement_count=1
remote_only,,,20260623204202,p02ac_professores_experimentais_canonicos_v1_dedup_professor,registro_remoto_sem_par_local_canonico,sem_par_local,,0bc71d27462c302200e6bc5e904f765cad71e7284580b9e84d3c52a96cadd64a,,8328,registro existente em supabase_migrations.schema_migrations,created_by=la.tecnology.system@gmail.com; statement_count=1
remote_only,,,20260623204740,p02ac_professores_experimentais_canonicos_v1_teto_oficial,registro_remoto_sem_par_local_canonico,sem_par_local,,856f4f7f113783a1ef399c4207e85b0dd098a8b1484859bbe8d2f4cd387402c1,,10153,registro existente em supabase_migrations.schema_migrations,created_by=la.tecnology.system@gmail.com; statement_count=1
remote_only,,,20260623205100,p02ac_professores_experimentais_canonicos_v1_dedupe_aluno,registro_remoto_sem_par_local_canonico,sem_par_local,,82161d04843d405daf0651d752948b3c5b9d6f97baaaaa24ca22bcfea912ab93,,10695,registro existente em supabase_migrations.schema_migrations,created_by=la.tecnology.system@gmail.com; statement_count=1
remote_only,,,20260623220519,fabio_add_coluna_anotacoes_fabio,registro_remoto_sem_par_local_canonico,sem_par_local,,509971d12f56fbcc46bc2fb45f543c9536319a5fd92e59ce708267de6a38d9a9,,497,registro existente em supabase_migrations.schema_migrations,created_by=contatosalf@gmail.com; statement_count=1
remote_only,,,20260623220530,fabio_cria_tabela_audit_log,registro_remoto_sem_par_local_canonico,sem_par_local,,1ba022812d6e21198f6c5ac0e9caa0d3005cbab17298fd9d4e94b2ebb73ad6c7,,1217,registro existente em supabase_migrations.schema_migrations,created_by=contatosalf@gmail.com; statement_count=1
remote_only,,,20260623220555,fabio_cria_rpc_registrar_aula,registro_remoto_sem_par_local_canonico,sem_par_local,,34dac28bcaa9f9d211b25f4bfc33cd271ea1906eaf74a90ce0b3680434afc997,,3174,registro existente em supabase_migrations.schema_migrations,created_by=contatosalf@gmail.com; statement_count=1
remote_only,,,20260623222600,fabio_cria_cracha_role,registro_remoto_sem_par_local_canonico,sem_par_local,,215f6d4927466aaacd6ffff8fde2d6d055bd6629bab0eecf16e5d4a6ceba2bc1,,1519,registro existente em supabase_migrations.schema_migrations,created_by=contatosalf@gmail.com; statement_count=1
remote_only,,,20260624003857,p03a_lead_experimentais_emusys_aula_id_multi_instrumento,registro_remoto_sem_par_local_canonico,sem_par_local,,6c574a0c733d8a8488cbe0892d51cc14734eab8cf3b977aa3784e79eac38aa6a,,1095,registro existente em supabase_migrations.schema_migrations,created_by=la.tecnology.system@gmail.com; statement_count=1
remote_only,,,20260624004133,p03b_registrar_experimental_curso_aula_id,registro_remoto_sem_par_local_canonico,sem_par_local,,a2d253a2b22eff36b27b3caa23ea9695fa5af2ae4d931b9daf544ed61a67910d,,7064,registro existente em supabase_migrations.schema_migrations,created_by=la.tecnology.system@gmail.com; statement_count=1
remote_only,,,20260624171439,p04a_conciliacao_colunas_fonte_analise,registro_remoto_sem_par_local_canonico,sem_par_local,,d309694085af56b065d61ec2e4ec65c506543317d2c68272f80914396beff639,,464,registro existente em supabase_migrations.schema_migrations,created_by=la.tecnology.system@gmail.com; statement_count=1
remote_only,,,20260624171501,p04b_aplicar_conciliacao_decisao,registro_remoto_sem_par_local_canonico,sem_par_local,,6273767e95f4f478a801ef3125bda7743204448d0bcf84180f015055873211f0,,3716,registro existente em supabase_migrations.schema_migrations,created_by=la.tecnology.system@gmail.com; statement_count=1
remote_only,,,20260624171928,p04c_get_conciliacao_inclui_fonte_analise,registro_remoto_sem_par_local_canonico,sem_par_local,,b72c8d0d12c729732b573324364169baeb0c3bdfe8dd68d69cc3c47a6669cd65,,1529,registro existente em supabase_migrations.schema_migrations,created_by=la.tecnology.system@gmail.com; statement_count=1
remote_only,,,20260624173513,p05a_sol_registrar_divergencia,registro_remoto_sem_par_local_canonico,sem_par_local,,d7620f24c7e6fd2d7ccbb8f044ba661d0e7ec610f901a3a9bcbb114fc5eda74d,,1288,registro existente em supabase_migrations.schema_migrations,created_by=la.tecnology.system@gmail.com; statement_count=1
remote_only,,,20260624183056,fila_relatorios_retry_colunas,registro_remoto_sem_par_local_canonico,sem_par_local,,386ac8dbfcd6f54aa2a30418815ec68b107caa8ddeb08cb1f453097a410ed7fd,,477,registro existente em supabase_migrations.schema_migrations,created_by=la.tecnology.system@gmail.com; statement_count=1
remote_only,,,20260624184642,get_historico_aulas_aluno,registro_remoto_sem_par_local_canonico,sem_par_local,,26855f2645ac642407368077e28da2d8968b3a7ea98f1df52fe42d801fc3c3c0,,702,registro existente em supabase_migrations.schema_migrations,created_by=la.tecnology.system@gmail.com; statement_count=1
remote_only,,,20260624191357,aplicar_conciliacao_decisao_horario_aula,registro_remoto_sem_par_local_canonico,sem_par_local,,a714321a204c3af1bb98d500a8f66e403c6b6b02d13b1a8aa0153c4e3673e791,,3738,registro existente em supabase_migrations.schema_migrations,created_by=la.tecnology.system@gmail.com; statement_count=1
remote_only,,,20260624205116,20260624_aluno_transferencias_origem_destino,registro_remoto_sem_par_local_canonico,sem_par_local,,d9e75b22eb9639fb57c3ed78fd0ad34fcebc6119c1318ff0eea6116bd7394a10,,2313,registro existente em supabase_migrations.schema_migrations,created_by=la.tecnology.system@gmail.com; statement_count=1
remote_only,,,20260625022957,criar_vcards_unidade,registro_remoto_sem_par_local_canonico,sem_par_local,,093d7c057f981985b9d08d7e7a48ab8db6a03db06c1e35b036b5f2f7f6826b85,,1331,registro existente em supabase_migrations.schema_migrations,created_by=la.tecnology.system@gmail.com; statement_count=1
remote_only,,,20260625040222,admin_mensagens_tipo_contato_localizacao,registro_remoto_sem_par_local_canonico,sem_par_local,,22cbec32134d020801bef08957ed622994a768421bf705b5d3d4f91b7796db2f,,306,registro existente em supabase_migrations.schema_migrations,created_by=la.tecnology.system@gmail.com; statement_count=1
remote_only,,,20260625113647,p06a_conciliacao_rpc_horario_tipo_guard,registro_remoto_sem_par_local_canonico,sem_par_local,,b8ded9efe7221f352ada3239fd80bb18ee5139ce87f0a3f4e3b2cc73cf17b917,,4864,registro existente em supabase_migrations.schema_migrations,created_by=la.tecnology.system@gmail.com; statement_count=1
remote_only,,,20260625120239,p06b_conciliacao_oculta_valor_legado_sobrescrito,registro_remoto_sem_par_local_canonico,sem_par_local,,32cd2b6e4715f1fffa4d757613317367c71b60725151ba69d3d93084b368fcfa,,2785,registro existente em supabase_migrations.schema_migrations,created_by=la.tecnology.system@gmail.com; statement_count=1
remote_only,,,20260625210225,criar_staff_unidade,registro_remoto_sem_par_local_canonico,sem_par_local,,915eeb61411e73062c0376469e061bc568ae78540439594f2ae5cacee9e94c49,,2906,registro existente em supabase_migrations.schema_migrations,created_by=la.tecnology.system@gmail.com; statement_count=1
remote_only,,,20260625210252,unidades_comunidade_secretaria,registro_remoto_sem_par_local_canonico,sem_par_local,,6d5d880a396dc1924562e664fb26a2299b661e37ca40e62b695230057e616d3f,,849,registro existente em supabase_migrations.schema_migrations,created_by=la.tecnology.system@gmail.com; statement_count=1
remote_only,,,20260625210304,template_boas_vindas_equipe,registro_remoto_sem_par_local_canonico,sem_par_local,,48be449623300a8479477f8db2cea6af064f5a26e23b7518486c453d2056ce18,,728,registro existente em supabase_migrations.schema_migrations,created_by=la.tecnology.system@gmail.com; statement_count=1
remote_only,,,20260625221323,maria_lareport_rpc_role_grants,registro_remoto_sem_par_local_canonico,sem_par_local,,bdcdeb59e37529730923d8b46771132401537a7ed428fdd5733bd3058de72e7a,,1260,registro existente em supabase_migrations.schema_migrations,created_by=la.tecnology.system@gmail.com; statement_count=1
remote_only,,,20260625221945,maria_lareport_rpc_expand_kpis,registro_remoto_sem_par_local_canonico,sem_par_local,,8cd459533b148f492b9f2beda7844ea39e843e95513f9931a0e7826a1724f715,,715,registro existente em supabase_migrations.schema_migrations,created_by=la.tecnology.system@gmail.com; statement_count=1
remote_only,,,20260625222047,maria_lareport_rpc_select_dependencies,registro_remoto_sem_par_local_canonico,sem_par_local,,5f4d91baf637a2590920d2dd25e8e23b4fcd4726c6d5e4f09b478fab8badc293,,154,registro existente em supabase_migrations.schema_migrations,created_by=la.tecnology.system@gmail.com; statement_count=1
remote_only,,,20260625222137,maria_lareport_rpc_bypassrls_readonly,registro_remoto_sem_par_local_canonico,sem_par_local,,052535036d1ca7a50b32bbe93aefdf7a5016837eb196c228ced164c1d9a8a5fe,,156,registro existente em supabase_migrations.schema_migrations,created_by=la.tecnology.system@gmail.com; statement_count=1
remote_only,,,20260625225819,maria_lareport_rpc_remove_bypassrls,registro_remoto_sem_par_local_canonico,sem_par_local,,595ad8b55b0c2538af5c22a3812ad8ed1bc6c8be53a2c32e953377d6a9080618,,885,registro existente em supabase_migrations.schema_migrations,created_by=la.tecnology.system@gmail.com; statement_count=1
remote_only,,,20260625235202,maria_lareport_operational_detail_rpcs,registro_remoto_sem_par_local_canonico,sem_par_local,,bec027e9aa4ff41dbe200f3f3c05b695acd2fa5f0489f9dcaa0036f56295c1c5,,8513,registro existente em supabase_migrations.schema_migrations,created_by=la.tecnology.system@gmail.com; statement_count=1
remote_only,,,20260625235406,maria_lareport_operational_detail_sanitize_agent,registro_remoto_sem_par_local_canonico,sem_par_local,,68ea9c37206e4fd30d58a5a5e32864835e09ccb769ecfe9c3080eec7e75abc3d,,4552,registro existente em supabase_migrations.schema_migrations,created_by=la.tecnology.system@gmail.com; statement_count=1
remote_only,,,20260626,admin_operacional_kpis_alunos,registro_remoto_sem_par_local_canonico,sem_par_local,,043fdc65476786c5177323d5874d5264c25a5d59e755e4c4155d8f6996185685,,9682,registro existente em supabase_migrations.schema_migrations,created_by=; statement_count=4
remote_only,,,20260626000457,maria_lareport_sanitize_faltas_periodo,registro_remoto_sem_par_local_canonico,sem_par_local,,de4782756946b812902a762d0e51b6232557aba8fb3cf4fe5ca79209ff57d4a3,,1048,registro existente em supabase_migrations.schema_migrations,created_by=la.tecnology.system@gmail.com; statement_count=1
remote_only,,,20260626000600,maria_lareport_block_original_faltas_public_execute,registro_remoto_sem_par_local_canonico,sem_par_local,,7a7cd9cb8b26bb5f46dbcdbf4468053a2168c970cb09677ccb22cf58d450e311,,579,registro existente em supabase_migrations.schema_migrations,created_by=la.tecnology.system@gmail.com; statement_count=1
remote_only,,,20260626000632,maria_lareport_faltas_sanitized_grant_only_maria,registro_remoto_sem_par_local_canonico,sem_par_local,,4d695f691c0b0ff9596f8edd682b00e4e3ee91d5d0737c1d01e2cc36bd0e0de2,,494,registro existente em supabase_migrations.schema_migrations,created_by=la.tecnology.system@gmail.com; statement_count=1
remote_only,,,20260626001034,maria_lareport_evasoes_remove_observacoes_pii,registro_remoto_sem_par_local_canonico,sem_par_local,,b7b0d4a60f55b53854c60da15a1bb55e45c00962bc9d5491175babed7e3effae,,1820,registro existente em supabase_migrations.schema_migrations,created_by=la.tecnology.system@gmail.com; statement_count=1
remote_only,,,20260626044351,create_lia_acesso_restrito,registro_remoto_sem_par_local_canonico,sem_par_local,,4c5923039cbf230944c4c0909fddc93155c556ca0a6a62cb888f7bf88cb53bea,,453,registro existente em supabase_migrations.schema_migrations,created_by=la.tecnology.system@gmail.com; statement_count=1
remote_only,,,20260626135002,create_maria_lareport_roi_professores_base,registro_remoto_sem_par_local_canonico,sem_par_local,,27a31fc3e8e2a608923159f81c6dd07869f049a06ef92fbc24f04ba4c1733587,,2936,registro existente em supabase_migrations.schema_migrations,created_by=la.tecnology.system@gmail.com; statement_count=1
remote_only,,,20260626135333,create_maria_lareport_roi_professores_base_v2_unidade_codigo,registro_remoto_sem_par_local_canonico,sem_par_local,,8b056b8ee4a207c31de367eddd36f3c49efa38b165dacc0cb9215ca41d6d3659,,3411,registro existente em supabase_migrations.schema_migrations,created_by=la.tecnology.system@gmail.com; statement_count=1
remote_only,,,20260626190950,create_maria_lareport_unidades,registro_remoto_sem_par_local_canonico,sem_par_local,,0d780f36064bbc5ce4b5c79124ca29b04cfefad1f471ac61108f7492a05da62b,,705,registro existente em supabase_migrations.schema_migrations,created_by=la.tecnology.system@gmail.com; statement_count=1
remote_only,,,20260627,fila_relatorios_data_dia_default_brt,registro_remoto_sem_par_local_canonico,sem_par_local,,9e9f7c24343dc8ee2ab93c4cb5f395a4bbf6b773088264e95d50c26c97a66d1d,,888,registro existente em supabase_migrations.schema_migrations,created_by=; statement_count=1
remote_only,,,20260627000345,admin_operacional_kpis_alunos,registro_remoto_sem_par_local_canonico,sem_par_local,,94f5e3ed573f4dbbab86f667693d7cbd8ab9e36418dfc076f493ba22da95d6c3,,9726,registro existente em supabase_migrations.schema_migrations,created_by=la.tecnology.system@gmail.com; statement_count=1
remote_only,,,20260627000607,admin_operacional_segundo_curso_flag_only,registro_remoto_sem_par_local_canonico,sem_par_local,,f75003851fc46f0f13e495b77df2a7a3f50c5800fcd2fae0e30da7fbd0751192,,9039,registro existente em supabase_migrations.schema_migrations,created_by=la.tecnology.system@gmail.com; statement_count=1
remote_only,,,20260627142444,create_emusys_api_payload_debug,registro_remoto_sem_par_local_canonico,sem_par_local,,596e546ef0b067daa0b3870df15b6c55ecd3431f3ca36e07c4c5bb5fdbfa709e,,2089,registro existente em supabase_migrations.schema_migrations,created_by=la.tecnology.system@gmail.com; statement_count=1
remote_only,,,20260627181524,guard_conciliacao_banda_regular,registro_remoto_sem_par_local_canonico,sem_par_local,,6a050c34dcfa07b84da6f9a8bcbd401bca19877acc600748956353d79905ab14,,7932,registro existente em supabase_migrations.schema_migrations,created_by=la.tecnology.system@gmail.com; statement_count=1
remote_only,,,20260627212638,fila_relatorios_data_dia_default_brt,registro_remoto_sem_par_local_canonico,sem_par_local,,8b6e8a34853ea49278060139934ed353467ac1fc92727e0ed954be87a7f2c53d,,485,registro existente em supabase_migrations.schema_migrations,created_by=la.tecnology.system@gmail.com; statement_count=1
remote_only,,,20260630195946,governanca_agente_usuarios_fundacao,registro_remoto_sem_par_local_canonico,sem_par_local,,70683fb808c7fed597f93e9bbc9281eab0c461244b7f4385cf91ac5755a9f9f6,,2882,registro existente em supabase_migrations.schema_migrations,created_by=la.tecnology.system@gmail.com; statement_count=1
remote_only,,,20260701032046,governanca_grant_quem_eh_lia,registro_remoto_sem_par_local_canonico,sem_par_local,,e142c4d9ae076ad0a463b2044cd0e9531404bbab2044019df9a88b4206476daf,,365,registro existente em supabase_migrations.schema_migrations,created_by=la.tecnology.system@gmail.com; statement_count=1
remote_only,,,20260701040152,governanca_listar_allowlist,registro_remoto_sem_par_local_canonico,sem_par_local,,ad1d26161f6628cfc48d52ab4f91812e8e14ccfe7f02aac78131786f144c6038,,716,registro existente em supabase_migrations.schema_migrations,created_by=la.tecnology.system@gmail.com; statement_count=1
remote_only,,,20260701044101,grant_sol_acesso_restrito_cron_functions,registro_remoto_sem_par_local_canonico,sem_par_local,,6fdf5ffb752674ac1c98c46371afe8c23f9d26070679d248ef69d84f2763a34b,,157,registro existente em supabase_migrations.schema_migrations,created_by=la.tecnology.system@gmail.com; statement_count=1
remote_only,,,20260701141138,lia_least_privilege_jornada,registro_remoto_sem_par_local_canonico,sem_par_local,,ba2d85200f808ad9f4bf20965ded7514a673272486d8dbf3499a82780423c0a1,,580,registro existente em supabase_migrations.schema_migrations,created_by=la.tecnology.system@gmail.com; statement_count=1
remote_only,,,20260701162249,governanca_agente_grupos,registro_remoto_sem_par_local_canonico,sem_par_local,,26f0c23cfac873e5d962009d4e2aab9c19c0169a9e9ff72855944a8f318bea68,,2564,registro existente em supabase_migrations.schema_migrations,created_by=la.tecnology.system@gmail.com; statement_count=1
remote_only,,,20260701163839,governanca_grant_sol,registro_remoto_sem_par_local_canonico,sem_par_local,,165c8f7cd2f2e39fb36859f62b60c0063b56b20de44a4253f051fc227288e064,,296,registro existente em supabase_migrations.schema_migrations,created_by=la.tecnology.system@gmail.com; statement_count=1
remote_only,,,20260701171828,governanca_agente_grupos_ampliar_para_sol,registro_remoto_sem_par_local_canonico,sem_par_local,,84152659ee783645fa5e1916cf16242e2390b5c2d3dbf4c5599ffbdad1099c57,,2198,registro existente em supabase_migrations.schema_migrations,created_by=la.tecnology.system@gmail.com; statement_count=1
remote_only,,,20260701193955,fix_sequence_and_add_cartao_credito_forma_pagamento,registro_remoto_sem_par_local_canonico,sem_par_local,,197b4cc69a9e63323c7f5431856a1ab8bebfc3accded0eed3e0e612e94aa7ce9,,184,registro existente em supabase_migrations.schema_migrations,created_by=la.tecnology.system@gmail.com; statement_count=1
remote_only,,,20260702200656,add_emusys_matricula_id_movimentacoes_admin,registro_remoto_sem_par_local_canonico,sem_par_local,,ebb024139e7f3302ca7f6c01ab4f8c4f6c657d72778a76aaec72914392255ac3,,493,registro existente em supabase_migrations.schema_migrations,created_by=la.tecnology.system@gmail.com; statement_count=1
remote_only,,,20260706113903,la_teacher_001a_registros_e_fila,registro_remoto_sem_par_local_canonico,sem_par_local,,8c155ae4d41b7bf8bc066da1dea83092d5d2d6191bc1d5323fd76308e3c1c0af,,3327,registro existente em supabase_migrations.schema_migrations,created_by=contatosalf@gmail.com; statement_count=1
remote_only,,,20260706113922,la_teacher_001b_storage_e_risco,registro_remoto_sem_par_local_canonico,sem_par_local,,e3e37b18f8e928586dfa5981539979456df6bb6132791d6f6655b4ce053e7b9c,,2050,registro existente em supabase_migrations.schema_migrations,created_by=contatosalf@gmail.com; statement_count=1
remote_only,,,20260706113935,la_teacher_001c_vinculo_professor_auth,registro_remoto_sem_par_local_canonico,sem_par_local,,5e13a5047e29dbcd215a97e25018faf81dc7a190e93083160355009c13d6bf5f,,575,registro existente em supabase_migrations.schema_migrations,created_by=contatosalf@gmail.com; statement_count=1
remote_only,,,20260706114002,la_teacher_001d_rpcs_app,registro_remoto_sem_par_local_canonico,sem_par_local,,1cc5cc9f714d97093c65508f94713674e6205c5aa897523c5f9a49850c13620f,,4255,registro existente em supabase_migrations.schema_migrations,created_by=contatosalf@gmail.com; statement_count=1
remote_only,,,20260706114023,la_teacher_001e_rls_e_extensoes,registro_remoto_sem_par_local_canonico,sem_par_local,,5dc0e0d914fc478f420b0da19f8a9c1bc885a16394d35d6a5e35c378dc852ab0,,2097,registro existente em supabase_migrations.schema_migrations,created_by=contatosalf@gmail.com; statement_count=1
remote_only,,,20260706114048,la_teacher_001f_agente_fabio_e_realtime,registro_remoto_sem_par_local_canonico,sem_par_local,,53b6c3d2e777718af7fa730545148c574baba138986b9fce59b252cc37b678a5,,887,registro existente em supabase_migrations.schema_migrations,created_by=contatosalf@gmail.com; statement_count=1
remote_only,,,20260706114217,la_teacher_001g_fix_view_security_invoker,registro_remoto_sem_par_local_canonico,sem_par_local,,9655d2c3f9c5453417f336711998245a565f5f8f89614947c19436b0596c4eb5,,500,registro existente em supabase_migrations.schema_migrations,created_by=contatosalf@gmail.com; statement_count=1
remote_only,,,20260706122237,la_teacher_add_perfil_professor,registro_remoto_sem_par_local_canonico,sem_par_local,,20ed2fdf6cd87f0673070df524f6515cd8a953f1f063dd2e40fc3c20ccf3b5e8,,291,registro existente em supabase_migrations.schema_migrations,created_by=contatosalf@gmail.com; statement_count=1
remote_only,,,20260707153457,app_minha_agenda_mes,registro_remoto_sem_par_local_canonico,sem_par_local,,e72a4ce625f4c4866a22949cede0f511acbdd9eafc163441e03c819acacf4533,,1088,registro existente em supabase_migrations.schema_migrations,created_by=la.tecnology.system@gmail.com; statement_count=1
remote_only,,,20260707163340,la_teacher_002a_enfileirar_audio,registro_remoto_sem_par_local_canonico,sem_par_local,,802133b3a41584bb56cef0b7763cdb9250a71567c90fcfeb43896d08ccf1673d,,1973,registro existente em supabase_migrations.schema_migrations,created_by=contatosalf@gmail.com; statement_count=1
remote_only,,,20260707163356,la_teacher_002b_pipeline_dispatch,registro_remoto_sem_par_local_canonico,sem_par_local,,64dc4e34060b81589debcaf7bd8fea9c7ef9d2d603d4f59919e3b2bf53523e00,,2121,registro existente em supabase_migrations.schema_migrations,created_by=contatosalf@gmail.com; statement_count=1
remote_only,,,20260707163419,la_teacher_002c_confirmar_por_aluno,registro_remoto_sem_par_local_canonico,sem_par_local,,1609b6fde57ff586d92b7578225c364bf20ea5c47afa1339ee9a47378a211572,,3954,registro existente em supabase_migrations.schema_migrations,created_by=contatosalf@gmail.com; statement_count=1
remote_only,,,20260707163631,sync_grade_futura_cron,registro_remoto_sem_par_local_canonico,sem_par_local,,3470edffe000cbd93022fee24771fb25ba671329bf37d044a39b7d9a0560e6f5,,2186,registro existente em supabase_migrations.schema_migrations,created_by=la.tecnology.system@gmail.com; statement_count=1
remote_only,,,20260707164650,sync_grade_futura_alinhar_presenca,registro_remoto_sem_par_local_canonico,sem_par_local,,b001df58e14485f732a90152a8463af0e24df7f7e7fe2e21674915ee8f8b59b2,,4365,registro existente em supabase_migrations.schema_migrations,created_by=la.tecnology.system@gmail.com; statement_count=1
remote_only,,,20260707174406,fix_rls_remover_acesso_anonimo_tabelas_internas,registro_remoto_sem_par_local_canonico,sem_par_local,,285e03685fbc9e06d2d6c642b4f2820944700cc82b33dc8753f7dd9a6946eb6f,,2948,registro existente em supabase_migrations.schema_migrations,created_by=la.tecnology.system@gmail.com; statement_count=1
remote_only,,,20260707192314,la_teacher_002d_confirmar_com_modo,registro_remoto_sem_par_local_canonico,sem_par_local,,2e3233da933c3a97a73a4bf1d2ac9a7278f214d7a88eb9ed5e36d50a389b0ef0,,4200,registro existente em supabase_migrations.schema_migrations,created_by=contatosalf@gmail.com; statement_count=1
remote_only,,,20260707192337,la_teacher_002e_remove_confirmar_antiga,registro_remoto_sem_par_local_canonico,sem_par_local,,a6d2b1ead8733314cbb47536e489c22356f931662ca2f4dfea8861b6efe3e285,,155,registro existente em supabase_migrations.schema_migrations,created_by=contatosalf@gmail.com; statement_count=1
remote_only,,,20260707213923,seguranca_piloto_crm_mensagens_authenticated,registro_remoto_sem_par_local_canonico,sem_par_local,,7517a5c766abfa9203aa728b22f54816a1e4db0d19bd7e6334f499410d4afd7e,,908,registro existente em supabase_migrations.schema_migrations,created_by=la.tecnology.system@gmail.com; statement_count=1
remote_only,,,20260707214048,005_confirmacao_rpcs,registro_remoto_sem_par_local_canonico,sem_par_local,,221d5f801e4013caf1a417924d45c2dc59d3394fc3d5544d4e36b7e80ca5f460,,3969,registro existente em supabase_migrations.schema_migrations,created_by=contatosalf@gmail.com; statement_count=1
remote_only,,,20260707214418,reverter_piloto_crm_mensagens_volta_public,registro_remoto_sem_par_local_canonico,sem_par_local,,11af0a08d9c8bf2a817f96ce882722d58460aad2625cb452544c45334c2b5f08,,807,registro existente em supabase_migrations.schema_migrations,created_by=la.tecnology.system@gmail.com; statement_count=1
remote_only,,,20260707215209,seguranca_crm_mensagens_authenticated_v2,registro_remoto_sem_par_local_canonico,sem_par_local,,6f376f3801c64a335a77f9873a02d4a2f87403b7f13604df72f1873630a19c91,,850,registro existente em supabase_migrations.schema_migrations,created_by=la.tecnology.system@gmail.com; statement_count=1
remote_only,,,20260707215737,seguranca_fecha_anon_151_policies_59_tabelas,registro_remoto_sem_par_local_canonico,sem_par_local,,3af4542cf3b5e3853a8ffcf7a8e47cd7e1726a986c16e70578de06e5c9cec387,,30230,registro existente em supabase_migrations.schema_migrations,created_by=la.tecnology.system@gmail.com; statement_count=1
remote_only,,,20260707215751,seguranca_views_security_invoker_e_funcoes_guard,registro_remoto_sem_par_local_canonico,sem_par_local,,7e5dac6c3cfc356708505fd796ab2fb5d502a911c7b5bf5617c2a52258d79016,,1138,registro existente em supabase_migrations.schema_migrations,created_by=la.tecnology.system@gmail.com; statement_count=1
remote_only,,,20260707220224,006_fix_origem_confirmacao,registro_remoto_sem_par_local_canonico,sem_par_local,,33142de2670d1fffc4cdda15753ab44dcefbe1a39c8504c6f809b708616a8c00,,3866,registro existente em supabase_migrations.schema_migrations,created_by=contatosalf@gmail.com; statement_count=1
remote_only,,,20260707220506,seguranca_restaura_acesso_agentes_sol_mila,registro_remoto_sem_par_local_canonico,sem_par_local,,427d3cca54efb5dc33e8fa40a77d0df08c0ed428c08aff84a8b38e7454ea186f,,36723,registro existente em supabase_migrations.schema_migrations,created_by=la.tecnology.system@gmail.com; statement_count=1
remote_only,,,20260707221611,seguranca_hold_fecha_mila_bi_lojinha_inventario,registro_remoto_sem_par_local_canonico,sem_par_local,,3d164d719de7b6333c7dee1255f002ad284a18798b015966b2cdf8dfdf08d95d,,2020,registro existente em supabase_migrations.schema_migrations,created_by=la.tecnology.system@gmail.com; statement_count=1
remote_only,,,20260707221714,la_teacher_007_fabio_criar_registro,registro_remoto_sem_par_local_canonico,sem_par_local,,6e57ccf001beb9ee413f60e3af43b2037da520c31406af90ac68013358187246,,3625,registro existente em supabase_migrations.schema_migrations,created_by=contatosalf@gmail.com; statement_count=1
remote_only,,,20260707222348,seguranca_fecha_feedback_anon_feature_nao_usada,registro_remoto_sem_par_local_canonico,sem_par_local,,f4607e972c886fbcc7120f244c4980791de646cd71599057bc629c63d2024b54,,512,registro existente em supabase_migrations.schema_migrations,created_by=la.tecnology.system@gmail.com; statement_count=1
remote_only,,,20260707222725,reverter_drop_anon_inventario_loja_destrava_whatsapp,registro_remoto_sem_par_local_canonico,sem_par_local,,792b9078be417616e2e0ed598724b72662f9948488e52ceb5493b625762e3f05,,894,registro existente em supabase_migrations.schema_migrations,created_by=la.tecnology.system@gmail.com; statement_count=1
remote_only,,,20260708002238,temp_create_fabio_edge_token_helper,registro_remoto_sem_par_local_canonico,sem_par_local,,34c656387ccb2aad83f672483f9a7c6179942dec1a15a0c097ed99a9da74b894,,513,registro existente em supabase_migrations.schema_migrations,created_by=la.tecnology.system@gmail.com; statement_count=1
remote_only,,,20260708002303,drop_temp_create_fabio_edge_token_helper,registro_remoto_sem_par_local_canonico,sem_par_local,,112af25acb66843fe8642709bee0d3b0e616370389155b73ea7ecbd6a45b7ebc,,74,registro existente em supabase_migrations.schema_migrations,created_by=la.tecnology.system@gmail.com; statement_count=1
remote_only,,,20260708005052,la_teacher_008_agenda_por_sessao,registro_remoto_sem_par_local_canonico,sem_par_local,,68ebeddefe14005c1130cf9810013f8bf9d9a2f197819f3092e2e7d168e72e62,,3463,registro existente em supabase_migrations.schema_migrations,created_by=contatosalf@gmail.com; statement_count=1
remote_only,,,20260708010517,la_teacher_008b_agenda_sessao_fixes,registro_remoto_sem_par_local_canonico,sem_par_local,,7a2db2833da6048166f836fabd6909772c7f0c233cfb0058d5a099e1d6f1c2c2,,4566,registro existente em supabase_migrations.schema_migrations,created_by=contatosalf@gmail.com; statement_count=1
remote_only,,,20260708010658,la_teacher_008c_sessao_por_aula_real,registro_remoto_sem_par_local_canonico,sem_par_local,,3eb8ff074cdc75fa9d4a74411eb80591b9a10577fc6b538d08b394f2938d04b5,,5484,registro existente em supabase_migrations.schema_migrations,created_by=contatosalf@gmail.com; statement_count=1
remote_only,,,20260708101650,la_teacher_008d_left_join_agenda_futura,registro_remoto_sem_par_local_canonico,sem_par_local,,446cf5b1d3afb083a1f4e20562870d24a99b7a85f9a26ca68bafbe196a0a6d76,,6517,registro existente em supabase_migrations.schema_migrations,created_by=contatosalf@gmail.com; statement_count=1
remote_only,,,20260708203202,get_saude_syncs_emusys_readonly,registro_remoto_sem_par_local_canonico,sem_par_local,,96acc1e52da816ae55c92123f631be6251b7584a7685dc541d1e83af11069a20,,2909,registro existente em supabase_migrations.schema_migrations,created_by=la.tecnology.system@gmail.com; statement_count=1
remote_only,,,20260709002216,get_saude_syncs_emusys_add_relatorio_diario,registro_remoto_sem_par_local_canonico,sem_par_local,,2c150ce43526ed1bda8b1a8013f7f67eea9742b0391de2daa9358c452b7f6958,,3857,registro existente em supabase_migrations.schema_migrations,created_by=la.tecnology.system@gmail.com; statement_count=1
remote_only,,,20260709002328,get_saude_syncs_emusys_relatorio_diario_janela_recente,registro_remoto_sem_par_local_canonico,sem_par_local,,bd9e0f2c15f60bbcd822888c4ec3864974037d3769dad4250b1884b4a0327d45,,4068,registro existente em supabase_migrations.schema_migrations,created_by=la.tecnology.system@gmail.com; statement_count=1
remote_only,,,20260709002906,saude_crons_relatorio_detecta_tentativas_esgotadas,registro_remoto_sem_par_local_canonico,sem_par_local,,9e991286c4585ad4fb1e3b21511c261fafc684d38c31af636c3ad55f6c1ea715,,4227,registro existente em supabase_migrations.schema_migrations,created_by=la.tecnology.system@gmail.com; statement_count=1
remote_only,,,20260709003923,saude_syncs_emusys_add_alertas_meta_ads,registro_remoto_sem_par_local_canonico,sem_par_local,,dfe9da4152776eeb393f4b63d7b771aafa710737fcfb12118d7fed2184aae0af,,6775,registro existente em supabase_migrations.schema_migrations,created_by=la.tecnology.system@gmail.com; statement_count=1
remote_only,,,20260709003946,get_cron_health_add_is_http_post,registro_remoto_sem_par_local_canonico,sem_par_local,,71fe45495b34f3d152cc7fb814391320abc0948588d0f8ba26e5457915a6ce50,,960,registro existente em supabase_migrations.schema_migrations,created_by=la.tecnology.system@gmail.com; statement_count=1
remote_only,,,20260710185724,la_teacher_presenca_ponto_20260710,registro_remoto_sem_par_local_canonico,sem_par_local,,bb2fe30da6f9219cfb824f08e4caea2f5f1c066e44f0ee18dbb472af75ffffa2,,19689,registro existente em supabase_migrations.schema_migrations,created_by=la.tecnology.system@gmail.com; statement_count=1
remote_only,,,20260710185732,disponibilidade_professor_espelho_20260710,registro_remoto_sem_par_local_canonico,sem_par_local,,a686a8dda0afc84a61b6920b73adbd6944ab4042dc7ce1778bcf781e21471652,,11324,registro existente em supabase_migrations.schema_migrations,created_by=la.tecnology.system@gmail.com; statement_count=1
remote_only,,,20260710191549,corrige_contratos_la_teacher_20260710,registro_remoto_sem_par_local_canonico,sem_par_local,,1ddac8ff3c182a87ad159a991a792f1731d72f9a689933ff788909cca2e8a42b,,8104,registro existente em supabase_migrations.schema_migrations,created_by=la.tecnology.system@gmail.com; statement_count=1
remote_only,,,20260712110456,app_aluno_ficha_fix_limit_historico,registro_remoto_sem_par_local_canonico,sem_par_local,,2f96db25011b422e77d0479465e818d567709002606f603baadfe6e34ead8afd,,4736,registro existente em supabase_migrations.schema_migrations,created_by=contatosalf@gmail.com; statement_count=1
remote_only,,,20260712120806,fix_app_aluno_ficha_responsaveis_principal,registro_remoto_sem_par_local_canonico,sem_par_local,,72dfe71d4267b88aaa40b5f39b0c244f23f0d957dc3d3815e83e8be497c06bf9,,4738,registro existente em supabase_migrations.schema_migrations,created_by=contatosalf@gmail.com; statement_count=1
remote_only,,,20260712123249,app_aluno_ficha_v2_principal_e_limit,registro_remoto_sem_par_local_canonico,sem_par_local,,6dc174e8c91ea115f513953e65c9ccb4b2eab19c25b21021477a3a55200732fe,,4826,registro existente em supabase_migrations.schema_migrations,created_by=contatosalf@gmail.com; statement_count=1
remote_only,,,20260712124329,fn_curso_base_normalizacao_canonica,registro_remoto_sem_par_local_canonico,sem_par_local,,ecde386598cee658a5355de4cf26a34845c90def26876fe32e392ce7cdf56418,,1674,registro existente em supabase_migrations.schema_migrations,created_by=contatosalf@gmail.com; statement_count=1
remote_only,,,20260712124356,app_aluno_ficha_v3_curso_canonico,registro_remoto_sem_par_local_canonico,sem_par_local,,8d292fce211aa5162577e391536b66cbd6d505c1fd400e05707ce44da0a3e88f,,5042,registro existente em supabase_migrations.schema_migrations,created_by=contatosalf@gmail.com; statement_count=1
remote_only,,,20260712132401,fabio_prontuario_aluno_rpc_escopada,registro_remoto_sem_par_local_canonico,sem_par_local,,fcbb3fa8908643437e62fdda37b973525d983b2edcf905336b64c1da9807bc7f,,5234,registro existente em supabase_migrations.schema_migrations,created_by=contatosalf@gmail.com; statement_count=1
remote_only,,,20260712133909,prontuario_v2_duas_portas_fabio_e_coordenacao,registro_remoto_sem_par_local_canonico,sem_par_local,,8d07561f182265e3ac73d321808092867641cc611dfd48df85654b6aab3b8fb5,,6040,registro existente em supabase_migrations.schema_migrations,created_by=contatosalf@gmail.com; statement_count=1
remote_only,,,20260712134529,app_confirmar_registro_resolve_aula_individual,registro_remoto_sem_par_local_canonico,sem_par_local,,464b5ee82e544de6216466b4cc29ebd94ecdcde35264aa2d24277683563d9bc6,,6969,registro existente em supabase_migrations.schema_migrations,created_by=contatosalf@gmail.com; statement_count=1
remote_only,,,20260712142455,app_registro_completo_enriquece_fatia_com_nome,registro_remoto_sem_par_local_canonico,sem_par_local,,569a152fd4f150e4cb4c00ddae1bda968514cd2d9010c3c8cde50a474ffac468,,2339,registro existente em supabase_migrations.schema_migrations,created_by=contatosalf@gmail.com; statement_count=1
remote_only,,,20260712145311,app_enfileirar_audio_avisa_regravacao,registro_remoto_sem_par_local_canonico,sem_par_local,,3423872361d9f1b75934682ee1df9aac9b00f52a8e44b9362b1d0b3852c85fe5,,4249,registro existente em supabase_migrations.schema_migrations,created_by=contatosalf@gmail.com; statement_count=1
remote_only,,,20260712151306,protecao_forte_contra_sobrescrita_de_registro,registro_remoto_sem_par_local_canonico,sem_par_local,,f8d30633ba31772e156d9c8f95e7bd132401802e62447d594cdbe9e96d877f0f,,7066,registro existente em supabase_migrations.schema_migrations,created_by=contatosalf@gmail.com; statement_count=1
remote_only,,,20260712151731,vw_registro_pendencia_e_rpcs,registro_remoto_sem_par_local_canonico,sem_par_local,,7099b93aeac7f08f07b674af04a19cd9013b28060eaa2982201e8686b14916f5,,3744,registro existente em supabase_migrations.schema_migrations,created_by=contatosalf@gmail.com; statement_count=1
remote_only,,,20260712151826,rpcs_pendencias_professor_e_fabio,registro_remoto_sem_par_local_canonico,sem_par_local,,aeeab70a23d4aa8f4c9d675d099d6c21e8fe5430ae1f603696a519c9d93c014f,,3754,registro existente em supabase_migrations.schema_migrations,created_by=contatosalf@gmail.com; statement_count=1
remote_only,,,20260712151913,vw_registro_pendencia_fix_precedencia,registro_remoto_sem_par_local_canonico,sem_par_local,,3b70150f602eadfc106c1c702e4522866152ddf3dc28a0ef78e5ac2beed6b752,,2931,registro existente em supabase_migrations.schema_migrations,created_by=contatosalf@gmail.com; statement_count=1
remote_only,,,20260712152529,vw_aderencia_registro_professor,registro_remoto_sem_par_local_canonico,sem_par_local,,a14d45ec7ea5e89cb25bf01120d6a4690b41f6c02b20ba9ec5d84e8a8100652b,,4429,registro existente em supabase_migrations.schema_migrations,created_by=contatosalf@gmail.com; statement_count=1
remote_only,,,20260712154732,separa_data_medicao_de_data_cobranca,registro_remoto_sem_par_local_canonico,sem_par_local,,65b1f3d627bcdbf35a521b5ca2f2f82edc522b2e28a3a4945e1ad1cc3f0a70a1,,4246,registro existente em supabase_migrations.schema_migrations,created_by=contatosalf@gmail.com; statement_count=1
remote_only,,,20260713092502,admin_provisionar_professor,registro_remoto_sem_par_local_canonico,sem_par_local,,14e15297e2e729061c2d804bc896d9843e264318491a23f727e50300c5eca9f8,,5103,registro existente em supabase_migrations.schema_migrations,created_by=contatosalf@gmail.com; statement_count=1
remote_only,,,20260713092619,admin_provisionar_professor_fix_unidade,registro_remoto_sem_par_local_canonico,sem_par_local,,be4429dea247c0ca71be7804d2f32f35d4102031415ec358dee17956e30fbedd,,4096,registro existente em supabase_migrations.schema_migrations,created_by=contatosalf@gmail.com; statement_count=1
remote_only,,,20260713101349,admin_reset_senha_e_bridge_whatsapp,registro_remoto_sem_par_local_canonico,sem_par_local,,c428078417a079e2ef58ed5e98e197bed6199725c0c8ba187a81e7aabe949d77,,3740,registro existente em supabase_migrations.schema_migrations,created_by=contatosalf@gmail.com; statement_count=1
remote_only,,,20260713102709,fn_professor_por_whatsapp_variantes_br,registro_remoto_sem_par_local_canonico,sem_par_local,,15724eaf858eb127d05be0f02ac2bc92e24260cd8ce8a86bc47389e9789721a8,,3082,registro existente em supabase_migrations.schema_migrations,created_by=contatosalf@gmail.com; statement_count=1
remote_only,,,20260713103232,onboarding_professor,registro_remoto_sem_par_local_canonico,sem_par_local,,6e1c06d54be03bacc1dc3b12fa54655180a86df0700cf852e865768ba3cf00d9,,4069,registro existente em supabase_migrations.schema_migrations,created_by=contatosalf@gmail.com; statement_count=1
remote_only,,,20260713170827,app_aluno_ficha_v4_vinculo_por_roster_ou_presenca,registro_remoto_sem_par_local_canonico,sem_par_local,,c9a1c3fa30146962df24b5aa32c8a98ca194d17fbb31bbe09909f5ea9dae97ab,,5472,registro existente em supabase_migrations.schema_migrations,created_by=contatosalf@gmail.com; statement_count=1
remote_only,,,20260713174831,fn_compor_texto_prontuario,registro_remoto_sem_par_local_canonico,sem_par_local,,e7513997b05c86f98435713c940b8fc25a291876118f0f937c02edf98acd9399,,2330,registro existente em supabase_migrations.schema_migrations,created_by=contatosalf@gmail.com; statement_count=1
remote_only,,,20260713174911,app_confirmar_registro_usa_texto_normalizado,registro_remoto_sem_par_local_canonico,sem_par_local,,bf2780aa2c0240c3e401eaf53e8d27e798da053ce8e8036da7a129242d1bc860,,4722,registro existente em supabase_migrations.schema_migrations,created_by=contatosalf@gmail.com; statement_count=1
remote_only,,,20260713182833,la_teacher_texto_prontuario_banco_canonico,registro_remoto_sem_par_local_canonico,sem_par_local,,4be5122c3fca5d021151dae26691bdcd404de59d42a1f66715b263fa762cd696,,6258,registro existente em supabase_migrations.schema_migrations,created_by=la.tecnology.system@gmail.com; statement_count=1
remote_only,,,20260713195358,aulas_emusys_campos_reagendamento,registro_remoto_sem_par_local_canonico,sem_par_local,,c73f762973e79ac81c1036cd5242e5e5eab53b2513f0ba879b06abae0786056b,,2334,registro existente em supabase_migrations.schema_migrations,created_by=contatosalf@gmail.com; statement_count=1
remote_only,,,20260713203113,app_registrar_presencas_aula_aceita_individual_standalone,registro_remoto_sem_par_local_canonico,sem_par_local,,469d57edaa7e8b9f6e94db37e902d6892586835a2cb23d7742b0706c32fe9720,,5297,registro existente em supabase_migrations.schema_migrations,created_by=contatosalf@gmail.com; statement_count=1
remote_only,,,20260713234106,app_historico_turma,registro_remoto_sem_par_local_canonico,sem_par_local,,a2519606ccd3fa93a2abd22dbf934e800ed926370a617c70a2a661fa450d1d04,,3570,registro existente em supabase_migrations.schema_migrations,created_by=contatosalf@gmail.com; statement_count=1
remote_only,,,20260713234518,app_historico_turma_v2_repertorio_por_aluno,registro_remoto_sem_par_local_canonico,sem_par_local,,405be33b763a5dbda0bb915b57b006ecb3dedbcc3ceb4c1cc1ac06300d58bdac,,4216,registro existente em supabase_migrations.schema_migrations,created_by=contatosalf@gmail.com; statement_count=1
remote_only,,,20260714000738,app_historico_turma_v3_dedup,registro_remoto_sem_par_local_canonico,sem_par_local,,47b59dea9e9fb61180c8ab502453f0f0f643c3e5f812dea0c5f86da301e1c2a1,,4241,registro existente em supabase_migrations.schema_migrations,created_by=contatosalf@gmail.com; statement_count=1
remote_only,,,20260714085526,fabio_chat_dual_channel,registro_remoto_sem_par_local_canonico,sem_par_local,,00bd4158253ddb6d2513e86d7b14e339a2a889baf9b45b24b1de2c61577de089,,3311,registro existente em supabase_migrations.schema_migrations,created_by=contatosalf@gmail.com; statement_count=1
remote_only,,,20260714141237,fabio_contexto_professor,registro_remoto_sem_par_local_canonico,sem_par_local,,eed930269ab309fd63e6b33560ada130294fe4ecbc6a1a37a19cb07c8f25713d,,4165,registro existente em supabase_migrations.schema_migrations,created_by=contatosalf@gmail.com; statement_count=1
remote_only,,,20260714160423,aulas_emusys_vinculo_professor_por_id,registro_remoto_sem_par_local_canonico,sem_par_local,,2fb852b7bf16286912cd40025e076797cb13a96689e6210a00d52640d048745a,,3029,registro existente em supabase_migrations.schema_migrations,created_by=contatosalf@gmail.com; statement_count=1
remote_only,,,20260714164727,corrige_identidade_professor_e_por_unidade,registro_remoto_sem_par_local_canonico,sem_par_local,,2592e145f9eeb341307ff6b4b00c9aaa1959fac21f44507997a74b99de7f3dd4,,2811,registro existente em supabase_migrations.schema_migrations,created_by=contatosalf@gmail.com; statement_count=1
remote_only,,,20260714191402,fabio_fase1_preferencias_professor,registro_remoto_sem_par_local_canonico,sem_par_local,,3f4711ca1458ffbbbf1eb7862559bbd2eb1059254cea6a57906d6cb9bd9929cb,,8340,registro existente em supabase_migrations.schema_migrations,created_by=contatosalf@gmail.com; statement_count=1
remote_only,,,20260714191522,fabio_fase1_revoga_anon,registro_remoto_sem_par_local_canonico,sem_par_local,,de955cb6f6b02e406f524fa33fc7c8462aac9dcb8f8e21811353c0e5b51636b6,,379,registro existente em supabase_migrations.schema_migrations,created_by=contatosalf@gmail.com; statement_count=1
remote_only,,,20260714191542,fabio_fase1_revoga_authenticated_das_rpcs_do_agente,registro_remoto_sem_par_local_canonico,sem_par_local,,4afe5286effc92e7cd640cde26a21ffa1247aa842700efb0b449585478182702,,190,registro existente em supabase_migrations.schema_migrations,created_by=contatosalf@gmail.com; statement_count=1
remote_only,,,20260714193708,fabio_notificacao_governanca_vs_informativa,registro_remoto_sem_par_local_canonico,sem_par_local,,3419b1e37bc9e0f37f48c55a2fa792f4bf2df48e0de2730d32a2f91fb0e1c2e2,,6049,registro existente em supabase_migrations.schema_migrations,created_by=contatosalf@gmail.com; statement_count=1
remote_only,,,20260714193732,remove_versao_antiga_fn_fabio_pode_notificar,registro_remoto_sem_par_local_canonico,sem_par_local,,261c697a3552f8e2e0f5ebfae2e2d84d3775469c5c25a9256587a9d5fcae0257,,647,registro existente em supabase_migrations.schema_migrations,created_by=contatosalf@gmail.com; statement_count=1
remote_only,,,20260714193758,remove_versao_antiga_app_atualizar_preferencia,registro_remoto_sem_par_local_canonico,sem_par_local,,0fe471e7e2fea53e49cee2f2f194d55c920e1c5fdd4549b4c0929a0ebab81d57,,758,registro existente em supabase_migrations.schema_migrations,created_by=contatosalf@gmail.com; statement_count=1
remote_only,,,20260714211434,fabio_notificacoes_schema,registro_remoto_sem_par_local_canonico,sem_par_local,,40a90fa4c16807f491d1d6274b434864f13755553e78cb982892fc22db2e206a,,2392,registro existente em supabase_migrations.schema_migrations,created_by=contatosalf@gmail.com; statement_count=1
remote_only,,,20260714211516,fabio_experimentais_e_briefing_matinal,registro_remoto_sem_par_local_canonico,sem_par_local,,7440b7030b99901bac14c5a6fa2cdcdaec239a972ba99742727abeaa2485ea96,,4849,registro existente em supabase_migrations.schema_migrations,created_by=contatosalf@gmail.com; statement_count=1
remote_only,,,20260714211634,fabio_briefing_matinal_fallback_legado,registro_remoto_sem_par_local_canonico,sem_par_local,,77a21be607f837f8dabff9b8413e1927b99ee9e388935242aededc001c6bbb81,,4137,registro existente em supabase_migrations.schema_migrations,created_by=contatosalf@gmail.com; statement_count=1
remote_only,,,20260714211754,fabio_briefing_matinal_vinculo_roster_ou_presenca,registro_remoto_sem_par_local_canonico,sem_par_local,,62e2208ddf31095ffb8e4fc4c9f5050d79adf3e14b5a67a0d4a3bd95619de759,,4244,registro existente em supabase_migrations.schema_migrations,created_by=contatosalf@gmail.com; statement_count=1
remote_only,,,20260714221718,fabio_notificacoes_dedup_pendencia_e_claim_rpc,registro_remoto_sem_par_local_canonico,sem_par_local,,6feae404b2614ad7f369efa2f26c040c46f8d42cd20365a47936b213130d4c2c,,2620,registro existente em supabase_migrations.schema_migrations,created_by=contatosalf@gmail.com; statement_count=1
remote_only,,,20260714224050,fabio_notificacoes_semantica_honesta_de_status,registro_remoto_sem_par_local_canonico,sem_par_local,,f2d3de2ef7a7636b04dfbc7dc9f213fcd4bcac650ea8bd8e32bbccabb0b40045,,3892,registro existente em supabase_migrations.schema_migrations,created_by=contatosalf@gmail.com; statement_count=1
remote_only,,,20260715013225,fabio_identidade_admin_whatsapp,registro_remoto_sem_par_local_canonico,sem_par_local,,28b919d1e0415e07af657fed97ec1e8a086bfbfe48fc2ca2178e2b789b52cfdc,,4605,registro existente em supabase_migrations.schema_migrations,created_by=contatosalf@gmail.com; statement_count=1
remote_only,,,20260715013623,fabio_admin_chat_identity_support,registro_remoto_sem_par_local_canonico,sem_par_local,,59e9a014572b6ada9a78307c652620c2b24e871f97373fe494afcd2097e76515,,1293,registro existente em supabase_migrations.schema_migrations,created_by=la.tecnology.system@gmail.com; statement_count=1
remote_only,,,20260715021724,fabio_contexto_admin_unidade_counts,registro_remoto_sem_par_local_canonico,sem_par_local,,321a49c5a058ba9c271991574375856b6907f2e31649d2588834ac7f49a8362f,,1583,registro existente em supabase_migrations.schema_migrations,created_by=la.tecnology.system@gmail.com; statement_count=1
remote_only,,,20260715093404,fabio_pente_fino_unidade_admin,registro_remoto_sem_par_local_canonico,sem_par_local,,a8c85f6bc50613349c0db5b8a02336c3631ed64381d8c2a65f84d85a90b1c7bc,,3937,registro existente em supabase_migrations.schema_migrations,created_by=contatosalf@gmail.com; statement_count=1
remote_only,,,20260715093544,fabio_pente_fino_janela_recente,registro_remoto_sem_par_local_canonico,sem_par_local,,8a5f106b1add259ebbc1abeefd39a30bbf8dcddea2d9f700be7d118a638c7d88,,3513,registro existente em supabase_migrations.schema_migrations,created_by=contatosalf@gmail.com; statement_count=1
remote_only,,,20260715095443,fabio_pente_fino_filtro_unidade_completo,registro_remoto_sem_par_local_canonico,sem_par_local,,f8d0ea82bfe0b89c9e10ead3ea9b4def18d60667931146156c91da97193fbe4f,,4121,registro existente em supabase_migrations.schema_migrations,created_by=contatosalf@gmail.com; statement_count=1
remote_only,,,20260715100156,fabio_pente_fino_mes_referencia_dinamico,registro_remoto_sem_par_local_canonico,sem_par_local,,d01a695655d702c5fd371757656d80dbabed88a561d91f5337ec262d3a391f39,,4045,registro existente em supabase_migrations.schema_migrations,created_by=contatosalf@gmail.com; statement_count=1
remote_only,,,20260715103905,fabio_pente_fino_correcoes_auditoria_codex,registro_remoto_sem_par_local_canonico,sem_par_local,,907d0d89a135b4339f8cee47e22f176ab3d1a8e257804bba7077770a0f79baf1,,8479,registro existente em supabase_migrations.schema_migrations,created_by=contatosalf@gmail.com; statement_count=1
remote_only,,,20260715104008,fabio_pente_fino_trava_sanidade_janela_fina,registro_remoto_sem_par_local_canonico,sem_par_local,,0c35ea005aca2a31a09d2deddf2db59e6c14de7c4180041897837d0090b6ee83,,6886,registro existente em supabase_migrations.schema_migrations,created_by=contatosalf@gmail.com; statement_count=1
remote_only,,,20260715104132,fabio_pente_fino_fix_contagem_pessoa,registro_remoto_sem_par_local_canonico,sem_par_local,,9ba4ac3b889b8f432d85287bd1bdea5ee5351255b1c3e082f0d80d4e49f6b7e8,,7024,registro existente em supabase_migrations.schema_migrations,created_by=contatosalf@gmail.com; statement_count=1
remote_only,,,20260715193629,indice_dedup_experimental_futuro,registro_remoto_sem_par_local_canonico,sem_par_local,,44b42b19fb311ff780993007b6b7c8ad6eda224a56ce43ee39a98c6a52d24682,,608,registro existente em supabase_migrations.schema_migrations,created_by=la.tecnology.system@gmail.com; statement_count=1
remote_only,,,20260715193809,registrar_experimental_on_conflict_futuro,registro_remoto_sem_par_local_canonico,sem_par_local,,5b11cf827c8f74eabe692984892af37708dba084be1cf6955a5f6b2ffd99f853,,6938,registro existente em supabase_migrations.schema_migrations,created_by=la.tecnology.system@gmail.com; statement_count=1
remote_only,,,20260716233743,perfil_comportamental_professores_v1,registro_remoto_sem_par_local_canonico,sem_par_local,,7211a42360993321f42aa1e79530ea45e0be4ce934b42f91275e3d1f2ebd5108,,3213,registro existente em supabase_migrations.schema_migrations,created_by=contatosalf@gmail.com; statement_count=1
remote_only,,,20260717232454,presenca_do_registro,registro_remoto_sem_par_local_canonico,sem_par_local,,49264444a3328773c8c8c242f888a08443fbc58afced0cdd2b06b63404e7337a,,14891,registro existente em supabase_migrations.schema_migrations,created_by=contatosalf@gmail.com; statement_count=1
remote_only,,,20260718113711,janela_3_dias,registro_remoto_sem_par_local_canonico,sem_par_local,,ae99129325949906e94b8325941a082e994c01eda105818902d8415ee0b9ffc5,,7397,registro existente em supabase_migrations.schema_migrations,created_by=contatosalf@gmail.com; statement_count=1
remote_only,,,20260718124305,retry_fila_janela_3_dias,registro_remoto_sem_par_local_canonico,sem_par_local,,b6f6d2ba2f4522a410677a4d8762c9e074e6c8119e3865347ef07b56240d89fa,,695,registro existente em supabase_migrations.schema_migrations,created_by=contatosalf@gmail.com; statement_count=1
remote_only,,,20260718163811,restore_grant_select_automacao_log_authenticated,registro_remoto_sem_par_local_canonico,sem_par_local,,f42a588b83f9e51b3fe7bdee3d0539aaa7350b9268ed3a631d063368c6817d1f,,664,registro existente em supabase_migrations.schema_migrations,created_by=la.tecnology.system@gmail.com; statement_count=1
remote_only,,,20260718170927,selo_honesto_presenca,registro_remoto_sem_par_local_canonico,sem_par_local,,83dc4adc23f625725b5c74c6c61b07a1308243439b6cefa156af1dc01787bcb7,,4504,registro existente em supabase_migrations.schema_migrations,created_by=contatosalf@gmail.com; statement_count=1
remote_only,,,20260718175711,vw_presenca_pendencia,registro_remoto_sem_par_local_canonico,sem_par_local,,a3b32e2b45866c60e7eb571fd39ff8d02ff11a75d13d49534f8f69201bcb2271,,2162,registro existente em supabase_migrations.schema_migrations,created_by=contatosalf@gmail.com; statement_count=1
remote_only,,,20260718194335,fabio_presencas_pendentes_professor,registro_remoto_sem_par_local_canonico,sem_par_local,,190cf6b351012ccd87352a29a43ee64dade093f5c5c8640b49a01307291c99bb,,2042,registro existente em supabase_migrations.schema_migrations,created_by=contatosalf@gmail.com; statement_count=1
remote_only,,,20260722155701,criar_leads_campanhas,registro_remoto_sem_par_local_canonico,sem_par_local,,fe6a3cd7716f6be8d58b37a5cf2aeef0eb1e9a3cc7f305afd388ed9db2b32712,,867,registro existente em supabase_migrations.schema_migrations,created_by=la.tecnology.system@gmail.com; statement_count=1
remote_only,,,20260722155821,upsert_lead_source_campanha,registro_remoto_sem_par_local_canonico,sem_par_local,,cb974165b17d8695274c2c8dfcb792a4319dccc1def66163315707c260ab0c54,,9997,registro existente em supabase_migrations.schema_migrations,created_by=la.tecnology.system@gmail.com; statement_count=1
remote_only,,,20260722165536,campanhas_limite_disparo,registro_remoto_sem_par_local_canonico,sem_par_local,,f1f941a582dcdb8695ffd0075b0bb2295a8bcba4bae4f7e094784d8f34173b75,,402,registro existente em supabase_migrations.schema_migrations,created_by=la.tecnology.system@gmail.com; statement_count=1
remote_only,,,20260722172005,agente_conversas_transferido_em,registro_remoto_sem_par_local_canonico,sem_par_local,,4eb48509fdda97addc8426727bbbda38a3a1db7d1b8bd1f6f5f1ae46b5f093a3,,434,registro existente em supabase_migrations.schema_migrations,created_by=la.tecnology.system@gmail.com; statement_count=1
remote_only,,,20260722190003,campanhas_custo_moeda,registro_remoto_sem_par_local_canonico,sem_par_local,,18bcf8640b7a8a3ddda6aa96f3ee8404b24848bbbd54da24011bbb780920ce3d,,73,registro existente em supabase_migrations.schema_migrations,created_by=la.tecnology.system@gmail.com; statement_count=1
remote_only,,,20260722200251,campanha_contatos_respondeu_e_rpc,registro_remoto_sem_par_local_canonico,sem_par_local,,e30bf6fdd7bfcd55e19e91d6a70c6ed03689d05eb6f93669e61e636bfeed82c0,,511,registro existente em supabase_migrations.schema_migrations,created_by=la.tecnology.system@gmail.com; statement_count=1
remote_only,,,20260727171758,sol_hermes_report_enqueue_rpc,registro_remoto_sem_par_local_canonico,sem_par_local,,f663240edb03f71edae978d11ecdb2f0f860430259523744c2a669d6b9417b20,,3548,registro existente em supabase_migrations.schema_migrations,created_by=la.tecnology.system@gmail.com; statement_count=1
remote_only,,,20260727172720,disable_comercial_auto_until_hermes_cron,registro_remoto_sem_par_local_canonico,sem_par_local,,4b2d1c0a431f34d3b9e268a02509f4938605898578f389e97c58a75a580820bd,,838,registro existente em supabase_migrations.schema_migrations,created_by=la.tecnology.system@gmail.com; statement_count=1
remote_only,,,20260727173652,enable_comercial_hermes_auto_queue,registro_remoto_sem_par_local_canonico,sem_par_local,,5725980481f5e7d4079117573c4329893c9283f348dffe5370ad804bf31ea30c,,5395,registro existente em supabase_migrations.schema_migrations,created_by=la.tecnology.system@gmail.com; statement_count=1
remote_only,,,20260727213016,sol_hermes_caixa_enqueue,registro_remoto_sem_par_local_canonico,sem_par_local,,e6109c788a934d71c35407cc389a5cf6f5f3e7df319f6de7f6887c5c807efaa1,,7376,registro existente em supabase_migrations.schema_migrations,created_by=la.tecnology.system@gmail.com; statement_count=1
remote_only,,,20260728201022,enable_rls_agente_grupos,registro_remoto_sem_par_local_canonico,sem_par_local,,b1419fe29705a3f80b096e34656cf7912703ee1411327e629bfb3960d9445377,,63,registro existente em supabase_migrations.schema_migrations,created_by=la.tecnology.system@gmail.com; statement_count=1
remote_only,,,20260728204058,criar_agente_canais_diretos,registro_remoto_sem_par_local_canonico,sem_par_local,,af01f77dcdc8a2e6fdc4f62a946f33016a8dd4361f142dd4a0131c53c7fafd07,,1411,registro existente em supabase_migrations.schema_migrations,created_by=la.tecnology.system@gmail.com; statement_count=1
remote_only,,,20260728204650,fix_revogar_public_execute_consultor_permitido,registro_remoto_sem_par_local_canonico,sem_par_local,,1c61f427989d0d0c20237d9d29cc079c66d5dcace8d751d6db37d6f6a62388bc,,88,registro existente em supabase_migrations.schema_migrations,created_by=la.tecnology.system@gmail.com; statement_count=1
remote_only,,,20260728214544,jornada_valor_mensalidade_emusys,registro_remoto_sem_par_local_canonico,sem_par_local,,ed680ad61c3647921ebddaa2db88c4b07f9a29304a636ea4706f6c3626cc21f3,,464,registro existente em supabase_migrations.schema_migrations,created_by=la.tecnology.system@gmail.com; statement_count=1
remote_only,,,20260728215300,jornada_desconto_condicional_emusys,registro_remoto_sem_par_local_canonico,sem_par_local,,87ea70167eda4ffa50df7f8e74f6761cfbbb1281d9e2e9d1f404ed9dda34bd5b,,580,registro existente em supabase_migrations.schema_migrations,created_by=la.tecnology.system@gmail.com; statement_count=1
remote_only,,,20260728221224,drop_jornada_colunas_valor_redundantes,registro_remoto_sem_par_local_canonico,sem_par_local,,b2773cbbdd63ad5e0490d29d58c90adac158c5f1b68042492c40572d38568a0c,,1262,registro existente em supabase_migrations.schema_migrations,created_by=la.tecnology.system@gmail.com; statement_count=1
remote_only,,,20260801170329,criar_aula_alunos,registro_remoto_sem_par_local_canonico,sem_par_local,,8410ff2763e860f485ba188e5d26555391d46a6966a2724c2246a2c969b8c334,,2177,registro existente em supabase_migrations.schema_migrations,created_by=la.tecnology.system@gmail.com; statement_count=1
remote_only,,,20260801170701,criar_get_agenda_dia,registro_remoto_sem_par_local_canonico,sem_par_local,,b0502e46360de750ab5f82031a3b3937f41e30dec4e41f7d9bdece63af97dd0f,,6119,registro existente em supabase_migrations.schema_migrations,created_by=la.tecnology.system@gmail.com; statement_count=1
remote_only,,,20260801171852,corrigir_get_agenda_dia_dedup_aluno,registro_remoto_sem_par_local_canonico,sem_par_local,,a180e4f747eb815776b22b9165b3a2a4277af07cb3caa59a5576ca6767a76797,,8135,registro existente em supabase_migrations.schema_migrations,created_by=la.tecnology.system@gmail.com; statement_count=1
remote_only,,,20260801172110,corrigir_get_agenda_dia_fanout_jornada,registro_remoto_sem_par_local_canonico,sem_par_local,,bd651c6a97f2c27d8ce020151aa4df2cfa408fee61d1fb9ab6732ff78b1fb151,,8734,registro existente em supabase_migrations.schema_migrations,created_by=la.tecnology.system@gmail.com; statement_count=1
remote_only,,,20260801175236,casar_aula_alunos_aluno_id,registro_remoto_sem_par_local_canonico,sem_par_local,,b9cfe6d50a1f93dfa1f87d56500f875fed79811830dc9e744b7174e4dc4dd65a,,1371,registro existente em supabase_migrations.schema_migrations,created_by=la.tecnology.system@gmail.com; statement_count=1
remote_only,,,20260802151956,briefing_matinal_campos_estruturados,registro_remoto_sem_par_local_canonico,sem_par_local,,df5ab59e596f48bae38cd1aca3d4cefd4832f95704e0e1266ca5ef3b4a44bd0e,,5815,registro existente em supabase_migrations.schema_migrations,created_by=contatosalf@gmail.com; statement_count=1
remote_only,,,20260802161200,briefing_trabalho_feito_fallback_texto_legado,registro_remoto_sem_par_local_canonico,sem_par_local,,37d33015377af1c7fca072dd019f36480b8bd953859adeaae2109e082e17217d,,5993,registro existente em supabase_migrations.schema_migrations,created_by=contatosalf@gmail.com; statement_count=1
remote_only,,,20260803121135,fabio_notificacoes_trava_por_canal,registro_remoto_sem_par_local_canonico,sem_par_local,,ad3e9db8d960fe7d0c42af5534745a2003b6c93dd07eea3fe16acc4a8cb65940,,1124,registro existente em supabase_migrations.schema_migrations,created_by=contatosalf@gmail.com; statement_count=1
remote_only,,,20260803121321,fabio_claim_notificacao_conflito_por_canal,registro_remoto_sem_par_local_canonico,sem_par_local,,b221001832f134e4112cfa5dc3eb0647a8e957ca396caa647b611a637d7e8649,,1661,registro existente em supabase_migrations.schema_migrations,created_by=contatosalf@gmail.com; statement_count=1
remote_only,,,20260803173020,018_notificacoes_lease_e_referencia,registro_remoto_sem_par_local_canonico,sem_par_local,,11d0354db6f6dab4629e74e4bf68cc1657c84e19ac8d5e331ca198c00fcf15b7,,8563,registro existente em supabase_migrations.schema_migrations,created_by=contatosalf@gmail.com; statement_count=1
remote_only,,,20260803173053,018b_revoga_execute_publico_notificacoes,registro_remoto_sem_par_local_canonico,sem_par_local,,17ee839d3895513860c70e84c02223d1cd42a7115a49e565ed3cd337fde955e8,,1488,registro existente em supabase_migrations.schema_migrations,created_by=contatosalf@gmail.com; statement_count=1
remote_only,,,20260803175004,019_presenca_declarada_e_pendencia_por_alvo,registro_remoto_sem_par_local_canonico,sem_par_local,,85ebf0af42d85642765a15e8ef30a18ff9e47f026dbf88a8b8cf91bcda398647,,8708,registro existente em supabase_migrations.schema_migrations,created_by=contatosalf@gmail.com; statement_count=1
remote_only,,,20260803181415,020_devolutiva_aula_fila_e_skill,registro_remoto_sem_par_local_canonico,sem_par_local,,cd05611c75225762bfcf2f67730b5a7758c35face2b62b7e7fe3a9ad30134a13,,10826,registro existente em supabase_migrations.schema_migrations,created_by=contatosalf@gmail.com; statement_count=1
remote_only,,,20260803181558,020b_liga_o_gancho_da_devolutiva,registro_remoto_sem_par_local_canonico,sem_par_local,,2befcd1d873a5105e24d01ef611006b8360d5566b1cf446beffcbdb13b172db0,,5205,registro existente em supabase_migrations.schema_migrations,created_by=contatosalf@gmail.com; statement_count=1
remote_only,,,20260803181743,020c_contexto_da_devolutiva,registro_remoto_sem_par_local_canonico,sem_par_local,,61f7c4241626198c9f9e06c15ef8d6d64d04c1f86377276acd922b7c271c7630,,3247,registro existente em supabase_migrations.schema_migrations,created_by=contatosalf@gmail.com; statement_count=1
remote_only,,,20260803182016,020d_devolver_lease_do_ensaio,registro_remoto_sem_par_local_canonico,sem_par_local,,deb234cc40755fc6b296b86d819779962eeb214cca1f819d08a7c9275b4c43e0,,1425,registro existente em supabase_migrations.schema_migrations,created_by=contatosalf@gmail.com; statement_count=1
remote_only,,,20260803185526,020e_retomar_lease_vencido,registro_remoto_sem_par_local_canonico,sem_par_local,,f287c5718e3e42e104ed86506f15aaf3552955da671c7cbd442d5d6818ea652b,,2812,registro existente em supabase_migrations.schema_migrations,created_by=contatosalf@gmail.com; statement_count=1
remote_only,,,20260803193056,relatorios_coordenacao_periodicidade_canonica_20260803,registro_remoto_sem_par_local_canonico,sem_par_local,,46c908c7096eb1e7b22b6ce765827ed2db00f69e785fd33e04fb2e6b8020e2a8,,23668,registro existente em supabase_migrations.schema_migrations,created_by=la.tecnology.system@gmail.com; statement_count=1
remote_only,,,20260803204642,corrige_data_nascimento_divergente_do_emusys,registro_remoto_sem_par_local_canonico,sem_par_local,,f082ef846091c365a93a848b93223bb51d015ff6ea3a3692c0c1f593b8c6fc3d,,2288,registro existente em supabase_migrations.schema_migrations,created_by=contatosalf@gmail.com; statement_count=1
remote_only,,,20260803212000,corrige_nascimento_ana_julia_conferido_ao_vivo,registro_remoto_sem_par_local_canonico,sem_par_local,,8081e33b345977051b4e7bff595d1560698dfcb3428174ae5210f497a2767199,,1007,registro existente em supabase_migrations.schema_migrations,created_by=contatosalf@gmail.com; statement_count=1
remote_only,,,20260803212727,backfill_emusys_student_id_do_snapshot,registro_remoto_sem_par_local_canonico,sem_par_local,,b1eb8a2915d31ddfc48dc7952c1149551dc783ab352158e36b0fb608652ddde3,,1519,registro existente em supabase_migrations.schema_migrations,created_by=la.tecnology.system@gmail.com; statement_count=1
remote_only,,,20260803213506,devolutiva_oferta_ao_professor,registro_remoto_sem_par_local_canonico,sem_par_local,,1aa6177168aa3e0aa092357e6f18c05ffe7870eb6a33fc42da915ec4068a2556,,2829,registro existente em supabase_migrations.schema_migrations,created_by=contatosalf@gmail.com; statement_count=1
remote_only,,,20260803214814,devolutiva_tela_do_professor,registro_remoto_sem_par_local_canonico,sem_par_local,,03d86527f159018e7ac89641e94462f941ed0d6e916e5fa91f2b530e3e509e4a,,4840,registro existente em supabase_migrations.schema_migrations,created_by=contatosalf@gmail.com; statement_count=1
remote_only,,,20260803215642,corrigir_data_nascimento_maria_eduarda_pery,registro_remoto_sem_par_local_canonico,sem_par_local,,0ea36c476331e258a3feedbf8f2ad5aa5fd81b49069448dbdfd1e416bf2f3bb7,,833,registro existente em supabase_migrations.schema_migrations,created_by=la.tecnology.system@gmail.com; statement_count=1
remote_only,,,20260803221618,conciliacao_atributo_data_nascimento,registro_remoto_sem_par_local_canonico,sem_par_local,,fed82634fec7acdedc6c3eaeb4b7c9e4703407c66bb92659ed4d880ad80faa1f,,8490,registro existente em supabase_migrations.schema_migrations,created_by=la.tecnology.system@gmail.com; statement_count=1
remote_only,,,20260803221717,devolutiva_destinatario_e_entrega_incerta,registro_remoto_sem_par_local_canonico,sem_par_local,,b961966780037cc14e6c60c7da938b6a86e5ca6328c13641e2e2ec17fcd7dcd8,,9652,registro existente em supabase_migrations.schema_migrations,created_by=contatosalf@gmail.com; statement_count=1
remote_only,,,20260803221949,movimentacoes_admin_emusys_aviso_previo_id,registro_remoto_sem_par_local_canonico,sem_par_local,,8a0953abdbbfc53d34930b9871b0f90dcf6bcb714c53816fd5a3c2c8f06207f7,,621,registro existente em supabase_migrations.schema_migrations,created_by=la.tecnology.system@gmail.com; statement_count=1
